# Blender 4.1.1
# www.blender.org
mtllib Console.mtl
o commandes
v 0.287296 3.390485 -1.799226
v 0.287296 3.390485 -1.799226
v 0.287296 3.390485 -1.799226
v 0.213536 3.396733 -1.798708
v 0.213536 3.396733 -1.798708
v 0.213536 3.396733 -1.798708
v 0.287812 3.390535 -1.726328
v 0.287812 3.390535 -1.726328
v 0.287812 3.390535 -1.726328
v 0.214052 3.396783 -1.725811
v 0.214052 3.396783 -1.725811
v 0.214052 3.396783 -1.725811
v 0.279076 3.407625 -1.789473
v 0.279076 3.407625 -1.789473
v 0.279076 3.407625 -1.789473
v 0.279454 3.407662 -1.735986
v 0.279454 3.407662 -1.735986
v 0.279454 3.407662 -1.735986
v 0.224657 3.412235 -1.789092
v 0.224657 3.412235 -1.789092
v 0.224657 3.412235 -1.789092
v 0.225035 3.412271 -1.735605
v 0.225035 3.412271 -1.735605
v 0.225035 3.412271 -1.735605
v 0.210050 3.397028 -1.798684
v 0.210050 3.397028 -1.798684
v 0.210050 3.397028 -1.798684
v 0.136290 3.403275 -1.798167
v 0.136290 3.403275 -1.798167
v 0.136290 3.403275 -1.798167
v 0.210566 3.397078 -1.725786
v 0.210566 3.397078 -1.725786
v 0.210566 3.397078 -1.725786
v 0.136806 3.403326 -1.725269
v 0.136806 3.403326 -1.725269
v 0.136806 3.403326 -1.725269
v 0.201830 3.414168 -1.788932
v 0.201830 3.414168 -1.788932
v 0.201830 3.414168 -1.788932
v 0.202208 3.414205 -1.735444
v 0.202208 3.414205 -1.735444
v 0.202208 3.414205 -1.735444
v 0.147411 3.418778 -1.788550
v 0.147411 3.418778 -1.788550
v 0.147411 3.418778 -1.788550
v 0.147789 3.418815 -1.735063
v 0.147789 3.418815 -1.735063
v 0.147789 3.418815 -1.735063
v 0.207864 3.397111 -1.877827
v 0.207864 3.397111 -1.877827
v 0.207864 3.397111 -1.877827
v 0.134104 3.403359 -1.877310
v 0.134104 3.403359 -1.877310
v 0.134104 3.403359 -1.877310
v 0.208380 3.397161 -1.804929
v 0.208380 3.397161 -1.804929
v 0.208380 3.397161 -1.804929
v 0.134619 3.403409 -1.804412
v 0.134619 3.403409 -1.804412
v 0.134619 3.403409 -1.804412
v 0.199644 3.414251 -1.868075
v 0.199644 3.414251 -1.868075
v 0.199644 3.414251 -1.868075
v 0.200022 3.414288 -1.814588
v 0.200022 3.414288 -1.814588
v 0.200022 3.414288 -1.814588
v 0.145225 3.418861 -1.867693
v 0.145225 3.418861 -1.867693
v 0.145225 3.418861 -1.867693
v 0.145603 3.418898 -1.814206
v 0.145603 3.418898 -1.814206
v 0.145603 3.418898 -1.814206
v 0.286736 3.390430 -1.878380
v 0.286736 3.390430 -1.878380
v 0.286736 3.390430 -1.878380
v 0.212976 3.396678 -1.877863
v 0.212976 3.396678 -1.877863
v 0.212976 3.396678 -1.877863
v 0.287252 3.390480 -1.805483
v 0.287252 3.390480 -1.805483
v 0.287252 3.390480 -1.805483
v 0.213492 3.396728 -1.804965
v 0.213492 3.396728 -1.804965
v 0.213492 3.396728 -1.804965
v 0.278516 3.407570 -1.868628
v 0.278516 3.407570 -1.868628
v 0.278516 3.407570 -1.868628
v 0.278895 3.407607 -1.815141
v 0.278895 3.407607 -1.815141
v 0.278895 3.407607 -1.815141
v 0.224097 3.412180 -1.868246
v 0.224097 3.412180 -1.868246
v 0.224097 3.412180 -1.868246
v 0.224476 3.412217 -1.814759
v 0.224476 3.412217 -1.814759
v 0.224476 3.412217 -1.814759
v 0.283749 3.390583 -1.955886
v 0.283749 3.390583 -1.955886
v 0.283749 3.390583 -1.955886
v 0.209989 3.396831 -1.955369
v 0.209989 3.396831 -1.955369
v 0.209989 3.396831 -1.955369
v 0.284265 3.390633 -1.882988
v 0.284265 3.390633 -1.882988
v 0.284265 3.390633 -1.882988
v 0.210504 3.396881 -1.882471
v 0.210504 3.396881 -1.882471
v 0.210504 3.396881 -1.882471
v 0.275529 3.407723 -1.946134
v 0.275529 3.407723 -1.946134
v 0.275529 3.407723 -1.946134
v 0.275907 3.407760 -1.892646
v 0.275907 3.407760 -1.892646
v 0.275907 3.407760 -1.892646
v 0.221109 3.412333 -1.945752
v 0.221109 3.412333 -1.945752
v 0.221109 3.412333 -1.945752
v 0.221488 3.412370 -1.892265
v 0.221488 3.412370 -1.892265
v 0.221488 3.412370 -1.892265
v 0.206497 3.397126 -1.956160
v 0.206497 3.397126 -1.956160
v 0.206497 3.397126 -1.956160
v 0.132737 3.403373 -1.955643
v 0.132737 3.403373 -1.955643
v 0.132737 3.403373 -1.955643
v 0.207012 3.397176 -1.883262
v 0.207012 3.397176 -1.883262
v 0.207012 3.397176 -1.883262
v 0.133252 3.403424 -1.882745
v 0.133252 3.403424 -1.882745
v 0.133252 3.403424 -1.882745
v 0.198277 3.414266 -1.946408
v 0.198277 3.414266 -1.946408
v 0.198277 3.414266 -1.946408
v 0.198655 3.414303 -1.892921
v 0.198655 3.414303 -1.892921
v 0.198655 3.414303 -1.892921
v 0.143858 3.418875 -1.946027
v 0.143858 3.418875 -1.946027
v 0.143858 3.418875 -1.946027
v 0.144236 3.418912 -1.892539
v 0.144236 3.418912 -1.892539
v 0.144236 3.418912 -1.892539
v 0.110515 3.405249 -1.960383
v 0.110515 3.405249 -1.960383
v 0.110515 3.405249 -1.960383
v 0.036755 3.411497 -1.959866
v 0.036755 3.411497 -1.959866
v 0.036755 3.411497 -1.959866
v 0.111030 3.405300 -1.887486
v 0.111030 3.405300 -1.887486
v 0.111030 3.405300 -1.887486
v 0.037270 3.411548 -1.886968
v 0.037270 3.411548 -1.886968
v 0.037270 3.411548 -1.886968
v 0.102295 3.422390 -1.950631
v 0.102295 3.422390 -1.950631
v 0.102295 3.422390 -1.950631
v 0.102673 3.422427 -1.897144
v 0.102673 3.422427 -1.897144
v 0.102673 3.422427 -1.897144
v 0.047876 3.426999 -1.950250
v 0.047876 3.426999 -1.950250
v 0.047876 3.426999 -1.950250
v 0.048254 3.427036 -1.896762
v 0.048254 3.427036 -1.896762
v 0.048254 3.427036 -1.896762
v 0.109459 3.405443 -1.879585
v 0.109459 3.405443 -1.879585
v 0.109459 3.405443 -1.879585
v 0.035700 3.411691 -1.879068
v 0.035700 3.411691 -1.879068
v 0.035700 3.411691 -1.879068
v 0.109975 3.405493 -1.806687
v 0.109975 3.405493 -1.806687
v 0.109975 3.405493 -1.806687
v 0.036215 3.411741 -1.806170
v 0.036215 3.411741 -1.806170
v 0.036215 3.411741 -1.806170
v 0.101239 3.422583 -1.869833
v 0.101239 3.422583 -1.869833
v 0.101239 3.422583 -1.869833
v 0.101618 3.422620 -1.816346
v 0.101618 3.422620 -1.816346
v 0.101618 3.422620 -1.816346
v 0.046820 3.427193 -1.869451
v 0.046820 3.427193 -1.869451
v 0.046820 3.427193 -1.869451
v 0.047199 3.427230 -1.815964
v 0.047199 3.427230 -1.815964
v 0.047199 3.427230 -1.815964
v 0.109224 3.405568 -1.797977
v 0.109224 3.405568 -1.797977
v 0.109224 3.405568 -1.797977
v 0.035463 3.411816 -1.797459
v 0.035463 3.411816 -1.797459
v 0.035463 3.411816 -1.797459
v 0.109739 3.405618 -1.725079
v 0.109739 3.405618 -1.725079
v 0.109739 3.405618 -1.725079
v 0.035979 3.411866 -1.724561
v 0.035979 3.411866 -1.724561
v 0.035979 3.411866 -1.724561
v 0.101003 3.422709 -1.788224
v 0.101003 3.422709 -1.788224
v 0.101003 3.422709 -1.788224
v 0.101382 3.422745 -1.734737
v 0.101382 3.422745 -1.734737
v 0.101382 3.422745 -1.734737
v 0.046584 3.427318 -1.787843
v 0.046584 3.427318 -1.787843
v 0.046584 3.427318 -1.787843
v 0.046963 3.427355 -1.734356
v 0.046963 3.427355 -1.734356
v 0.046963 3.427355 -1.734356
v 0.120222 3.405219 -1.346605
v 0.120222 3.405219 -1.346605
v 0.120222 3.405219 -1.346605
v 0.046462 3.411467 -1.346087
v 0.046462 3.411467 -1.346087
v 0.046462 3.411467 -1.346087
v 0.120738 3.405269 -1.273707
v 0.120738 3.405269 -1.273707
v 0.120738 3.405269 -1.273707
v 0.046977 3.411517 -1.273189
v 0.046977 3.411517 -1.273189
v 0.046977 3.411517 -1.273189
v 0.112001 3.422359 -1.336853
v 0.112001 3.422359 -1.336853
v 0.112001 3.422359 -1.336853
v 0.112380 3.422396 -1.283365
v 0.112380 3.422396 -1.283365
v 0.112380 3.422396 -1.283365
v 0.057582 3.426969 -1.336471
v 0.057582 3.426969 -1.336471
v 0.057582 3.426969 -1.336471
v 0.057961 3.427006 -1.282984
v 0.057961 3.427006 -1.282984
v 0.057961 3.427006 -1.282984
v 0.119848 3.405360 -1.261404
v 0.119848 3.405360 -1.261404
v 0.119848 3.405360 -1.261404
v 0.046088 3.411608 -1.260887
v 0.046088 3.411608 -1.260887
v 0.046088 3.411608 -1.260887
v 0.120364 3.405411 -1.188506
v 0.120364 3.405411 -1.188506
v 0.120364 3.405411 -1.188506
v 0.046604 3.411659 -1.187989
v 0.046604 3.411659 -1.187989
v 0.046604 3.411659 -1.187989
v 0.111628 3.422501 -1.251652
v 0.111628 3.422501 -1.251652
v 0.111628 3.422501 -1.251652
v 0.112007 3.422538 -1.198165
v 0.112007 3.422538 -1.198165
v 0.112007 3.422538 -1.198165
v 0.057209 3.427110 -1.251271
v 0.057209 3.427110 -1.251271
v 0.057209 3.427110 -1.251271
v 0.057588 3.427147 -1.197783
v 0.057588 3.427147 -1.197783
v 0.057588 3.427147 -1.197783
v 0.121386 3.405332 -1.182093
v 0.121386 3.405332 -1.182093
v 0.121386 3.405332 -1.182093
v 0.047625 3.411580 -1.181576
v 0.047625 3.411580 -1.181576
v 0.047625 3.411580 -1.181576
v 0.121901 3.405383 -1.109195
v 0.121901 3.405383 -1.109195
v 0.121901 3.405383 -1.109195
v 0.048140 3.411631 -1.108678
v 0.048140 3.411631 -1.108678
v 0.048140 3.411631 -1.108678
v 0.113165 3.422473 -1.172341
v 0.113165 3.422473 -1.172341
v 0.113165 3.422473 -1.172341
v 0.113543 3.422510 -1.118854
v 0.113543 3.422510 -1.118854
v 0.113543 3.422510 -1.118854
v 0.058746 3.427082 -1.171959
v 0.058746 3.427082 -1.171959
v 0.058746 3.427082 -1.171959
v 0.059124 3.427119 -1.118472
v 0.059124 3.427119 -1.118472
v 0.059124 3.427119 -1.118472
v 0.122002 3.405393 -1.094941
v 0.122002 3.405393 -1.094941
v 0.122002 3.405393 -1.094941
v 0.048241 3.411640 -1.094424
v 0.048241 3.411640 -1.094424
v 0.048241 3.411640 -1.094424
v 0.122517 3.405443 -1.022044
v 0.122517 3.405443 -1.022044
v 0.122517 3.405443 -1.022044
v 0.048756 3.411691 -1.021526
v 0.048756 3.411691 -1.021526
v 0.048756 3.411691 -1.021526
v 0.113781 3.422533 -1.085189
v 0.113781 3.422533 -1.085189
v 0.113781 3.422533 -1.085189
v 0.114159 3.422570 -1.031702
v 0.114159 3.422570 -1.031702
v 0.114159 3.422570 -1.031702
v 0.059362 3.427143 -1.084808
v 0.059362 3.427143 -1.084808
v 0.059362 3.427143 -1.084808
v 0.059740 3.427180 -1.031320
v 0.059740 3.427180 -1.031320
v 0.059740 3.427180 -1.031320
v 0.224761 3.397348 -0.583941
v 0.224761 3.397348 -0.583941
v 0.224761 3.397348 -0.583941
v 0.151001 3.403596 -0.583423
v 0.151001 3.403596 -0.583423
v 0.151001 3.403596 -0.583423
v 0.225277 3.397398 -0.511043
v 0.225277 3.397398 -0.511043
v 0.225277 3.397398 -0.511043
v 0.151516 3.403646 -0.510525
v 0.151516 3.403646 -0.510525
v 0.151516 3.403646 -0.510525
v 0.216541 3.414489 -0.574188
v 0.216541 3.414489 -0.574188
v 0.216541 3.414489 -0.574188
v 0.216919 3.414526 -0.520701
v 0.216919 3.414526 -0.520701
v 0.216919 3.414526 -0.520701
v 0.162122 3.419098 -0.573807
v 0.162122 3.419098 -0.573807
v 0.162122 3.419098 -0.573807
v 0.162500 3.419135 -0.520319
v 0.162500 3.419135 -0.520319
v 0.162500 3.419135 -0.520319
v 0.541389 3.370507 -0.602851
v 0.541389 3.370507 -0.602851
v 0.541389 3.370507 -0.602851
v 0.467629 3.376755 -0.602333
v 0.467629 3.376755 -0.602333
v 0.467629 3.376755 -0.602333
v 0.541974 3.370564 -0.520078
v 0.541974 3.370564 -0.520078
v 0.541974 3.370564 -0.520078
v 0.468214 3.376812 -0.519561
v 0.468214 3.376812 -0.519561
v 0.468214 3.376812 -0.519561
v 0.533178 3.387648 -0.591784
v 0.533178 3.387648 -0.591784
v 0.533178 3.387648 -0.591784
v 0.533608 3.387690 -0.531051
v 0.533608 3.387690 -0.531051
v 0.533608 3.387690 -0.531051
v 0.478759 3.392258 -0.591402
v 0.478759 3.392258 -0.591402
v 0.478759 3.392258 -0.591402
v 0.479189 3.392300 -0.530669
v 0.479189 3.392300 -0.530669
v 0.479189 3.392300 -0.530669
v 0.539349 3.370555 -0.699642
v 0.539349 3.370555 -0.699642
v 0.539349 3.370555 -0.699642
v 0.465589 3.376803 -0.699125
v 0.465589 3.376803 -0.699125
v 0.465589 3.376803 -0.699125
v 0.539967 3.370615 -0.612314
v 0.539967 3.370615 -0.612314
v 0.539967 3.370615 -0.612314
v 0.466206 3.376863 -0.611797
v 0.466206 3.376863 -0.611797
v 0.466206 3.376863 -0.611797
v 0.531143 3.387697 -0.687969
v 0.531143 3.387697 -0.687969
v 0.531143 3.387697 -0.687969
v 0.531596 3.387741 -0.623894
v 0.531596 3.387741 -0.623894
v 0.531596 3.387741 -0.623894
v 0.476724 3.392306 -0.687587
v 0.476724 3.392306 -0.687587
v 0.476724 3.392306 -0.687587
v 0.477177 3.392350 -0.623512
v 0.477177 3.392350 -0.623512
v 0.477177 3.392350 -0.623512
v 0.537907 3.370538 -0.807761
v 0.537907 3.370538 -0.807761
v 0.537907 3.370538 -0.807761
v 0.464147 3.376785 -0.807243
v 0.464147 3.376785 -0.807243
v 0.464147 3.376785 -0.807243
v 0.538525 3.370598 -0.720433
v 0.538525 3.370598 -0.720433
v 0.538525 3.370598 -0.720433
v 0.464764 3.376846 -0.719916
v 0.464764 3.376846 -0.719916
v 0.464764 3.376846 -0.719916
v 0.529700 3.387679 -0.796088
v 0.529700 3.387679 -0.796088
v 0.529700 3.387679 -0.796088
v 0.530153 3.387723 -0.732013
v 0.530153 3.387723 -0.732013
v 0.530153 3.387723 -0.732013
v 0.475282 3.392289 -0.795706
v 0.475282 3.392289 -0.795706
v 0.475282 3.392289 -0.795706
v 0.475735 3.392333 -0.731631
v 0.475735 3.392333 -0.731631
v 0.475735 3.392333 -0.731631
v 0.530728 3.370379 -1.402508
v 0.530728 3.370379 -1.402508
v 0.530728 3.370379 -1.402508
v 0.456967 3.376626 -1.401991
v 0.456967 3.376626 -1.401991
v 0.456967 3.376626 -1.401991
v 0.531345 3.370439 -1.315181
v 0.531345 3.370439 -1.315181
v 0.531345 3.370439 -1.315181
v 0.457585 3.376687 -1.314664
v 0.457585 3.376687 -1.314664
v 0.457585 3.376687 -1.314664
v 0.522521 3.387520 -1.390835
v 0.522521 3.387520 -1.390835
v 0.522521 3.387520 -1.390835
v 0.522974 3.387565 -1.326760
v 0.522974 3.387565 -1.326760
v 0.522974 3.387565 -1.326760
v 0.468102 3.392130 -1.390454
v 0.468102 3.392130 -1.390454
v 0.468102 3.392130 -1.390454
v 0.468555 3.392174 -1.326379
v 0.468555 3.392174 -1.326379
v 0.468555 3.392174 -1.326379
v 0.529035 3.370385 -1.508755
v 0.529035 3.370385 -1.508755
v 0.529035 3.370385 -1.508755
v 0.455275 3.376633 -1.508238
v 0.455275 3.376633 -1.508238
v 0.455275 3.376633 -1.508238
v 0.529652 3.370445 -1.421428
v 0.529652 3.370445 -1.421428
v 0.529652 3.370445 -1.421428
v 0.455892 3.376693 -1.420911
v 0.455892 3.376693 -1.420911
v 0.455892 3.376693 -1.420911
v 0.520828 3.387527 -1.497082
v 0.520828 3.387527 -1.497082
v 0.520828 3.387527 -1.497082
v 0.521281 3.387571 -1.433008
v 0.521281 3.387571 -1.433008
v 0.521281 3.387571 -1.433008
v 0.466409 3.392136 -1.496701
v 0.466409 3.392136 -1.496701
v 0.466409 3.392136 -1.496701
v 0.466862 3.392180 -1.432626
v 0.466862 3.392180 -1.432626
v 0.466862 3.392180 -1.432626
v 0.522730 3.371259 -1.701101
v 0.522730 3.371259 -1.701101
v 0.522730 3.371259 -1.701101
v 0.454252 3.377059 -1.700621
v 0.454252 3.377059 -1.700621
v 0.454252 3.377059 -1.700621
v 0.523304 3.371315 -1.620027
v 0.523304 3.371315 -1.620027
v 0.523304 3.371315 -1.620027
v 0.454825 3.377115 -1.619547
v 0.454825 3.377115 -1.619547
v 0.454825 3.377115 -1.619547
v 0.515111 3.387173 -1.690264
v 0.515111 3.387173 -1.690264
v 0.515111 3.387173 -1.690264
v 0.515532 3.387214 -1.630778
v 0.515532 3.387214 -1.630778
v 0.515532 3.387214 -1.630778
v 0.464589 3.391453 -1.689910
v 0.464589 3.391453 -1.689910
v 0.464589 3.391453 -1.689910
v 0.465010 3.391494 -1.630423
v 0.465010 3.391494 -1.630423
v 0.465010 3.391494 -1.630423
v 0.524853 3.371209 -1.600524
v 0.524853 3.371209 -1.600524
v 0.524853 3.371209 -1.600524
v 0.456375 3.377009 -1.600044
v 0.456375 3.377009 -1.600044
v 0.456375 3.377009 -1.600044
v 0.525427 3.371265 -1.519450
v 0.525427 3.371265 -1.519450
v 0.525427 3.371265 -1.519450
v 0.456948 3.377065 -1.518970
v 0.456948 3.377065 -1.518970
v 0.456948 3.377065 -1.518970
v 0.517234 3.387123 -1.589687
v 0.517234 3.387123 -1.589687
v 0.517234 3.387123 -1.589687
v 0.517655 3.387164 -1.530201
v 0.517655 3.387164 -1.530201
v 0.517655 3.387164 -1.530201
v 0.466712 3.391403 -1.589333
v 0.466712 3.391403 -1.589333
v 0.466712 3.391403 -1.589333
v 0.467133 3.391444 -1.529846
v 0.467133 3.391444 -1.529846
v 0.467133 3.391444 -1.529846
v 0.283618 3.391517 -1.696079
v 0.283618 3.391517 -1.696079
v 0.283618 3.391517 -1.696079
v 0.215140 3.397318 -1.695599
v 0.215140 3.397318 -1.695599
v 0.215140 3.397318 -1.695599
v 0.284336 3.391587 -1.594608
v 0.284336 3.391587 -1.594608
v 0.284336 3.391587 -1.594608
v 0.215858 3.397388 -1.594128
v 0.215858 3.397388 -1.594128
v 0.215858 3.397388 -1.594128
v 0.276019 3.407434 -1.682526
v 0.276019 3.407434 -1.682526
v 0.276019 3.407434 -1.682526
v 0.276545 3.407485 -1.608074
v 0.276545 3.407485 -1.608074
v 0.276545 3.407485 -1.608074
v 0.225497 3.411713 -1.682172
v 0.225497 3.411713 -1.682172
v 0.225497 3.411713 -1.682172
v 0.226023 3.411764 -1.607720
v 0.226023 3.411764 -1.607720
v 0.226023 3.411764 -1.607720
v 0.302370 3.391315 -0.621464
v 0.302370 3.391315 -0.621464
v 0.302370 3.391315 -0.621464
v 0.233892 3.397115 -0.620984
v 0.233892 3.397115 -0.620984
v 0.233892 3.397115 -0.620984
v 0.303088 3.391385 -0.519993
v 0.303088 3.391385 -0.519993
v 0.303088 3.391385 -0.519993
v 0.234609 3.397185 -0.519513
v 0.234609 3.397185 -0.519513
v 0.234609 3.397185 -0.519513
v 0.294770 3.407231 -0.607911
v 0.294770 3.407231 -0.607911
v 0.294770 3.407231 -0.607911
v 0.295296 3.407283 -0.533459
v 0.295296 3.407283 -0.533459
v 0.295296 3.407283 -0.533459
v 0.244248 3.411510 -0.607557
v 0.244248 3.411510 -0.607557
v 0.244248 3.411510 -0.607557
v 0.244774 3.411562 -0.533105
v 0.244774 3.411562 -0.533105
v 0.244774 3.411562 -0.533105
v 0.207412 3.397978 -1.691030
v 0.207412 3.397978 -1.691030
v 0.207412 3.397978 -1.691030
v 0.138934 3.403779 -1.690550
v 0.138934 3.403779 -1.690550
v 0.138934 3.403779 -1.690550
v 0.208392 3.398074 -1.552482
v 0.208392 3.398074 -1.552482
v 0.208392 3.398074 -1.552482
v 0.139914 3.403874 -1.552002
v 0.139914 3.403874 -1.552002
v 0.139914 3.403874 -1.552002
v 0.199847 3.413898 -1.672541
v 0.199847 3.413898 -1.672541
v 0.199847 3.413898 -1.672541
v 0.200566 3.413968 -1.570884
v 0.200566 3.413968 -1.570884
v 0.200566 3.413968 -1.570884
v 0.149325 3.418177 -1.672186
v 0.149325 3.418177 -1.672186
v 0.149325 3.418177 -1.672186
v 0.150044 3.418247 -1.570530
v 0.150044 3.418247 -1.570530
v 0.150044 3.418247 -1.570530
v 0.363753 3.384722 -1.702177
v 0.363753 3.384722 -1.702177
v 0.363753 3.384722 -1.702177
v 0.295275 3.390523 -1.701697
v 0.295275 3.390523 -1.701697
v 0.295275 3.390523 -1.701697
v 0.364955 3.384840 -1.532195
v 0.364955 3.384840 -1.532195
v 0.364955 3.384840 -1.532195
v 0.296477 3.390640 -1.531715
v 0.296477 3.390640 -1.531715
v 0.296477 3.390640 -1.531715
v 0.356142 3.400637 -1.690219
v 0.356142 3.400637 -1.690219
v 0.356142 3.400637 -1.690219
v 0.357176 3.400738 -1.544066
v 0.357176 3.400738 -1.544066
v 0.357176 3.400738 -1.544066
v 0.305620 3.404917 -1.689865
v 0.305620 3.404917 -1.689865
v 0.305620 3.404917 -1.689865
v 0.306654 3.405018 -1.543712
v 0.306654 3.405018 -1.543712
v 0.306654 3.405018 -1.543712
v 0.453852 3.378397 -0.690068
v 0.453852 3.378397 -0.690068
v 0.453852 3.378397 -0.690068
v 0.385374 3.384197 -0.689587
v 0.385374 3.384197 -0.689587
v 0.385374 3.384197 -0.689587
v 0.455054 3.378514 -0.520086
v 0.455054 3.378514 -0.520086
v 0.455054 3.378514 -0.520086
v 0.386576 3.384314 -0.519605
v 0.386576 3.384314 -0.519605
v 0.386576 3.384314 -0.519605
v 0.446241 3.394312 -0.678110
v 0.446241 3.394312 -0.678110
v 0.446241 3.394312 -0.678110
v 0.447275 3.394413 -0.531957
v 0.447275 3.394413 -0.531957
v 0.447275 3.394413 -0.531957
v 0.395719 3.398591 -0.677755
v 0.395719 3.398591 -0.677755
v 0.395719 3.398591 -0.677755
v 0.396753 3.398692 -0.531602
v 0.396753 3.398692 -0.531602
v 0.396753 3.398692 -0.531602
v 0.443473 3.377976 -1.697921
v 0.443473 3.377976 -1.697921
v 0.443473 3.377976 -1.697921
v 0.374994 3.383776 -1.697441
v 0.374994 3.383776 -1.697441
v 0.374994 3.383776 -1.697441
v 0.444884 3.378114 -1.498399
v 0.444884 3.378114 -1.498399
v 0.444884 3.378114 -1.498399
v 0.376405 3.383914 -1.497919
v 0.376405 3.383914 -1.497919
v 0.376405 3.383914 -1.497919
v 0.435876 3.393893 -1.683892
v 0.435876 3.393893 -1.683892
v 0.435876 3.393893 -1.683892
v 0.437090 3.394011 -1.512341
v 0.437090 3.394011 -1.512341
v 0.437090 3.394011 -1.512341
v 0.385354 3.398172 -1.683538
v 0.385354 3.398172 -1.683538
v 0.385354 3.398172 -1.683538
v 0.386567 3.398290 -1.511987
v 0.386567 3.398290 -1.511987
v 0.386567 3.398290 -1.511987
v 0.377396 3.384926 -0.648407
v 0.377396 3.384926 -0.648407
v 0.377396 3.384926 -0.648407
v 0.308918 3.390726 -0.647927
v 0.308918 3.390726 -0.647927
v 0.308918 3.390726 -0.647927
v 0.378299 3.385014 -0.520748
v 0.378299 3.385014 -0.520748
v 0.378299 3.385014 -0.520748
v 0.309821 3.390814 -0.520268
v 0.309821 3.390814 -0.520268
v 0.309821 3.390814 -0.520268
v 0.369821 3.400844 -0.631368
v 0.369821 3.400844 -0.631368
v 0.369821 3.400844 -0.631368
v 0.370484 3.400909 -0.537701
v 0.370484 3.400909 -0.537701
v 0.370484 3.400909 -0.537701
v 0.319299 3.405124 -0.631013
v 0.319299 3.405124 -0.631013
v 0.319299 3.405124 -0.631013
v 0.319961 3.405189 -0.537346
v 0.319961 3.405189 -0.537346
v 0.319961 3.405189 -0.537346
v 0.225071 3.397217 -0.665170
v 0.225071 3.397217 -0.665170
v 0.225071 3.397217 -0.665170
v 0.151311 3.403465 -0.664652
v 0.151311 3.403465 -0.664652
v 0.151311 3.403465 -0.664652
v 0.225587 3.397268 -0.592272
v 0.225587 3.397268 -0.592272
v 0.225587 3.397268 -0.592272
v 0.151827 3.403515 -0.591754
v 0.151827 3.403515 -0.591754
v 0.151827 3.403515 -0.591754
v 0.216851 3.414358 -0.655418
v 0.216851 3.414358 -0.655418
v 0.216851 3.414358 -0.655418
v 0.217229 3.414395 -0.601930
v 0.217229 3.414395 -0.601930
v 0.217229 3.414395 -0.601930
v 0.162432 3.418967 -0.655036
v 0.162432 3.418967 -0.655036
v 0.162432 3.418967 -0.655036
v 0.162810 3.419004 -0.601549
v 0.162810 3.419004 -0.601549
v 0.162810 3.419004 -0.601549
v 0.223854 3.397215 -0.746730
v 0.223854 3.397215 -0.746730
v 0.223854 3.397215 -0.746730
v 0.150094 3.403463 -0.746213
v 0.150094 3.403463 -0.746213
v 0.150094 3.403463 -0.746213
v 0.224370 3.397265 -0.673832
v 0.224370 3.397265 -0.673832
v 0.224370 3.397265 -0.673832
v 0.150610 3.403513 -0.673315
v 0.150610 3.403513 -0.673315
v 0.150610 3.403513 -0.673315
v 0.215634 3.414356 -0.736978
v 0.215634 3.414356 -0.736978
v 0.215634 3.414356 -0.736978
v 0.216013 3.414392 -0.683491
v 0.216013 3.414392 -0.683491
v 0.216013 3.414392 -0.683491
v 0.161215 3.418965 -0.736596
v 0.161215 3.418965 -0.736596
v 0.161215 3.418965 -0.736596
v 0.161593 3.419002 -0.683109
v 0.161593 3.419002 -0.683109
v 0.161593 3.419002 -0.683109
v 0.222016 3.397269 -0.825717
v 0.222016 3.397269 -0.825717
v 0.222016 3.397269 -0.825717
v 0.148256 3.403517 -0.825200
v 0.148256 3.403517 -0.825200
v 0.148256 3.403517 -0.825200
v 0.222532 3.397319 -0.752819
v 0.222532 3.397319 -0.752819
v 0.222532 3.397319 -0.752819
v 0.148771 3.403567 -0.752302
v 0.148771 3.403567 -0.752302
v 0.148771 3.403567 -0.752302
v 0.213796 3.414409 -0.815965
v 0.213796 3.414409 -0.815965
v 0.213796 3.414409 -0.815965
v 0.214174 3.414446 -0.762478
v 0.214174 3.414446 -0.762478
v 0.214174 3.414446 -0.762478
v 0.159377 3.419019 -0.815583
v 0.159377 3.419019 -0.815583
v 0.159377 3.419019 -0.815583
v 0.159755 3.419056 -0.762096
v 0.159755 3.419056 -0.762096
v 0.159755 3.419056 -0.762096
v 0.221751 3.397187 -0.906867
v 0.221751 3.397187 -0.906867
v 0.221751 3.397187 -0.906867
v 0.147991 3.403435 -0.906350
v 0.147991 3.403435 -0.906350
v 0.147991 3.403435 -0.906350
v 0.222266 3.397237 -0.833969
v 0.222266 3.397237 -0.833969
v 0.222266 3.397237 -0.833969
v 0.148506 3.403485 -0.833452
v 0.148506 3.403485 -0.833452
v 0.148506 3.403485 -0.833452
v 0.213530 3.414327 -0.897115
v 0.213530 3.414327 -0.897115
v 0.213530 3.414327 -0.897115
v 0.213909 3.414364 -0.843628
v 0.213909 3.414364 -0.843628
v 0.213909 3.414364 -0.843628
v 0.159112 3.418937 -0.896733
v 0.159112 3.418937 -0.896733
v 0.159112 3.418937 -0.896733
v 0.159490 3.418974 -0.843246
v 0.159490 3.418974 -0.843246
v 0.159490 3.418974 -0.843246
v 0.220582 3.397185 -0.984913
v 0.220582 3.397185 -0.984913
v 0.220582 3.397185 -0.984913
v 0.146822 3.403433 -0.984396
v 0.146822 3.403433 -0.984396
v 0.146822 3.403433 -0.984396
v 0.221097 3.397235 -0.912015
v 0.221097 3.397235 -0.912015
v 0.221097 3.397235 -0.912015
v 0.147337 3.403483 -0.911498
v 0.147337 3.403483 -0.911498
v 0.147337 3.403483 -0.911498
v 0.212361 3.414325 -0.975161
v 0.212361 3.414325 -0.975161
v 0.212361 3.414325 -0.975161
v 0.212739 3.414362 -0.921674
v 0.212739 3.414362 -0.921674
v 0.212739 3.414362 -0.921674
v 0.157942 3.418935 -0.974779
v 0.157942 3.418935 -0.974779
v 0.157942 3.418935 -0.974779
v 0.158321 3.418972 -0.921292
v 0.158321 3.418972 -0.921292
v 0.158321 3.418972 -0.921292
v 0.219393 3.397182 -1.065747
v 0.219393 3.397182 -1.065747
v 0.219393 3.397182 -1.065747
v 0.145632 3.403430 -1.065229
v 0.145632 3.403430 -1.065229
v 0.145632 3.403430 -1.065229
v 0.219908 3.397232 -0.992849
v 0.219908 3.397232 -0.992849
v 0.219908 3.397232 -0.992849
v 0.146148 3.403480 -0.992332
v 0.146148 3.403480 -0.992332
v 0.146148 3.403480 -0.992332
v 0.211172 3.414322 -1.055995
v 0.211172 3.414322 -1.055995
v 0.211172 3.414322 -1.055995
v 0.211551 3.414359 -1.002507
v 0.211551 3.414359 -1.002507
v 0.211551 3.414359 -1.002507
v 0.156753 3.418931 -1.055613
v 0.156753 3.418931 -1.055613
v 0.156753 3.418931 -1.055613
v 0.157132 3.418968 -1.002126
v 0.157132 3.418968 -1.002126
v 0.157132 3.418968 -1.002126
v 0.218223 3.397180 -1.143793
v 0.218223 3.397180 -1.143793
v 0.218223 3.397180 -1.143793
v 0.144463 3.403428 -1.143275
v 0.144463 3.403428 -1.143275
v 0.144463 3.403428 -1.143275
v 0.218739 3.397230 -1.070895
v 0.218739 3.397230 -1.070895
v 0.218739 3.397230 -1.070895
v 0.144979 3.403478 -1.070378
v 0.144979 3.403478 -1.070378
v 0.144979 3.403478 -1.070378
v 0.210003 3.414320 -1.134041
v 0.210003 3.414320 -1.134041
v 0.210003 3.414320 -1.134041
v 0.210382 3.414357 -1.080553
v 0.210382 3.414357 -1.080553
v 0.210382 3.414357 -1.080553
v 0.155584 3.418930 -1.133659
v 0.155584 3.418930 -1.133659
v 0.155584 3.418930 -1.133659
v 0.155963 3.418967 -1.080172
v 0.155963 3.418967 -1.080172
v 0.155963 3.418967 -1.080172
v 0.217037 3.397177 -1.224317
v 0.217037 3.397177 -1.224317
v 0.217037 3.397177 -1.224317
v 0.143276 3.403425 -1.223799
v 0.143276 3.403425 -1.223799
v 0.143276 3.403425 -1.223799
v 0.217552 3.397227 -1.151419
v 0.217552 3.397227 -1.151419
v 0.217552 3.397227 -1.151419
v 0.143792 3.403475 -1.150902
v 0.143792 3.403475 -1.150902
v 0.143792 3.403475 -1.150902
v 0.208817 3.414317 -1.214565
v 0.208817 3.414317 -1.214565
v 0.208817 3.414317 -1.214565
v 0.209195 3.414354 -1.161077
v 0.209195 3.414354 -1.161077
v 0.209195 3.414354 -1.161077
v 0.154398 3.418926 -1.214183
v 0.154398 3.418926 -1.214183
v 0.154398 3.418926 -1.214183
v 0.154776 3.418963 -1.160696
v 0.154776 3.418963 -1.160696
v 0.154776 3.418963 -1.160696
v 0.216165 3.397148 -1.303914
v 0.216165 3.397148 -1.303914
v 0.216165 3.397148 -1.303914
v 0.142405 3.403396 -1.303396
v 0.142405 3.403396 -1.303396
v 0.142405 3.403396 -1.303396
v 0.216681 3.397198 -1.231016
v 0.216681 3.397198 -1.231016
v 0.216681 3.397198 -1.231016
v 0.142921 3.403446 -1.230499
v 0.142921 3.403446 -1.230499
v 0.142921 3.403446 -1.230499
v 0.207945 3.414288 -1.294161
v 0.207945 3.414288 -1.294161
v 0.207945 3.414288 -1.294161
v 0.208323 3.414325 -1.240674
v 0.208323 3.414325 -1.240674
v 0.208323 3.414325 -1.240674
v 0.153526 3.418898 -1.293780
v 0.153526 3.418898 -1.293780
v 0.153526 3.418898 -1.293780
v 0.153904 3.418935 -1.240293
v 0.153904 3.418935 -1.240293
v 0.153904 3.418935 -1.240293
v 0.214981 3.397145 -1.384128
v 0.214981 3.397145 -1.384128
v 0.214981 3.397145 -1.384128
v 0.141221 3.403393 -1.383611
v 0.141221 3.403393 -1.383611
v 0.141221 3.403393 -1.383611
v 0.215497 3.397195 -1.311230
v 0.215497 3.397195 -1.311230
v 0.215497 3.397195 -1.311230
v 0.141736 3.403443 -1.310713
v 0.141736 3.403443 -1.310713
v 0.141736 3.403443 -1.310713
v 0.206760 3.414285 -1.374376
v 0.206760 3.414285 -1.374376
v 0.206760 3.414285 -1.374376
v 0.207139 3.414322 -1.320888
v 0.207139 3.414322 -1.320888
v 0.207139 3.414322 -1.320888
v 0.152342 3.418895 -1.373994
v 0.152342 3.418895 -1.373994
v 0.152342 3.418895 -1.373994
v 0.152720 3.418931 -1.320507
v 0.152720 3.418931 -1.320507
v 0.152720 3.418931 -1.320507
v 0.213494 3.397168 -1.463411
v 0.213494 3.397168 -1.463411
v 0.213494 3.397168 -1.463411
v 0.139734 3.403416 -1.462893
v 0.139734 3.403416 -1.462893
v 0.139734 3.403416 -1.462893
v 0.214010 3.397219 -1.390513
v 0.214010 3.397219 -1.390513
v 0.214010 3.397219 -1.390513
v 0.140249 3.403466 -1.389995
v 0.140249 3.403466 -1.389995
v 0.140249 3.403466 -1.389995
v 0.205274 3.414309 -1.453658
v 0.205274 3.414309 -1.453658
v 0.205274 3.414309 -1.453658
v 0.205653 3.414346 -1.400171
v 0.205653 3.414346 -1.400171
v 0.205653 3.414346 -1.400171
v 0.150855 3.418918 -1.453277
v 0.150855 3.418918 -1.453277
v 0.150855 3.418918 -1.453277
v 0.151234 3.418955 -1.399790
v 0.151234 3.418955 -1.399790
v 0.151234 3.418955 -1.399790
v 0.212623 3.397140 -1.543007
v 0.212623 3.397140 -1.543007
v 0.212623 3.397140 -1.543007
v 0.138862 3.403387 -1.542490
v 0.138862 3.403387 -1.542490
v 0.138862 3.403387 -1.542490
v 0.213138 3.397190 -1.470110
v 0.213138 3.397190 -1.470110
v 0.213138 3.397190 -1.470110
v 0.139378 3.403438 -1.469592
v 0.139378 3.403438 -1.469592
v 0.139378 3.403438 -1.469592
v 0.204403 3.414280 -1.533255
v 0.204403 3.414280 -1.533255
v 0.204403 3.414280 -1.533255
v 0.204781 3.414317 -1.479768
v 0.204781 3.414317 -1.479768
v 0.204781 3.414317 -1.479768
v 0.149984 3.418890 -1.532874
v 0.149984 3.418890 -1.532874
v 0.149984 3.418890 -1.532874
v 0.150362 3.418926 -1.479387
v 0.150362 3.418926 -1.479387
v 0.150362 3.418926 -1.479387
v 0.291889 3.390374 -1.583706
v 0.291889 3.390374 -1.583706
v 0.291889 3.390374 -1.583706
v 0.218128 3.396621 -1.583188
v 0.218128 3.396621 -1.583188
v 0.218128 3.396621 -1.583188
v 0.292404 3.390424 -1.510808
v 0.292404 3.390424 -1.510808
v 0.292404 3.390424 -1.510808
v 0.218644 3.396672 -1.510291
v 0.218644 3.396672 -1.510291
v 0.218644 3.396672 -1.510291
v 0.283669 3.407514 -1.573953
v 0.283669 3.407514 -1.573953
v 0.283669 3.407514 -1.573953
v 0.284047 3.407551 -1.520466
v 0.284047 3.407551 -1.520466
v 0.284047 3.407551 -1.520466
v 0.229249 3.412123 -1.573572
v 0.229249 3.412123 -1.573572
v 0.229249 3.412123 -1.573572
v 0.229628 3.412160 -1.520085
v 0.229628 3.412160 -1.520085
v 0.229628 3.412160 -1.520085
v 0.292447 3.390428 -1.504763
v 0.292447 3.390428 -1.504763
v 0.292447 3.390428 -1.504763
v 0.218687 3.396676 -1.504246
v 0.218687 3.396676 -1.504246
v 0.218687 3.396676 -1.504246
v 0.292962 3.390478 -1.431865
v 0.292962 3.390478 -1.431865
v 0.292962 3.390478 -1.431865
v 0.219202 3.396726 -1.431348
v 0.219202 3.396726 -1.431348
v 0.219202 3.396726 -1.431348
v 0.284227 3.407568 -1.495011
v 0.284227 3.407568 -1.495011
v 0.284227 3.407568 -1.495011
v 0.284605 3.407605 -1.441524
v 0.284605 3.407605 -1.441524
v 0.284605 3.407605 -1.441524
v 0.229808 3.412178 -1.494629
v 0.229808 3.412178 -1.494629
v 0.229808 3.412178 -1.494629
v 0.230186 3.412215 -1.441142
v 0.230186 3.412215 -1.441142
v 0.230186 3.412215 -1.441142
v 0.293907 3.390409 -1.424043
v 0.293907 3.390409 -1.424043
v 0.293907 3.390409 -1.424043
v 0.220146 3.396657 -1.423526
v 0.220146 3.396657 -1.423526
v 0.220146 3.396657 -1.423526
v 0.294422 3.390459 -1.351145
v 0.294422 3.390459 -1.351145
v 0.294422 3.390459 -1.351145
v 0.220662 3.396707 -1.350628
v 0.220662 3.396707 -1.350628
v 0.220662 3.396707 -1.350628
v 0.285686 3.407549 -1.414291
v 0.285686 3.407549 -1.414291
v 0.285686 3.407549 -1.414291
v 0.286065 3.407586 -1.360804
v 0.286065 3.407586 -1.360804
v 0.286065 3.407586 -1.360804
v 0.231267 3.412158 -1.413909
v 0.231267 3.412158 -1.413909
v 0.231267 3.412158 -1.413909
v 0.231645 3.412195 -1.360422
v 0.231645 3.412195 -1.360422
v 0.231645 3.412195 -1.360422
v 0.294906 3.390425 -1.345550
v 0.294906 3.390425 -1.345550
v 0.294906 3.390425 -1.345550
v 0.221146 3.396673 -1.345032
v 0.221146 3.396673 -1.345032
v 0.221146 3.396673 -1.345032
v 0.295422 3.390476 -1.272652
v 0.295422 3.390476 -1.272652
v 0.295422 3.390476 -1.272652
v 0.221661 3.396723 -1.272134
v 0.221661 3.396723 -1.272134
v 0.221661 3.396723 -1.272134
v 0.286686 3.407566 -1.335797
v 0.286686 3.407566 -1.335797
v 0.286686 3.407566 -1.335797
v 0.287064 3.407603 -1.282310
v 0.287064 3.407603 -1.282310
v 0.287064 3.407603 -1.282310
v 0.232267 3.412175 -1.335416
v 0.232267 3.412175 -1.335416
v 0.232267 3.412175 -1.335416
v 0.232645 3.412212 -1.281929
v 0.232645 3.412212 -1.281929
v 0.232645 3.412212 -1.281929
v 0.295026 3.390518 -1.265712
v 0.295026 3.390518 -1.265712
v 0.295026 3.390518 -1.265712
v 0.221266 3.396766 -1.265195
v 0.221266 3.396766 -1.265195
v 0.221266 3.396766 -1.265195
v 0.295542 3.390568 -1.192814
v 0.295542 3.390568 -1.192814
v 0.295542 3.390568 -1.192814
v 0.221781 3.396816 -1.192297
v 0.221781 3.396816 -1.192297
v 0.221781 3.396816 -1.192297
v 0.286806 3.407658 -1.255960
v 0.286806 3.407658 -1.255960
v 0.286806 3.407658 -1.255960
v 0.287184 3.407695 -1.202473
v 0.287184 3.407695 -1.202473
v 0.287184 3.407695 -1.202473
v 0.232387 3.412268 -1.255578
v 0.232387 3.412268 -1.255578
v 0.232387 3.412268 -1.255578
v 0.232765 3.412305 -1.202091
v 0.232765 3.412305 -1.202091
v 0.232765 3.412305 -1.202091
v 0.297072 3.390448 -1.185814
v 0.297072 3.390448 -1.185814
v 0.297072 3.390448 -1.185814
v 0.223312 3.396695 -1.185296
v 0.223312 3.396695 -1.185296
v 0.223312 3.396695 -1.185296
v 0.297588 3.390498 -1.112916
v 0.297588 3.390498 -1.112916
v 0.297588 3.390498 -1.112916
v 0.223828 3.396746 -1.112398
v 0.223828 3.396746 -1.112398
v 0.223828 3.396746 -1.112398
v 0.288853 3.407588 -1.176061
v 0.288853 3.407588 -1.176061
v 0.288853 3.407588 -1.176061
v 0.289231 3.407625 -1.122574
v 0.289231 3.407625 -1.122574
v 0.289231 3.407625 -1.122574
v 0.234434 3.412198 -1.175680
v 0.234434 3.412198 -1.175680
v 0.234434 3.412198 -1.175680
v 0.234812 3.412235 -1.122193
v 0.234812 3.412235 -1.122193
v 0.234812 3.412235 -1.122193
v 0.298003 3.390471 -1.106651
v 0.298003 3.390471 -1.106651
v 0.298003 3.390471 -1.106651
v 0.224243 3.396719 -1.106133
v 0.224243 3.396719 -1.106133
v 0.224243 3.396719 -1.106133
v 0.298519 3.390521 -1.033753
v 0.298519 3.390521 -1.033753
v 0.298519 3.390521 -1.033753
v 0.224758 3.396769 -1.033235
v 0.224758 3.396769 -1.033235
v 0.224758 3.396769 -1.033235
v 0.289782 3.407611 -1.096898
v 0.289782 3.407611 -1.096898
v 0.289782 3.407611 -1.096898
v 0.290161 3.407648 -1.043411
v 0.290161 3.407648 -1.043411
v 0.290161 3.407648 -1.043411
v 0.235363 3.412221 -1.096517
v 0.235363 3.412221 -1.096517
v 0.235363 3.412221 -1.096517
v 0.235742 3.412258 -1.043030
v 0.235742 3.412258 -1.043030
v 0.235742 3.412258 -1.043030
v 0.298200 3.390558 -1.026367
v 0.298200 3.390558 -1.026367
v 0.298200 3.390558 -1.026367
v 0.224440 3.396806 -1.025850
v 0.224440 3.396806 -1.025850
v 0.224440 3.396806 -1.025850
v 0.298716 3.390608 -0.953470
v 0.298716 3.390608 -0.953470
v 0.298716 3.390608 -0.953470
v 0.224955 3.396856 -0.952952
v 0.224955 3.396856 -0.952952
v 0.224955 3.396856 -0.952952
v 0.289980 3.407698 -1.016615
v 0.289980 3.407698 -1.016615
v 0.289980 3.407698 -1.016615
v 0.290358 3.407735 -0.963128
v 0.290358 3.407735 -0.963128
v 0.290358 3.407735 -0.963128
v 0.235561 3.412308 -1.016234
v 0.235561 3.412308 -1.016234
v 0.235561 3.412308 -1.016234
v 0.235940 3.412345 -0.962747
v 0.235940 3.412345 -0.962747
v 0.235940 3.412345 -0.962747
v 0.299138 3.390582 -0.946090
v 0.299138 3.390582 -0.946090
v 0.299138 3.390582 -0.946090
v 0.225378 3.396830 -0.945572
v 0.225378 3.396830 -0.945572
v 0.225378 3.396830 -0.945572
v 0.299654 3.390632 -0.873192
v 0.299654 3.390632 -0.873192
v 0.299654 3.390632 -0.873192
v 0.225893 3.396880 -0.872674
v 0.225893 3.396880 -0.872674
v 0.225893 3.396880 -0.872674
v 0.290918 3.407722 -0.936338
v 0.290918 3.407722 -0.936338
v 0.290918 3.407722 -0.936338
v 0.291296 3.407759 -0.882850
v 0.291296 3.407759 -0.882850
v 0.291296 3.407759 -0.882850
v 0.236499 3.412332 -0.935956
v 0.236499 3.412332 -0.935956
v 0.236499 3.412332 -0.935956
v 0.236877 3.412369 -0.882469
v 0.236877 3.412369 -0.882469
v 0.236877 3.412369 -0.882469
v 0.300433 3.390573 -0.867673
v 0.300433 3.390573 -0.867673
v 0.300433 3.390573 -0.867673
v 0.226673 3.396821 -0.867155
v 0.226673 3.396821 -0.867155
v 0.226673 3.396821 -0.867155
v 0.300949 3.390624 -0.794775
v 0.300949 3.390624 -0.794775
v 0.300949 3.390624 -0.794775
v 0.227189 3.396871 -0.794258
v 0.227189 3.396871 -0.794258
v 0.227189 3.396871 -0.794258
v 0.292213 3.407714 -0.857921
v 0.292213 3.407714 -0.857921
v 0.292213 3.407714 -0.857921
v 0.292592 3.407751 -0.804433
v 0.292592 3.407751 -0.804433
v 0.292592 3.407751 -0.804433
v 0.237794 3.412323 -0.857539
v 0.237794 3.412323 -0.857539
v 0.237794 3.412323 -0.857539
v 0.238173 3.412360 -0.804052
v 0.238173 3.412360 -0.804052
v 0.238173 3.412360 -0.804052
v 0.301372 3.390597 -0.787395
v 0.301372 3.390597 -0.787395
v 0.301372 3.390597 -0.787395
v 0.227612 3.396845 -0.786878
v 0.227612 3.396845 -0.786878
v 0.227612 3.396845 -0.786878
v 0.301887 3.390648 -0.714497
v 0.301887 3.390648 -0.714497
v 0.301887 3.390648 -0.714497
v 0.228127 3.396895 -0.713980
v 0.228127 3.396895 -0.713980
v 0.228127 3.396895 -0.713980
v 0.293152 3.407738 -0.777643
v 0.293152 3.407738 -0.777643
v 0.293152 3.407738 -0.777643
v 0.293529 3.407775 -0.724156
v 0.293529 3.407775 -0.724156
v 0.293529 3.407775 -0.724156
v 0.238733 3.412347 -0.777261
v 0.238733 3.412347 -0.777261
v 0.238733 3.412347 -0.777261
v 0.239110 3.412384 -0.723774
v 0.239110 3.412384 -0.723774
v 0.239110 3.412384 -0.723774
v 0.302672 3.390589 -0.708234
v 0.302672 3.390589 -0.708234
v 0.302672 3.390589 -0.708234
v 0.228912 3.396837 -0.707717
v 0.228912 3.396837 -0.707717
v 0.228912 3.396837 -0.707717
v 0.303188 3.390640 -0.635337
v 0.303188 3.390640 -0.635337
v 0.303188 3.390640 -0.635337
v 0.229427 3.396887 -0.634819
v 0.229427 3.396887 -0.634819
v 0.229427 3.396887 -0.634819
v 0.294452 3.407730 -0.698482
v 0.294452 3.407730 -0.698482
v 0.294452 3.407730 -0.698482
v 0.294830 3.407767 -0.644995
v 0.294830 3.407767 -0.644995
v 0.294830 3.407767 -0.644995
v 0.240033 3.412339 -0.698101
v 0.240033 3.412339 -0.698101
v 0.240033 3.412339 -0.698101
v 0.240411 3.412376 -0.644614
v 0.240411 3.412376 -0.644614
v 0.240411 3.412376 -0.644614
v 0.534017 3.370228 -1.303578
v 0.534017 3.370228 -1.303578
v 0.534017 3.370228 -1.303578
v 0.460257 3.376475 -1.303061
v 0.460257 3.376475 -1.303061
v 0.460257 3.376475 -1.303061
v 0.537410 3.370559 -0.823848
v 0.537410 3.370559 -0.823848
v 0.537410 3.370559 -0.823848
v 0.463650 3.376807 -0.823331
v 0.463650 3.376807 -0.823331
v 0.463650 3.376807 -0.823331
v 0.525825 3.387371 -1.289908
v 0.525825 3.387371 -1.289908
v 0.525825 3.387371 -1.289908
v 0.529024 3.387683 -0.837425
v 0.529024 3.387683 -0.837425
v 0.529024 3.387683 -0.837425
v 0.471406 3.391980 -1.289527
v 0.471406 3.391980 -1.289527
v 0.471406 3.391980 -1.289527
v 0.474606 3.392293 -0.837043
v 0.474606 3.392293 -0.837043
v 0.474606 3.392293 -0.837043
v 0.381415 3.383893 -0.729209
v 0.381415 3.383893 -0.729209
v 0.381415 3.383893 -0.729209
v 0.307654 3.390141 -0.728692
v 0.307654 3.390141 -0.728692
v 0.307654 3.390141 -0.728692
v 0.381930 3.383943 -0.656311
v 0.381930 3.383943 -0.656311
v 0.381930 3.383943 -0.656311
v 0.308170 3.390191 -0.655794
v 0.308170 3.390191 -0.655794
v 0.308170 3.390191 -0.655794
v 0.373194 3.401033 -0.719457
v 0.373194 3.401033 -0.719457
v 0.373194 3.401033 -0.719457
v 0.373573 3.401070 -0.665970
v 0.373573 3.401070 -0.665970
v 0.373573 3.401070 -0.665970
v 0.318776 3.405643 -0.719075
v 0.318776 3.405643 -0.719075
v 0.318776 3.405643 -0.719075
v 0.319154 3.405680 -0.665588
v 0.319154 3.405680 -0.665588
v 0.319154 3.405680 -0.665588
v 0.380856 3.383838 -0.808205
v 0.380856 3.383838 -0.808205
v 0.380856 3.383838 -0.808205
v 0.307096 3.390086 -0.807688
v 0.307096 3.390086 -0.807688
v 0.307096 3.390086 -0.807688
v 0.381372 3.383889 -0.735307
v 0.381372 3.383889 -0.735307
v 0.381372 3.383889 -0.735307
v 0.307611 3.390137 -0.734790
v 0.307611 3.390137 -0.734790
v 0.307611 3.390137 -0.734790
v 0.372636 3.400979 -0.798453
v 0.372636 3.400979 -0.798453
v 0.372636 3.400979 -0.798453
v 0.373014 3.401016 -0.744966
v 0.373014 3.401016 -0.744966
v 0.373014 3.401016 -0.744966
v 0.318217 3.405588 -0.798071
v 0.318217 3.405588 -0.798071
v 0.318217 3.405588 -0.798071
v 0.318595 3.405625 -0.744584
v 0.318595 3.405625 -0.744584
v 0.318595 3.405625 -0.744584
v 0.380297 3.383784 -0.887201
v 0.380297 3.383784 -0.887201
v 0.380297 3.383784 -0.887201
v 0.306537 3.390032 -0.886684
v 0.306537 3.390032 -0.886684
v 0.306537 3.390032 -0.886684
v 0.380813 3.383834 -0.814303
v 0.380813 3.383834 -0.814303
v 0.380813 3.383834 -0.814303
v 0.307053 3.390082 -0.813786
v 0.307053 3.390082 -0.813786
v 0.307053 3.390082 -0.813786
v 0.372077 3.400924 -0.877449
v 0.372077 3.400924 -0.877449
v 0.372077 3.400924 -0.877449
v 0.372456 3.400961 -0.823962
v 0.372456 3.400961 -0.823962
v 0.372456 3.400961 -0.823962
v 0.317658 3.405534 -0.877068
v 0.317658 3.405534 -0.877068
v 0.317658 3.405534 -0.877068
v 0.318037 3.405571 -0.823580
v 0.318037 3.405571 -0.823580
v 0.318037 3.405571 -0.823580
v 0.379090 3.383783 -0.967477
v 0.379090 3.383783 -0.967477
v 0.379090 3.383783 -0.967477
v 0.305330 3.390031 -0.966960
v 0.305330 3.390031 -0.966960
v 0.305330 3.390031 -0.966960
v 0.379605 3.383833 -0.894579
v 0.379605 3.383833 -0.894579
v 0.379605 3.383833 -0.894579
v 0.305845 3.390081 -0.894062
v 0.305845 3.390081 -0.894062
v 0.305845 3.390081 -0.894062
v 0.370870 3.400923 -0.957725
v 0.370870 3.400923 -0.957725
v 0.370870 3.400923 -0.957725
v 0.371248 3.400960 -0.904238
v 0.371248 3.400960 -0.904238
v 0.371248 3.400960 -0.904238
v 0.316451 3.405533 -0.957343
v 0.316451 3.405533 -0.957343
v 0.316451 3.405533 -0.957343
v 0.316829 3.405570 -0.903856
v 0.316829 3.405570 -0.903856
v 0.316829 3.405570 -0.903856
v 0.378149 3.383758 -1.048127
v 0.378149 3.383758 -1.048127
v 0.378149 3.383758 -1.048127
v 0.304389 3.390006 -1.047610
v 0.304389 3.390006 -1.047610
v 0.304389 3.390006 -1.047610
v 0.378664 3.383809 -0.975229
v 0.378664 3.383809 -0.975229
v 0.378664 3.383809 -0.975229
v 0.304905 3.390057 -0.974712
v 0.304905 3.390057 -0.974712
v 0.304905 3.390057 -0.974712
v 0.369929 3.400899 -1.038375
v 0.369929 3.400899 -1.038375
v 0.369929 3.400899 -1.038375
v 0.370307 3.400936 -0.984887
v 0.370307 3.400936 -0.984887
v 0.370307 3.400936 -0.984887
v 0.315510 3.405508 -1.037993
v 0.315510 3.405508 -1.037993
v 0.315510 3.405508 -1.037993
v 0.315888 3.405545 -0.984506
v 0.315888 3.405545 -0.984506
v 0.315888 3.405545 -0.984506
v 0.376486 3.383799 -1.126169
v 0.376486 3.383799 -1.126169
v 0.376486 3.383799 -1.126169
v 0.302726 3.390046 -1.125652
v 0.302726 3.390046 -1.125652
v 0.302726 3.390046 -1.125652
v 0.377002 3.383849 -1.053272
v 0.377002 3.383849 -1.053272
v 0.377002 3.383849 -1.053272
v 0.303241 3.390097 -1.052754
v 0.303241 3.390097 -1.052754
v 0.303241 3.390097 -1.052754
v 0.368266 3.400939 -1.116417
v 0.368266 3.400939 -1.116417
v 0.368266 3.400939 -1.116417
v 0.368644 3.400976 -1.062930
v 0.368644 3.400976 -1.062930
v 0.368644 3.400976 -1.062930
v 0.313847 3.405549 -1.116036
v 0.313847 3.405549 -1.116036
v 0.313847 3.405549 -1.116036
v 0.314225 3.405586 -1.062549
v 0.314225 3.405586 -1.062549
v 0.314225 3.405586 -1.062549
v 0.375181 3.383806 -1.206073
v 0.375181 3.383806 -1.206073
v 0.375181 3.383806 -1.206073
v 0.301420 3.390054 -1.205556
v 0.301420 3.390054 -1.205556
v 0.301420 3.390054 -1.205556
v 0.375696 3.383857 -1.133175
v 0.375696 3.383857 -1.133175
v 0.375696 3.383857 -1.133175
v 0.301935 3.390104 -1.132658
v 0.301935 3.390104 -1.132658
v 0.301935 3.390104 -1.132658
v 0.366960 3.400947 -1.196321
v 0.366960 3.400947 -1.196321
v 0.366960 3.400947 -1.196321
v 0.367339 3.400983 -1.142834
v 0.367339 3.400983 -1.142834
v 0.367339 3.400983 -1.142834
v 0.312541 3.405556 -1.195939
v 0.312541 3.405556 -1.195939
v 0.312541 3.405556 -1.195939
v 0.312920 3.405593 -1.142452
v 0.312920 3.405593 -1.142452
v 0.312920 3.405593 -1.142452
v 0.374613 3.383751 -1.286354
v 0.374613 3.383751 -1.286354
v 0.374613 3.383751 -1.286354
v 0.300853 3.389998 -1.285836
v 0.300853 3.389998 -1.285836
v 0.300853 3.389998 -1.285836
v 0.375128 3.383801 -1.213456
v 0.375128 3.383801 -1.213456
v 0.375128 3.383801 -1.213456
v 0.301368 3.390049 -1.212939
v 0.301368 3.390049 -1.212939
v 0.301368 3.390049 -1.212939
v 0.366392 3.400891 -1.276602
v 0.366392 3.400891 -1.276602
v 0.366392 3.400891 -1.276602
v 0.366771 3.400928 -1.223114
v 0.366771 3.400928 -1.223114
v 0.366771 3.400928 -1.223114
v 0.311973 3.405501 -1.276220
v 0.311973 3.405501 -1.276220
v 0.311973 3.405501 -1.276220
v 0.312352 3.405538 -1.222733
v 0.312352 3.405538 -1.222733
v 0.312352 3.405538 -1.222733
v 0.373312 3.383759 -1.365514
v 0.373312 3.383759 -1.365514
v 0.373312 3.383759 -1.365514
v 0.299552 3.390007 -1.364997
v 0.299552 3.390007 -1.364997
v 0.299552 3.390007 -1.364997
v 0.373828 3.383809 -1.292616
v 0.373828 3.383809 -1.292616
v 0.373828 3.383809 -1.292616
v 0.300067 3.390057 -1.292099
v 0.300067 3.390057 -1.292099
v 0.300067 3.390057 -1.292099
v 0.365092 3.400899 -1.355762
v 0.365092 3.400899 -1.355762
v 0.365092 3.400899 -1.355762
v 0.365470 3.400936 -1.302275
v 0.365470 3.400936 -1.302275
v 0.365470 3.400936 -1.302275
v 0.310673 3.405509 -1.355380
v 0.310673 3.405509 -1.355380
v 0.310673 3.405509 -1.355380
v 0.311051 3.405546 -1.301893
v 0.311051 3.405546 -1.301893
v 0.311051 3.405546 -1.301893
v 0.372745 3.383703 -1.445795
v 0.372745 3.383703 -1.445795
v 0.372745 3.383703 -1.445795
v 0.298984 3.389951 -1.445277
v 0.298984 3.389951 -1.445277
v 0.298984 3.389951 -1.445277
v 0.373260 3.383754 -1.372897
v 0.373260 3.383754 -1.372897
v 0.373260 3.383754 -1.372897
v 0.299500 3.390002 -1.372379
v 0.299500 3.390002 -1.372379
v 0.299500 3.390002 -1.372379
v 0.364524 3.400844 -1.436042
v 0.364524 3.400844 -1.436042
v 0.364524 3.400844 -1.436042
v 0.364903 3.400881 -1.382555
v 0.364903 3.400881 -1.382555
v 0.364903 3.400881 -1.382555
v 0.310105 3.405453 -1.435661
v 0.310105 3.405453 -1.435661
v 0.310105 3.405453 -1.435661
v 0.310484 3.405490 -1.382173
v 0.310484 3.405490 -1.382173
v 0.310484 3.405490 -1.382173
v 0.371076 3.383743 -1.524581
v 0.371076 3.383743 -1.524581
v 0.371076 3.383743 -1.524581
v 0.297316 3.389991 -1.524063
v 0.297316 3.389991 -1.524063
v 0.297316 3.389991 -1.524063
v 0.371592 3.383793 -1.451683
v 0.371592 3.383793 -1.451683
v 0.371592 3.383793 -1.451683
v 0.297831 3.390041 -1.451165
v 0.297831 3.390041 -1.451165
v 0.297831 3.390041 -1.451165
v 0.362856 3.400883 -1.514828
v 0.362856 3.400883 -1.514828
v 0.362856 3.400883 -1.514828
v 0.363234 3.400920 -1.461341
v 0.363234 3.400920 -1.461341
v 0.363234 3.400920 -1.461341
v 0.308437 3.405493 -1.514447
v 0.308437 3.405493 -1.514447
v 0.308437 3.405493 -1.514447
v 0.308816 3.405530 -1.460960
v 0.308816 3.405530 -1.460960
v 0.308816 3.405530 -1.460960
v 0.450063 3.377102 -1.486598
v 0.450063 3.377102 -1.486598
v 0.450063 3.377102 -1.486598
v 0.376303 3.383350 -1.486081
v 0.376303 3.383350 -1.486081
v 0.376303 3.383350 -1.486081
v 0.450578 3.377152 -1.413700
v 0.450578 3.377152 -1.413700
v 0.450578 3.377152 -1.413700
v 0.376818 3.383400 -1.413183
v 0.376818 3.383400 -1.413183
v 0.376818 3.383400 -1.413183
v 0.441843 3.394243 -1.476846
v 0.441843 3.394243 -1.476846
v 0.441843 3.394243 -1.476846
v 0.442221 3.394279 -1.423359
v 0.442221 3.394279 -1.423359
v 0.442221 3.394279 -1.423359
v 0.387424 3.398852 -1.476464
v 0.387424 3.398852 -1.476464
v 0.387424 3.398852 -1.476464
v 0.387802 3.398889 -1.422977
v 0.387802 3.398889 -1.422977
v 0.387802 3.398889 -1.422977
v 0.451257 3.377102 -1.408249
v 0.451257 3.377102 -1.408249
v 0.451257 3.377102 -1.408249
v 0.377497 3.383350 -1.407731
v 0.377497 3.383350 -1.407731
v 0.377497 3.383350 -1.407731
v 0.451773 3.377152 -1.335351
v 0.451773 3.377152 -1.335351
v 0.451773 3.377152 -1.335351
v 0.378012 3.383400 -1.334834
v 0.378012 3.383400 -1.334834
v 0.378012 3.383400 -1.334834
v 0.443037 3.394243 -1.398497
v 0.443037 3.394243 -1.398497
v 0.443037 3.394243 -1.398497
v 0.443415 3.394279 -1.345009
v 0.443415 3.394279 -1.345009
v 0.443415 3.394279 -1.345009
v 0.388618 3.398852 -1.398115
v 0.388618 3.398852 -1.398115
v 0.388618 3.398852 -1.398115
v 0.388996 3.398889 -1.344628
v 0.388996 3.398889 -1.344628
v 0.388996 3.398889 -1.344628
v 0.453109 3.377049 -1.327335
v 0.453109 3.377049 -1.327335
v 0.453109 3.377049 -1.327335
v 0.379349 3.383297 -1.326818
v 0.379349 3.383297 -1.326818
v 0.379349 3.383297 -1.326818
v 0.453625 3.377100 -1.254437
v 0.453625 3.377100 -1.254437
v 0.453625 3.377100 -1.254437
v 0.379865 3.383348 -1.253920
v 0.379865 3.383348 -1.253920
v 0.379865 3.383348 -1.253920
v 0.444889 3.394190 -1.317583
v 0.444889 3.394190 -1.317583
v 0.444889 3.394190 -1.317583
v 0.445267 3.394227 -1.264096
v 0.445267 3.394227 -1.264096
v 0.445267 3.394227 -1.264096
v 0.390470 3.398799 -1.317201
v 0.390470 3.398799 -1.317201
v 0.390470 3.398799 -1.317201
v 0.390849 3.398836 -1.263714
v 0.390849 3.398836 -1.263714
v 0.390849 3.398836 -1.263714
v 0.453672 3.377105 -1.247697
v 0.453672 3.377105 -1.247697
v 0.453672 3.377105 -1.247697
v 0.379912 3.383352 -1.247179
v 0.379912 3.383352 -1.247179
v 0.379912 3.383352 -1.247179
v 0.454188 3.377155 -1.174799
v 0.454188 3.377155 -1.174799
v 0.454188 3.377155 -1.174799
v 0.380428 3.383403 -1.174281
v 0.380428 3.383403 -1.174281
v 0.380428 3.383403 -1.174281
v 0.445452 3.394245 -1.237944
v 0.445452 3.394245 -1.237944
v 0.445452 3.394245 -1.237944
v 0.445830 3.394282 -1.184457
v 0.445830 3.394282 -1.184457
v 0.445830 3.394282 -1.184457
v 0.391033 3.398854 -1.237563
v 0.391033 3.398854 -1.237563
v 0.391033 3.398854 -1.237563
v 0.391412 3.398891 -1.184076
v 0.391412 3.398891 -1.184076
v 0.391412 3.398891 -1.184076
v 0.454226 3.377159 -1.169343
v 0.454226 3.377159 -1.169343
v 0.454226 3.377159 -1.169343
v 0.380466 3.383406 -1.168826
v 0.380466 3.383406 -1.168826
v 0.380466 3.383406 -1.168826
v 0.454742 3.377209 -1.096445
v 0.454742 3.377209 -1.096445
v 0.454742 3.377209 -1.096445
v 0.380982 3.383457 -1.095928
v 0.380982 3.383457 -1.095928
v 0.380982 3.383457 -1.095928
v 0.446006 3.394299 -1.159591
v 0.446006 3.394299 -1.159591
v 0.446006 3.394299 -1.159591
v 0.446384 3.394336 -1.106103
v 0.446384 3.394336 -1.106103
v 0.446384 3.394336 -1.106103
v 0.391587 3.398909 -1.159209
v 0.391587 3.398909 -1.159209
v 0.391587 3.398909 -1.159209
v 0.391966 3.398946 -1.105722
v 0.391966 3.398946 -1.105722
v 0.391966 3.398946 -1.105722
v 0.454780 3.377213 -1.090989
v 0.454780 3.377213 -1.090989
v 0.454780 3.377213 -1.090989
v 0.381020 3.383461 -1.090472
v 0.381020 3.383461 -1.090472
v 0.381020 3.383461 -1.090472
v 0.455296 3.377263 -1.018091
v 0.455296 3.377263 -1.018091
v 0.455296 3.377263 -1.018091
v 0.381536 3.383511 -1.017574
v 0.381536 3.383511 -1.017574
v 0.381536 3.383511 -1.017574
v 0.446560 3.394353 -1.081237
v 0.446560 3.394353 -1.081237
v 0.446560 3.394353 -1.081237
v 0.446938 3.394390 -1.027750
v 0.446938 3.394390 -1.027750
v 0.446938 3.394390 -1.027750
v 0.392142 3.398963 -1.080855
v 0.392142 3.398963 -1.080855
v 0.392142 3.398963 -1.080855
v 0.392520 3.399000 -1.027368
v 0.392520 3.399000 -1.027368
v 0.392520 3.399000 -1.027368
v 0.455335 3.377267 -1.012635
v 0.455335 3.377267 -1.012635
v 0.455335 3.377267 -1.012635
v 0.381575 3.383515 -1.012118
v 0.381575 3.383515 -1.012118
v 0.381575 3.383515 -1.012118
v 0.455850 3.377317 -0.939737
v 0.455850 3.377317 -0.939737
v 0.455850 3.377317 -0.939737
v 0.382090 3.383565 -0.939220
v 0.382090 3.383565 -0.939220
v 0.382090 3.383565 -0.939220
v 0.447114 3.394407 -1.002883
v 0.447114 3.394407 -1.002883
v 0.447114 3.394407 -1.002883
v 0.447493 3.394444 -0.949396
v 0.447493 3.394444 -0.949396
v 0.447493 3.394444 -0.949396
v 0.392696 3.399017 -1.002501
v 0.392696 3.399017 -1.002501
v 0.392696 3.399017 -1.002501
v 0.393074 3.399054 -0.949014
v 0.393074 3.399054 -0.949014
v 0.393074 3.399054 -0.949014
v 0.455889 3.377321 -0.934281
v 0.455889 3.377321 -0.934281
v 0.455889 3.377321 -0.934281
v 0.382128 3.383569 -0.933764
v 0.382128 3.383569 -0.933764
v 0.382128 3.383569 -0.933764
v 0.456404 3.377371 -0.861383
v 0.456404 3.377371 -0.861383
v 0.456404 3.377371 -0.861383
v 0.382644 3.383619 -0.860866
v 0.382644 3.383619 -0.860866
v 0.382644 3.383619 -0.860866
v 0.447668 3.394461 -0.924529
v 0.447668 3.394461 -0.924529
v 0.447668 3.394461 -0.924529
v 0.448046 3.394498 -0.871042
v 0.448046 3.394498 -0.871042
v 0.448046 3.394498 -0.871042
v 0.393250 3.399071 -0.924148
v 0.393250 3.399071 -0.924148
v 0.393250 3.399071 -0.924148
v 0.393628 3.399108 -0.870660
v 0.393628 3.399108 -0.870660
v 0.393628 3.399108 -0.870660
v 0.456443 3.377375 -0.855928
v 0.456443 3.377375 -0.855928
v 0.456443 3.377375 -0.855928
v 0.382683 3.383623 -0.855410
v 0.382683 3.383623 -0.855410
v 0.382683 3.383623 -0.855410
v 0.456958 3.377425 -0.783030
v 0.456958 3.377425 -0.783030
v 0.456958 3.377425 -0.783030
v 0.383198 3.383673 -0.782512
v 0.383198 3.383673 -0.782512
v 0.383198 3.383673 -0.782512
v 0.448222 3.394516 -0.846175
v 0.448222 3.394516 -0.846175
v 0.448222 3.394516 -0.846175
v 0.448601 3.394552 -0.792688
v 0.448601 3.394552 -0.792688
v 0.448601 3.394552 -0.792688
v 0.393804 3.399125 -0.845794
v 0.393804 3.399125 -0.845794
v 0.393804 3.399125 -0.845794
v 0.394182 3.399162 -0.792307
v 0.394182 3.399162 -0.792307
v 0.394182 3.399162 -0.792307
v 0.456997 3.377429 -0.777574
v 0.456997 3.377429 -0.777574
v 0.456997 3.377429 -0.777574
v 0.383237 3.383677 -0.777057
v 0.383237 3.383677 -0.777057
v 0.383237 3.383677 -0.777057
v 0.457512 3.377480 -0.704676
v 0.457512 3.377480 -0.704676
v 0.457512 3.377480 -0.704676
v 0.383752 3.383727 -0.704159
v 0.383752 3.383727 -0.704159
v 0.383752 3.383727 -0.704159
v 0.448777 3.394570 -0.767822
v 0.448777 3.394570 -0.767822
v 0.448777 3.394570 -0.767822
v 0.449155 3.394607 -0.714334
v 0.449155 3.394607 -0.714334
v 0.449155 3.394607 -0.714334
v 0.394358 3.399179 -0.767440
v 0.394358 3.399179 -0.767440
v 0.394358 3.399179 -0.767440
v 0.394736 3.399216 -0.713953
v 0.394736 3.399216 -0.713953
v 0.394736 3.399216 -0.713953
v 0.129535 3.405208 -0.743451
v 0.129535 3.405208 -0.743451
v 0.129535 3.405208 -0.743451
v 0.055776 3.411456 -0.742933
v 0.055776 3.411456 -0.742933
v 0.055776 3.411456 -0.742933
v 0.130051 3.405258 -0.670553
v 0.130051 3.405258 -0.670553
v 0.130051 3.405258 -0.670553
v 0.056291 3.411506 -0.670035
v 0.056291 3.411506 -0.670035
v 0.056291 3.411506 -0.670035
v 0.121315 3.422348 -0.733698
v 0.121315 3.422348 -0.733698
v 0.121315 3.422348 -0.733698
v 0.121694 3.422385 -0.680211
v 0.121694 3.422385 -0.680211
v 0.121694 3.422385 -0.680211
v 0.066897 3.426958 -0.733317
v 0.066897 3.426958 -0.733317
v 0.066897 3.426958 -0.733317
v 0.067275 3.426995 -0.679829
v 0.067275 3.426995 -0.679829
v 0.067275 3.426995 -0.679829
v 0.128157 3.405221 -0.823416
v 0.128157 3.405221 -0.823416
v 0.128157 3.405221 -0.823416
v 0.054397 3.411469 -0.822898
v 0.054397 3.411469 -0.822898
v 0.054397 3.411469 -0.822898
v 0.128673 3.405272 -0.750518
v 0.128673 3.405272 -0.750518
v 0.128673 3.405272 -0.750518
v 0.054912 3.411520 -0.750000
v 0.054912 3.411520 -0.750000
v 0.054912 3.411520 -0.750000
v 0.119936 3.422362 -0.813664
v 0.119936 3.422362 -0.813664
v 0.119936 3.422362 -0.813664
v 0.120315 3.422399 -0.760176
v 0.120315 3.422399 -0.760176
v 0.120315 3.422399 -0.760176
v 0.065518 3.426971 -0.813282
v 0.065518 3.426971 -0.813282
v 0.065518 3.426971 -0.813282
v 0.065896 3.427008 -0.759795
v 0.065896 3.427008 -0.759795
v 0.065896 3.427008 -0.759795
v 0.126779 3.405235 -0.903381
v 0.126779 3.405235 -0.903381
v 0.126779 3.405235 -0.903381
v 0.053018 3.411483 -0.902863
v 0.053018 3.411483 -0.902863
v 0.053018 3.411483 -0.902863
v 0.127294 3.405285 -0.830483
v 0.127294 3.405285 -0.830483
v 0.127294 3.405285 -0.830483
v 0.053534 3.411533 -0.829965
v 0.053534 3.411533 -0.829965
v 0.053534 3.411533 -0.829965
v 0.118558 3.422375 -0.893629
v 0.118558 3.422375 -0.893629
v 0.118558 3.422375 -0.893629
v 0.118937 3.422412 -0.840141
v 0.118937 3.422412 -0.840141
v 0.118937 3.422412 -0.840141
v 0.064139 3.426985 -0.893247
v 0.064139 3.426985 -0.893247
v 0.064139 3.426985 -0.893247
v 0.064518 3.427022 -0.839760
v 0.064518 3.427022 -0.839760
v 0.064518 3.427022 -0.839760
v 0.127032 3.405112 -0.982541
v 0.127032 3.405112 -0.982541
v 0.127032 3.405112 -0.982541
v 0.053271 3.411359 -0.982024
v 0.053271 3.411359 -0.982024
v 0.053271 3.411359 -0.982024
v 0.127547 3.405162 -0.909643
v 0.127547 3.405162 -0.909643
v 0.127547 3.405162 -0.909643
v 0.053787 3.411410 -0.909126
v 0.053787 3.411410 -0.909126
v 0.053787 3.411410 -0.909126
v 0.118811 3.422252 -0.972789
v 0.118811 3.422252 -0.972789
v 0.118811 3.422252 -0.972789
v 0.119190 3.422289 -0.919302
v 0.119190 3.422289 -0.919302
v 0.119190 3.422289 -0.919302
v 0.064392 3.426861 -0.972407
v 0.064392 3.426861 -0.972407
v 0.064392 3.426861 -0.972407
v 0.064771 3.426898 -0.918920
v 0.064771 3.426898 -0.918920
v 0.064771 3.426898 -0.918920
v 0.119571 3.405124 -1.462609
v 0.119571 3.405124 -1.462609
v 0.119571 3.405124 -1.462609
v 0.045811 3.411372 -1.462092
v 0.045811 3.411372 -1.462092
v 0.045811 3.411372 -1.462092
v 0.120086 3.405175 -1.389711
v 0.120086 3.405175 -1.389711
v 0.120086 3.405175 -1.389711
v 0.046326 3.411422 -1.389194
v 0.046326 3.411422 -1.389194
v 0.046326 3.411422 -1.389194
v 0.111351 3.422265 -1.452857
v 0.111351 3.422265 -1.452857
v 0.111351 3.422265 -1.452857
v 0.111729 3.422302 -1.399370
v 0.111729 3.422302 -1.399370
v 0.111729 3.422302 -1.399370
v 0.056932 3.426874 -1.452475
v 0.056932 3.426874 -1.452475
v 0.056932 3.426874 -1.452475
v 0.057310 3.426911 -1.398988
v 0.057310 3.426911 -1.398988
v 0.057310 3.426911 -1.398988
v 0.119008 3.405069 -1.542172
v 0.119008 3.405069 -1.542172
v 0.119008 3.405069 -1.542172
v 0.045249 3.411317 -1.541655
v 0.045249 3.411317 -1.541655
v 0.045249 3.411317 -1.541655
v 0.119524 3.405120 -1.469274
v 0.119524 3.405120 -1.469274
v 0.119524 3.405120 -1.469274
v 0.045764 3.411367 -1.468757
v 0.045764 3.411367 -1.468757
v 0.045764 3.411367 -1.468757
v 0.110788 3.422210 -1.532420
v 0.110788 3.422210 -1.532420
v 0.110788 3.422210 -1.532420
v 0.111166 3.422247 -1.478933
v 0.111166 3.422247 -1.478933
v 0.111166 3.422247 -1.478933
v 0.056369 3.426819 -1.532038
v 0.056369 3.426819 -1.532038
v 0.056369 3.426819 -1.532038
v 0.056747 3.426856 -1.478551
v 0.056747 3.426856 -1.478551
v 0.056747 3.426856 -1.478551
v 0.117769 3.405072 -1.621730
v 0.117769 3.405072 -1.621730
v 0.117769 3.405072 -1.621730
v 0.044008 3.411319 -1.621213
v 0.044008 3.411319 -1.621213
v 0.044008 3.411319 -1.621213
v 0.118284 3.405122 -1.548832
v 0.118284 3.405122 -1.548832
v 0.118284 3.405122 -1.548832
v 0.044524 3.411370 -1.548315
v 0.044524 3.411370 -1.548315
v 0.044524 3.411370 -1.548315
v 0.109548 3.422212 -1.611978
v 0.109548 3.422212 -1.611978
v 0.109548 3.422212 -1.611978
v 0.109926 3.422249 -1.558491
v 0.109926 3.422249 -1.558491
v 0.109926 3.422249 -1.558491
v 0.055129 3.426822 -1.611596
v 0.055129 3.426822 -1.611596
v 0.055129 3.426822 -1.611596
v 0.055507 3.426859 -1.558109
v 0.055507 3.426859 -1.558109
v 0.055507 3.426859 -1.558109
v 0.115846 3.405131 -1.701963
v 0.115846 3.405131 -1.701963
v 0.115846 3.405131 -1.701963
v 0.042085 3.411379 -1.701446
v 0.042085 3.411379 -1.701446
v 0.042085 3.411379 -1.701446
v 0.116361 3.405181 -1.629065
v 0.116361 3.405181 -1.629065
v 0.116361 3.405181 -1.629065
v 0.042601 3.411429 -1.628548
v 0.042601 3.411429 -1.628548
v 0.042601 3.411429 -1.628548
v 0.107625 3.422271 -1.692211
v 0.107625 3.422271 -1.692211
v 0.107625 3.422271 -1.692211
v 0.108004 3.422308 -1.638724
v 0.108004 3.422308 -1.638724
v 0.108004 3.422308 -1.638724
v 0.053207 3.426881 -1.691829
v 0.053207 3.426881 -1.691829
v 0.053207 3.426881 -1.691829
v 0.053585 3.426918 -1.638342
v 0.053585 3.426918 -1.638342
v 0.053585 3.426918 -1.638342
v 0.445366 3.376994 -1.878858
v 0.445366 3.376994 -1.878858
v 0.445366 3.376994 -1.878858
v 0.371606 3.383242 -1.878341
v 0.371606 3.383242 -1.878341
v 0.371606 3.383242 -1.878341
v 0.445882 3.377044 -1.805960
v 0.445882 3.377044 -1.805960
v 0.445882 3.377044 -1.805960
v 0.372122 3.383292 -1.805443
v 0.372122 3.383292 -1.805443
v 0.372122 3.383292 -1.805443
v 0.437146 3.394135 -1.869106
v 0.437146 3.394135 -1.869106
v 0.437146 3.394135 -1.869106
v 0.437525 3.394171 -1.815619
v 0.437525 3.394171 -1.815619
v 0.437525 3.394171 -1.815619
v 0.382727 3.398744 -1.868724
v 0.382727 3.398744 -1.868724
v 0.382727 3.398744 -1.868724
v 0.383106 3.398781 -1.815237
v 0.383106 3.398781 -1.815237
v 0.383106 3.398781 -1.815237
v 0.524980 3.370250 -1.879983
v 0.524980 3.370250 -1.879983
v 0.524980 3.370250 -1.879983
v 0.451220 3.376498 -1.879466
v 0.451220 3.376498 -1.879466
v 0.451220 3.376498 -1.879466
v 0.525496 3.370300 -1.807085
v 0.525496 3.370300 -1.807085
v 0.525496 3.370300 -1.807085
v 0.451735 3.376548 -1.806568
v 0.451735 3.376548 -1.806568
v 0.451735 3.376548 -1.806568
v 0.516760 3.387390 -1.870231
v 0.516760 3.387390 -1.870231
v 0.516760 3.387390 -1.870231
v 0.517138 3.387427 -1.816744
v 0.517138 3.387427 -1.816744
v 0.517138 3.387427 -1.816744
v 0.462341 3.392000 -1.869849
v 0.462341 3.392000 -1.869849
v 0.462341 3.392000 -1.869849
v 0.462719 3.392037 -1.816362
v 0.462719 3.392037 -1.816362
v 0.462719 3.392037 -1.816362
v 0.525545 3.370305 -1.800080
v 0.525545 3.370305 -1.800080
v 0.525545 3.370305 -1.800080
v 0.451785 3.376553 -1.799563
v 0.451785 3.376553 -1.799563
v 0.451785 3.376553 -1.799563
v 0.526061 3.370355 -1.727182
v 0.526061 3.370355 -1.727182
v 0.526061 3.370355 -1.727182
v 0.452300 3.376603 -1.726665
v 0.452300 3.376603 -1.726665
v 0.452300 3.376603 -1.726665
v 0.517325 3.387445 -1.790328
v 0.517325 3.387445 -1.790328
v 0.517325 3.387445 -1.790328
v 0.517703 3.387482 -1.736841
v 0.517703 3.387482 -1.736841
v 0.517703 3.387482 -1.736841
v 0.462906 3.392055 -1.789947
v 0.462906 3.392055 -1.789947
v 0.462906 3.392055 -1.789947
v 0.463284 3.392092 -1.736459
v 0.463284 3.392092 -1.736459
v 0.463284 3.392092 -1.736459
v 0.523290 3.370291 -1.959311
v 0.523290 3.370291 -1.959311
v 0.523290 3.370291 -1.959311
v 0.449530 3.376539 -1.958794
v 0.449530 3.376539 -1.958794
v 0.449530 3.376539 -1.958794
v 0.523805 3.370341 -1.886414
v 0.523805 3.370341 -1.886414
v 0.523805 3.370341 -1.886414
v 0.450045 3.376589 -1.885896
v 0.450045 3.376589 -1.885896
v 0.450045 3.376589 -1.885896
v 0.515069 3.387431 -1.949559
v 0.515069 3.387431 -1.949559
v 0.515069 3.387431 -1.949559
v 0.515448 3.387468 -1.896072
v 0.515448 3.387468 -1.896072
v 0.515448 3.387468 -1.896072
v 0.460650 3.392040 -1.949178
v 0.460650 3.392040 -1.949178
v 0.460650 3.392040 -1.949178
v 0.461029 3.392077 -1.895690
v 0.461029 3.392077 -1.895690
v 0.461029 3.392077 -1.895690
v 0.206486 3.397004 -2.051101
v 0.206486 3.397004 -2.051101
v 0.206486 3.397004 -2.051101
v 0.132725 3.403252 -2.050584
v 0.132725 3.403252 -2.050584
v 0.132725 3.403252 -2.050584
v 0.207001 3.397054 -1.978203
v 0.207001 3.397054 -1.978203
v 0.207001 3.397054 -1.978203
v 0.133241 3.403302 -1.977686
v 0.133241 3.403302 -1.977686
v 0.133241 3.403302 -1.977686
v 0.198265 3.414145 -2.041348
v 0.198265 3.414145 -2.041348
v 0.198265 3.414145 -2.041348
v 0.198643 3.414181 -1.987862
v 0.198643 3.414181 -1.987862
v 0.198643 3.414181 -1.987862
v 0.143846 3.418754 -2.040967
v 0.143846 3.418754 -2.040967
v 0.143846 3.418754 -2.040967
v 0.144224 3.418791 -1.987480
v 0.144224 3.418791 -1.987480
v 0.144224 3.418791 -1.987480
v 0.204562 3.397063 -2.131334
v 0.204562 3.397063 -2.131334
v 0.204562 3.397063 -2.131334
v 0.130802 3.403311 -2.130816
v 0.130802 3.403311 -2.130816
v 0.130802 3.403311 -2.130816
v 0.205077 3.397114 -2.058436
v 0.205077 3.397114 -2.058436
v 0.205077 3.397114 -2.058436
v 0.131318 3.403362 -2.057919
v 0.131318 3.403362 -2.057919
v 0.131318 3.403362 -2.057919
v 0.196342 3.414204 -2.121582
v 0.196342 3.414204 -2.121582
v 0.196342 3.414204 -2.121582
v 0.196720 3.414241 -2.068094
v 0.196720 3.414241 -2.068094
v 0.196720 3.414241 -2.068094
v 0.141923 3.418813 -2.121200
v 0.141923 3.418813 -2.121200
v 0.141923 3.418813 -2.121200
v 0.142302 3.418850 -2.067713
v 0.142302 3.418850 -2.067713
v 0.142302 3.418850 -2.067713
v 0.283842 3.390348 -2.131890
v 0.283842 3.390348 -2.131890
v 0.283842 3.390348 -2.131890
v 0.210081 3.396596 -2.131372
v 0.210081 3.396596 -2.131372
v 0.210081 3.396596 -2.131372
v 0.284357 3.390399 -2.058992
v 0.284357 3.390399 -2.058992
v 0.284357 3.390399 -2.058992
v 0.210596 3.396646 -2.058475
v 0.210596 3.396646 -2.058475
v 0.210596 3.396646 -2.058475
v 0.275621 3.407489 -2.122138
v 0.275621 3.407489 -2.122138
v 0.275621 3.407489 -2.122138
v 0.275999 3.407526 -2.068651
v 0.275999 3.407526 -2.068651
v 0.275999 3.407526 -2.068651
v 0.221202 3.412098 -2.121756
v 0.221202 3.412098 -2.121756
v 0.221202 3.412098 -2.121756
v 0.221581 3.412135 -2.068269
v 0.221581 3.412135 -2.068269
v 0.221581 3.412135 -2.068269
v 0.363798 3.383576 -2.132450
v 0.363798 3.383576 -2.132450
v 0.363798 3.383576 -2.132450
v 0.290038 3.389823 -2.131933
v 0.290038 3.389823 -2.131933
v 0.290038 3.389823 -2.131933
v 0.364313 3.383626 -2.059553
v 0.364313 3.383626 -2.059553
v 0.364313 3.383626 -2.059553
v 0.290553 3.389874 -2.059036
v 0.290553 3.389874 -2.059036
v 0.290553 3.389874 -2.059036
v 0.355578 3.400716 -2.122699
v 0.355578 3.400716 -2.122699
v 0.355578 3.400716 -2.122699
v 0.355956 3.400753 -2.069211
v 0.355956 3.400753 -2.069211
v 0.355956 3.400753 -2.069211
v 0.301159 3.405325 -2.122317
v 0.301159 3.405325 -2.122317
v 0.301159 3.405325 -2.122317
v 0.301537 3.405362 -2.068830
v 0.301537 3.405362 -2.068830
v 0.301537 3.405362 -2.068830
v 0.443754 3.376803 -2.133011
v 0.443754 3.376803 -2.133011
v 0.443754 3.376803 -2.133011
v 0.369994 3.383051 -2.132494
v 0.369994 3.383051 -2.132494
v 0.369994 3.383051 -2.132494
v 0.444270 3.376853 -2.060113
v 0.444270 3.376853 -2.060113
v 0.444270 3.376853 -2.060113
v 0.370510 3.383101 -2.059596
v 0.370510 3.383101 -2.059596
v 0.370510 3.383101 -2.059596
v 0.435534 3.393943 -2.123259
v 0.435534 3.393943 -2.123259
v 0.435534 3.393943 -2.123259
v 0.435912 3.393980 -2.069772
v 0.435912 3.393980 -2.069772
v 0.435912 3.393980 -2.069772
v 0.381115 3.398553 -2.122878
v 0.381115 3.398553 -2.122878
v 0.381115 3.398553 -2.122878
v 0.381493 3.398590 -2.069390
v 0.381493 3.398590 -2.069390
v 0.381493 3.398590 -2.069390
v 0.444999 3.376801 -2.052773
v 0.444999 3.376801 -2.052773
v 0.444999 3.376801 -2.052773
v 0.371239 3.383049 -2.052256
v 0.371239 3.383049 -2.052256
v 0.371239 3.383049 -2.052256
v 0.445515 3.376851 -1.979876
v 0.445515 3.376851 -1.979876
v 0.445515 3.376851 -1.979876
v 0.371755 3.383099 -1.979359
v 0.371755 3.383099 -1.979359
v 0.371755 3.383099 -1.979359
v 0.436779 3.393941 -2.043021
v 0.436779 3.393941 -2.043021
v 0.436779 3.393941 -2.043021
v 0.437158 3.393978 -1.989534
v 0.437158 3.393978 -1.989534
v 0.437158 3.393978 -1.989534
v 0.382360 3.398551 -2.042639
v 0.382360 3.398551 -2.042639
v 0.382360 3.398551 -2.042639
v 0.382739 3.398588 -1.989152
v 0.382739 3.398588 -1.989152
v 0.382739 3.398588 -1.989152
v 0.365725 3.383517 -2.051537
v 0.365725 3.383517 -2.051537
v 0.365725 3.383517 -2.051537
v 0.291965 3.389765 -2.051020
v 0.291965 3.389765 -2.051020
v 0.291965 3.389765 -2.051020
v 0.366241 3.383567 -1.978639
v 0.366241 3.383567 -1.978639
v 0.366241 3.383567 -1.978639
v 0.292480 3.389815 -1.978122
v 0.292480 3.389815 -1.978122
v 0.292480 3.389815 -1.978122
v 0.357505 3.400657 -2.041785
v 0.357505 3.400657 -2.041785
v 0.357505 3.400657 -2.041785
v 0.357883 3.400694 -1.988298
v 0.357883 3.400694 -1.988298
v 0.357883 3.400694 -1.988298
v 0.303086 3.405267 -2.041403
v 0.303086 3.405267 -2.041403
v 0.303086 3.405267 -2.041403
v 0.303465 3.405303 -1.987916
v 0.303465 3.405303 -1.987916
v 0.303465 3.405303 -1.987916
v 0.286451 3.390232 -2.050301
v 0.286451 3.390232 -2.050301
v 0.286451 3.390232 -2.050301
v 0.212691 3.396480 -2.049784
v 0.212691 3.396480 -2.049784
v 0.212691 3.396480 -2.049784
v 0.286967 3.390283 -1.977404
v 0.286967 3.390283 -1.977404
v 0.286967 3.390283 -1.977404
v 0.213207 3.396531 -1.976886
v 0.213207 3.396531 -1.976886
v 0.213207 3.396531 -1.976886
v 0.278231 3.407373 -2.040549
v 0.278231 3.407373 -2.040549
v 0.278231 3.407373 -2.040549
v 0.278609 3.407410 -1.987062
v 0.278609 3.407410 -1.987062
v 0.278609 3.407410 -1.987062
v 0.223812 3.411982 -2.040168
v 0.223812 3.411982 -2.040168
v 0.223812 3.411982 -2.040168
v 0.224190 3.412019 -1.986680
v 0.224190 3.412019 -1.986680
v 0.224190 3.412019 -1.986680
v 0.203322 3.397066 -2.210892
v 0.203322 3.397066 -2.210892
v 0.203322 3.397066 -2.210892
v 0.129562 3.403314 -2.210375
v 0.129562 3.403314 -2.210375
v 0.129562 3.403314 -2.210375
v 0.203837 3.397116 -2.137994
v 0.203837 3.397116 -2.137994
v 0.203837 3.397116 -2.137994
v 0.130078 3.403364 -2.137477
v 0.130078 3.403364 -2.137477
v 0.130078 3.403364 -2.137477
v 0.195102 3.414206 -2.201140
v 0.195102 3.414206 -2.201140
v 0.195102 3.414206 -2.201140
v 0.195480 3.414243 -2.147653
v 0.195480 3.414243 -2.147653
v 0.195480 3.414243 -2.147653
v 0.140683 3.418816 -2.200758
v 0.140683 3.418816 -2.200758
v 0.140683 3.418816 -2.200758
v 0.141061 3.418853 -2.147271
v 0.141061 3.418853 -2.147271
v 0.141061 3.418853 -2.147271
v 0.283279 3.390293 -2.211453
v 0.283279 3.390293 -2.211453
v 0.283279 3.390293 -2.211453
v 0.209518 3.396541 -2.210936
v 0.209518 3.396541 -2.210936
v 0.209518 3.396541 -2.210936
v 0.283794 3.390344 -2.138555
v 0.283794 3.390344 -2.138555
v 0.283794 3.390344 -2.138555
v 0.210034 3.396591 -2.138038
v 0.210034 3.396591 -2.138038
v 0.210034 3.396591 -2.138038
v 0.275058 3.407434 -2.201701
v 0.275058 3.407434 -2.201701
v 0.275058 3.407434 -2.201701
v 0.275437 3.407471 -2.148213
v 0.275437 3.407471 -2.148213
v 0.275437 3.407471 -2.148213
v 0.220639 3.412043 -2.201319
v 0.220639 3.412043 -2.201319
v 0.220639 3.412043 -2.201319
v 0.221018 3.412080 -2.147832
v 0.221018 3.412080 -2.147832
v 0.221018 3.412080 -2.147832
v 0.363235 3.383521 -2.212013
v 0.363235 3.383521 -2.212013
v 0.363235 3.383521 -2.212013
v 0.289475 3.389768 -2.211496
v 0.289475 3.389768 -2.211496
v 0.289475 3.389768 -2.211496
v 0.363751 3.383571 -2.139116
v 0.363751 3.383571 -2.139116
v 0.363751 3.383571 -2.139116
v 0.289990 3.389819 -2.138598
v 0.289990 3.389819 -2.138598
v 0.289990 3.389819 -2.138598
v 0.355015 3.400661 -2.202261
v 0.355015 3.400661 -2.202261
v 0.355015 3.400661 -2.202261
v 0.355393 3.400698 -2.148774
v 0.355393 3.400698 -2.148774
v 0.355393 3.400698 -2.148774
v 0.300596 3.405271 -2.201880
v 0.300596 3.405271 -2.201880
v 0.300596 3.405271 -2.201880
v 0.300974 3.405308 -2.148392
v 0.300974 3.405308 -2.148392
v 0.300974 3.405308 -2.148392
v 0.443192 3.376748 -2.212574
v 0.443192 3.376748 -2.212574
v 0.443192 3.376748 -2.212574
v 0.369431 3.382996 -2.212057
v 0.369431 3.382996 -2.212057
v 0.369431 3.382996 -2.212057
v 0.443707 3.376798 -2.139676
v 0.443707 3.376798 -2.139676
v 0.443707 3.376798 -2.139676
v 0.369947 3.383046 -2.139159
v 0.369947 3.383046 -2.139159
v 0.369947 3.383046 -2.139159
v 0.434971 3.393888 -2.202822
v 0.434971 3.393888 -2.202822
v 0.434971 3.393888 -2.202822
v 0.435350 3.393925 -2.149335
v 0.435350 3.393925 -2.149335
v 0.435350 3.393925 -2.149335
v 0.380552 3.398498 -2.202440
v 0.380552 3.398498 -2.202440
v 0.380552 3.398498 -2.202440
v 0.380931 3.398535 -2.148953
v 0.380931 3.398535 -2.148953
v 0.380931 3.398535 -2.148953
v 0.523148 3.369975 -2.213135
v 0.523148 3.369975 -2.213135
v 0.523148 3.369975 -2.213135
v 0.449388 3.376223 -2.212618
v 0.449388 3.376223 -2.212618
v 0.449388 3.376223 -2.212618
v 0.523664 3.370026 -2.140237
v 0.523664 3.370026 -2.140237
v 0.523664 3.370026 -2.140237
v 0.449904 3.376273 -2.139720
v 0.449904 3.376273 -2.139720
v 0.449904 3.376273 -2.139720
v 0.514928 3.387116 -2.203383
v 0.514928 3.387116 -2.203383
v 0.514928 3.387116 -2.203383
v 0.515306 3.387153 -2.149896
v 0.515306 3.387153 -2.149896
v 0.515306 3.387153 -2.149896
v 0.460509 3.391725 -2.203001
v 0.460509 3.391725 -2.203001
v 0.460509 3.391725 -2.203001
v 0.460887 3.391762 -2.149514
v 0.460887 3.391762 -2.149514
v 0.460887 3.391762 -2.149514
v 0.202759 3.397011 -2.290455
v 0.202759 3.397011 -2.290455
v 0.202759 3.397011 -2.290455
v 0.129000 3.403259 -2.289937
v 0.129000 3.403259 -2.289937
v 0.129000 3.403259 -2.289937
v 0.203275 3.397061 -2.217557
v 0.203275 3.397061 -2.217557
v 0.203275 3.397061 -2.217557
v 0.129515 3.403309 -2.217040
v 0.129515 3.403309 -2.217040
v 0.129515 3.403309 -2.217040
v 0.194540 3.414151 -2.280703
v 0.194540 3.414151 -2.280703
v 0.194540 3.414151 -2.280703
v 0.194917 3.414188 -2.227215
v 0.194917 3.414188 -2.227215
v 0.194917 3.414188 -2.227215
v 0.140121 3.418761 -2.280321
v 0.140121 3.418761 -2.280321
v 0.140121 3.418761 -2.280321
v 0.140498 3.418798 -2.226834
v 0.140498 3.418798 -2.226834
v 0.140498 3.418798 -2.226834
v 0.358557 3.383814 -2.292114
v 0.358557 3.383814 -2.292114
v 0.358557 3.383814 -2.292114
v 0.211483 3.396271 -2.291083
v 0.211483 3.396271 -2.291083
v 0.211483 3.396271 -2.291083
v 0.359072 3.383864 -2.219216
v 0.359072 3.383864 -2.219216
v 0.359072 3.383864 -2.219216
v 0.211998 3.396322 -2.218185
v 0.211998 3.396322 -2.218185
v 0.211998 3.396322 -2.218185
v 0.348420 3.401116 -2.282349
v 0.348420 3.401116 -2.282349
v 0.348420 3.401116 -2.282349
v 0.348798 3.401153 -2.228861
v 0.348798 3.401153 -2.228861
v 0.348798 3.401153 -2.228861
v 0.224520 3.411611 -2.281480
v 0.224520 3.411611 -2.281480
v 0.224520 3.411611 -2.281480
v 0.224898 3.411648 -2.227992
v 0.224898 3.411648 -2.227992
v 0.224898 3.411648 -2.227992
v 0.517227 3.370373 -2.293227
v 0.517227 3.370373 -2.293227
v 0.517227 3.370373 -2.293227
v 0.370153 3.382831 -2.292195
v 0.370153 3.382831 -2.292195
v 0.370153 3.382831 -2.292195
v 0.517742 3.370424 -2.220329
v 0.517742 3.370424 -2.220329
v 0.517742 3.370424 -2.220329
v 0.370669 3.382882 -2.219297
v 0.370669 3.382882 -2.219297
v 0.370669 3.382882 -2.219297
v 0.507091 3.387676 -2.283461
v 0.507091 3.387676 -2.283461
v 0.507091 3.387676 -2.283461
v 0.507469 3.387713 -2.229974
v 0.507469 3.387713 -2.229974
v 0.507469 3.387713 -2.229974
v 0.383191 3.398171 -2.282592
v 0.383191 3.398171 -2.282592
v 0.383191 3.398171 -2.282592
v 0.383569 3.398208 -2.229105
v 0.383569 3.398208 -2.229105
v 0.383569 3.398208 -2.229105
v 0.521734 3.370393 -1.982387
v 0.521734 3.370393 -1.982387
v 0.521734 3.370393 -1.982387
v 0.520691 3.370291 -2.129987
v 0.520691 3.370291 -2.129987
v 0.520691 3.370291 -2.129987
v 0.449096 3.376545 -1.981877
v 0.449096 3.376545 -1.981877
v 0.449096 3.376545 -1.981877
v 0.448053 3.376443 -2.129478
v 0.448053 3.376443 -2.129478
v 0.448053 3.376443 -2.129478
v 0.513363 3.387518 -1.993968
v 0.513363 3.387518 -1.993968
v 0.513363 3.387518 -1.993968
v 0.460067 3.392033 -1.993594
v 0.460067 3.392033 -1.993594
v 0.460067 3.392033 -1.993594
v 0.512483 3.387432 -2.118312
v 0.512483 3.387432 -2.118312
v 0.512483 3.387432 -2.118312
v 0.459187 3.391947 -2.117938
v 0.459187 3.391947 -2.117938
v 0.459187 3.391947 -2.117938
v 0.552619 3.367701 -2.309843
v 0.552619 3.367701 -2.309843
v 0.552619 3.367701 -2.309843
v 0.016189 3.413139 -2.306081
v 0.016189 3.413139 -2.306081
v 0.016189 3.413139 -2.306081
v 0.565485 3.368957 -0.490547
v 0.565485 3.368957 -0.490547
v 0.565485 3.368957 -0.490547
v 0.029054 3.414395 -0.486785
v 0.029054 3.414395 -0.486785
v 0.029054 3.414395 -0.486785
v 0.564831 3.361235 -0.490537
v 0.564831 3.361235 -0.490537
v 0.564831 3.361235 -0.490537
v 0.564831 3.361235 -0.490537
v 0.551965 3.359979 -2.309833
v 0.551965 3.359979 -2.309833
v 0.551965 3.359979 -2.309833
v 0.551965 3.359979 -2.309833
v 0.015535 3.405417 -2.306071
v 0.015535 3.405417 -2.306071
v 0.015535 3.405417 -2.306071
v 0.015535 3.405417 -2.306071
v 0.028400 3.406674 -0.486775
v 0.028400 3.406674 -0.486775
v 0.028400 3.406674 -0.486775
v 0.028400 3.406674 -0.486775
v 0.563532 3.345904 -0.490517
v 0.563532 3.345904 -0.490517
v 0.563532 3.345904 -0.490517
v 0.550667 3.344648 -2.309813
v 0.550667 3.344648 -2.309813
v 0.550667 3.344648 -2.309813
v 0.014236 3.390086 -2.306051
v 0.014236 3.390086 -2.306051
v 0.014236 3.390086 -2.306051
v 0.027102 3.391342 -0.486755
v 0.027102 3.391342 -0.486755
v 0.027102 3.391342 -0.486755
v 0.261780 3.383960 1.011012
v 0.261780 3.383960 1.011012
v 0.261780 3.383960 1.011012
v 0.188020 3.390208 1.011530
v 0.188020 3.390208 1.011530
v 0.188020 3.390208 1.011530
v 0.262296 3.384011 1.083911
v 0.262296 3.384011 1.083911
v 0.262296 3.384011 1.083911
v 0.188536 3.390259 1.084428
v 0.188536 3.390259 1.084428
v 0.188536 3.390259 1.084428
v 0.253560 3.401101 1.020765
v 0.253560 3.401101 1.020765
v 0.253560 3.401101 1.020765
v 0.253938 3.401138 1.074252
v 0.253938 3.401138 1.074252
v 0.253938 3.401138 1.074252
v 0.199141 3.405710 1.021146
v 0.199141 3.405710 1.021146
v 0.199141 3.405710 1.021146
v 0.199519 3.405747 1.074633
v 0.199519 3.405747 1.074633
v 0.199519 3.405747 1.074633
v 0.184534 3.390504 1.011554
v 0.184534 3.390504 1.011554
v 0.184534 3.390504 1.011554
v 0.110774 3.396751 1.012072
v 0.110774 3.396751 1.012072
v 0.110774 3.396751 1.012072
v 0.185050 3.390554 1.084452
v 0.185050 3.390554 1.084452
v 0.185050 3.390554 1.084452
v 0.111290 3.396802 1.084969
v 0.111290 3.396802 1.084969
v 0.111290 3.396802 1.084969
v 0.176314 3.407644 1.021306
v 0.176314 3.407644 1.021306
v 0.176314 3.407644 1.021306
v 0.176692 3.407681 1.074794
v 0.176692 3.407681 1.074794
v 0.176692 3.407681 1.074794
v 0.121895 3.412254 1.021688
v 0.121895 3.412254 1.021688
v 0.121895 3.412254 1.021688
v 0.122273 3.412290 1.075175
v 0.122273 3.412290 1.075175
v 0.122273 3.412290 1.075175
v 0.182348 3.390587 0.932411
v 0.182348 3.390587 0.932411
v 0.182348 3.390587 0.932411
v 0.108588 3.396834 0.932928
v 0.108588 3.396834 0.932928
v 0.108588 3.396834 0.932928
v 0.182864 3.390637 1.005309
v 0.182864 3.390637 1.005309
v 0.182864 3.390637 1.005309
v 0.109103 3.396885 1.005826
v 0.109103 3.396885 1.005826
v 0.109103 3.396885 1.005826
v 0.174128 3.407727 0.942163
v 0.174128 3.407727 0.942163
v 0.174128 3.407727 0.942163
v 0.174506 3.407764 0.995650
v 0.174506 3.407764 0.995650
v 0.174506 3.407764 0.995650
v 0.119709 3.412337 0.942544
v 0.119709 3.412337 0.942544
v 0.119709 3.412337 0.942544
v 0.120087 3.412374 0.996032
v 0.120087 3.412374 0.996032
v 0.120087 3.412374 0.996032
v 0.261220 3.383906 0.931858
v 0.261220 3.383906 0.931858
v 0.261220 3.383906 0.931858
v 0.187460 3.390154 0.932375
v 0.187460 3.390154 0.932375
v 0.187460 3.390154 0.932375
v 0.261736 3.383956 1.004756
v 0.261736 3.383956 1.004756
v 0.261736 3.383956 1.004756
v 0.187976 3.390204 1.005273
v 0.187976 3.390204 1.005273
v 0.187976 3.390204 1.005273
v 0.253000 3.401046 0.941610
v 0.253000 3.401046 0.941610
v 0.253000 3.401046 0.941610
v 0.253379 3.401083 0.995097
v 0.253379 3.401083 0.995097
v 0.253379 3.401083 0.995097
v 0.198581 3.405656 0.941991
v 0.198581 3.405656 0.941991
v 0.198581 3.405656 0.941991
v 0.198960 3.405693 0.995479
v 0.198960 3.405693 0.995479
v 0.198960 3.405693 0.995479
v 0.258233 3.384059 0.854352
v 0.258233 3.384059 0.854352
v 0.258233 3.384059 0.854352
v 0.184473 3.390307 0.854869
v 0.184473 3.390307 0.854869
v 0.184473 3.390307 0.854869
v 0.258748 3.384109 0.927250
v 0.258748 3.384109 0.927250
v 0.258748 3.384109 0.927250
v 0.184988 3.390357 0.927767
v 0.184988 3.390357 0.927767
v 0.184988 3.390357 0.927767
v 0.250013 3.401199 0.864104
v 0.250013 3.401199 0.864104
v 0.250013 3.401199 0.864104
v 0.250391 3.401236 0.917592
v 0.250391 3.401236 0.917592
v 0.250391 3.401236 0.917592
v 0.195593 3.405809 0.864486
v 0.195593 3.405809 0.864486
v 0.195593 3.405809 0.864486
v 0.195972 3.405846 0.917973
v 0.195972 3.405846 0.917973
v 0.195972 3.405846 0.917973
v 0.180981 3.390601 0.854078
v 0.180981 3.390601 0.854078
v 0.180981 3.390601 0.854078
v 0.107221 3.396849 0.854595
v 0.107221 3.396849 0.854595
v 0.107221 3.396849 0.854595
v 0.181496 3.390652 0.926976
v 0.181496 3.390652 0.926976
v 0.181496 3.390652 0.926976
v 0.107736 3.396900 0.927493
v 0.107736 3.396900 0.927493
v 0.107736 3.396900 0.927493
v 0.172761 3.407742 0.863830
v 0.172761 3.407742 0.863830
v 0.172761 3.407742 0.863830
v 0.173139 3.407779 0.917317
v 0.173139 3.407779 0.917317
v 0.173139 3.407779 0.917317
v 0.118342 3.412351 0.864211
v 0.118342 3.412351 0.864211
v 0.118342 3.412351 0.864211
v 0.118720 3.412388 0.917699
v 0.118720 3.412388 0.917699
v 0.118720 3.412388 0.917699
v 0.084999 3.398725 0.849855
v 0.084999 3.398725 0.849855
v 0.084999 3.398725 0.849855
v 0.011238 3.404973 0.850372
v 0.011238 3.404973 0.850372
v 0.011238 3.404973 0.850372
v 0.085514 3.398776 0.922753
v 0.085514 3.398776 0.922753
v 0.085514 3.398776 0.922753
v 0.011754 3.405023 0.923270
v 0.011754 3.405023 0.923270
v 0.011754 3.405023 0.923270
v 0.076778 3.415866 0.859607
v 0.076778 3.415866 0.859607
v 0.076778 3.415866 0.859607
v 0.077156 3.415903 0.913094
v 0.077156 3.415903 0.913094
v 0.077156 3.415903 0.913094
v 0.022359 3.420475 0.859988
v 0.022359 3.420475 0.859988
v 0.022359 3.420475 0.859988
v 0.022738 3.420512 0.913476
v 0.022738 3.420512 0.913476
v 0.022738 3.420512 0.913476
v 0.083943 3.398919 0.930653
v 0.083943 3.398919 0.930653
v 0.083943 3.398919 0.930653
v 0.010184 3.405167 0.931170
v 0.010184 3.405167 0.931170
v 0.010184 3.405167 0.931170
v 0.084459 3.398969 1.003551
v 0.084459 3.398969 1.003551
v 0.084459 3.398969 1.003551
v 0.010699 3.405217 1.004068
v 0.010699 3.405217 1.004068
v 0.010699 3.405217 1.004068
v 0.075723 3.416059 0.940405
v 0.075723 3.416059 0.940405
v 0.075723 3.416059 0.940405
v 0.076102 3.416096 0.993892
v 0.076102 3.416096 0.993892
v 0.076102 3.416096 0.993892
v 0.021304 3.420669 0.940786
v 0.021304 3.420669 0.940786
v 0.021304 3.420669 0.940786
v 0.021683 3.420706 0.994274
v 0.021683 3.420706 0.994274
v 0.021683 3.420706 0.994274
v 0.083708 3.399044 1.012262
v 0.083708 3.399044 1.012262
v 0.083708 3.399044 1.012262
v 0.009947 3.405292 1.012779
v 0.009947 3.405292 1.012779
v 0.009947 3.405292 1.012779
v 0.084223 3.399094 1.085159
v 0.084223 3.399094 1.085159
v 0.084223 3.399094 1.085159
v 0.010463 3.405342 1.085677
v 0.010463 3.405342 1.085677
v 0.010463 3.405342 1.085677
v 0.075487 3.416184 1.022014
v 0.075487 3.416184 1.022014
v 0.075487 3.416184 1.022014
v 0.075865 3.416221 1.075501
v 0.075865 3.416221 1.075501
v 0.075865 3.416221 1.075501
v 0.021068 3.420794 1.022395
v 0.021068 3.420794 1.022395
v 0.021068 3.420794 1.022395
v 0.021447 3.420831 1.075882
v 0.021447 3.420831 1.075882
v 0.021447 3.420831 1.075882
v 0.094706 3.398695 1.463634
v 0.094706 3.398695 1.463634
v 0.094706 3.398695 1.463634
v 0.020946 3.404943 1.464151
v 0.020946 3.404943 1.464151
v 0.020946 3.404943 1.464151
v 0.095222 3.398745 1.536532
v 0.095222 3.398745 1.536532
v 0.095222 3.398745 1.536532
v 0.021461 3.404993 1.537049
v 0.021461 3.404993 1.537049
v 0.021461 3.404993 1.537049
v 0.086485 3.415835 1.473385
v 0.086485 3.415835 1.473385
v 0.086485 3.415835 1.473385
v 0.086864 3.415872 1.526873
v 0.086864 3.415872 1.526873
v 0.086864 3.415872 1.526873
v 0.032066 3.420444 1.473767
v 0.032066 3.420444 1.473767
v 0.032066 3.420444 1.473767
v 0.032445 3.420481 1.527254
v 0.032445 3.420481 1.527254
v 0.032445 3.420481 1.527254
v 0.094332 3.398836 1.548834
v 0.094332 3.398836 1.548834
v 0.094332 3.398836 1.548834
v 0.020572 3.405084 1.549351
v 0.020572 3.405084 1.549351
v 0.020572 3.405084 1.549351
v 0.094848 3.398886 1.621732
v 0.094848 3.398886 1.621732
v 0.094848 3.398886 1.621732
v 0.021088 3.405134 1.622249
v 0.021088 3.405134 1.622249
v 0.021088 3.405134 1.622249
v 0.086112 3.415977 1.558586
v 0.086112 3.415977 1.558586
v 0.086112 3.415977 1.558586
v 0.086490 3.416013 1.612073
v 0.086490 3.416013 1.612073
v 0.086490 3.416013 1.612073
v 0.031693 3.420586 1.558967
v 0.031693 3.420586 1.558967
v 0.031693 3.420586 1.558967
v 0.032072 3.420623 1.612455
v 0.032072 3.420623 1.612455
v 0.032072 3.420623 1.612455
v 0.095870 3.398808 1.628145
v 0.095870 3.398808 1.628145
v 0.095870 3.398808 1.628145
v 0.022109 3.405056 1.628662
v 0.022109 3.405056 1.628662
v 0.022109 3.405056 1.628662
v 0.096385 3.398859 1.701043
v 0.096385 3.398859 1.701043
v 0.096385 3.398859 1.701043
v 0.022624 3.405106 1.701560
v 0.022624 3.405106 1.701560
v 0.022624 3.405106 1.701560
v 0.087649 3.415949 1.637897
v 0.087649 3.415949 1.637897
v 0.087649 3.415949 1.637897
v 0.088027 3.415986 1.691384
v 0.088027 3.415986 1.691384
v 0.088027 3.415986 1.691384
v 0.033230 3.420558 1.638278
v 0.033230 3.420558 1.638278
v 0.033230 3.420558 1.638278
v 0.033608 3.420595 1.691766
v 0.033608 3.420595 1.691766
v 0.033608 3.420595 1.691766
v 0.096486 3.398868 1.715297
v 0.096486 3.398868 1.715297
v 0.096486 3.398868 1.715297
v 0.022725 3.405116 1.715814
v 0.022725 3.405116 1.715814
v 0.022725 3.405116 1.715814
v 0.097001 3.398919 1.788195
v 0.097001 3.398919 1.788195
v 0.097001 3.398919 1.788195
v 0.023240 3.405167 1.788712
v 0.023240 3.405167 1.788712
v 0.023240 3.405167 1.788712
v 0.088265 3.416009 1.725049
v 0.088265 3.416009 1.725049
v 0.088265 3.416009 1.725049
v 0.088643 3.416046 1.778536
v 0.088643 3.416046 1.778536
v 0.088643 3.416046 1.778536
v 0.033846 3.420618 1.725430
v 0.033846 3.420618 1.725430
v 0.033846 3.420618 1.725430
v 0.034224 3.420655 1.778917
v 0.034224 3.420655 1.778917
v 0.034224 3.420655 1.778917
v 0.199245 3.390824 2.226297
v 0.199245 3.390824 2.226297
v 0.199245 3.390824 2.226297
v 0.125485 3.397072 2.226815
v 0.125485 3.397072 2.226815
v 0.125485 3.397072 2.226815
v 0.199761 3.390874 2.299195
v 0.199761 3.390874 2.299195
v 0.199761 3.390874 2.299195
v 0.126000 3.397122 2.299713
v 0.126000 3.397122 2.299713
v 0.126000 3.397122 2.299713
v 0.191025 3.407964 2.236049
v 0.191025 3.407964 2.236049
v 0.191025 3.407964 2.236049
v 0.191403 3.408001 2.289537
v 0.191403 3.408001 2.289537
v 0.191403 3.408001 2.289537
v 0.136606 3.412574 2.236431
v 0.136606 3.412574 2.236431
v 0.136606 3.412574 2.236431
v 0.136984 3.412611 2.289918
v 0.136984 3.412611 2.289918
v 0.136984 3.412611 2.289918
v 0.515873 3.363983 2.207387
v 0.515873 3.363983 2.207387
v 0.515873 3.363983 2.207387
v 0.442113 3.370230 2.207904
v 0.442113 3.370230 2.207904
v 0.442113 3.370230 2.207904
v 0.516458 3.364040 2.290160
v 0.516458 3.364040 2.290160
v 0.516458 3.364040 2.290160
v 0.442698 3.370288 2.290678
v 0.442698 3.370288 2.290678
v 0.442698 3.370288 2.290678
v 0.507662 3.381124 2.218454
v 0.507662 3.381124 2.218454
v 0.507662 3.381124 2.218454
v 0.508092 3.381166 2.279187
v 0.508092 3.381166 2.279187
v 0.508092 3.381166 2.279187
v 0.453243 3.385734 2.218836
v 0.453243 3.385734 2.218836
v 0.453243 3.385734 2.218836
v 0.453673 3.385776 2.279569
v 0.453673 3.385776 2.279569
v 0.453673 3.385776 2.279569
v 0.513833 3.364031 2.110596
v 0.513833 3.364031 2.110596
v 0.513833 3.364031 2.110596
v 0.440073 3.370279 2.111114
v 0.440073 3.370279 2.111114
v 0.440073 3.370279 2.111114
v 0.514451 3.364091 2.197924
v 0.514451 3.364091 2.197924
v 0.514451 3.364091 2.197924
v 0.440690 3.370339 2.198441
v 0.440690 3.370339 2.198441
v 0.440690 3.370339 2.198441
v 0.505627 3.381172 2.122269
v 0.505627 3.381172 2.122269
v 0.505627 3.381172 2.122269
v 0.506080 3.381217 2.186344
v 0.506080 3.381217 2.186344
v 0.506080 3.381217 2.186344
v 0.451208 3.385782 2.122651
v 0.451208 3.385782 2.122651
v 0.451208 3.385782 2.122651
v 0.451661 3.385826 2.186726
v 0.451661 3.385826 2.186726
v 0.451661 3.385826 2.186726
v 0.512391 3.364013 2.002477
v 0.512391 3.364013 2.002477
v 0.512391 3.364013 2.002477
v 0.438631 3.370261 2.002995
v 0.438631 3.370261 2.002995
v 0.438631 3.370261 2.002995
v 0.513009 3.364074 2.089805
v 0.513009 3.364074 2.089805
v 0.513009 3.364074 2.089805
v 0.439248 3.370322 2.090322
v 0.439248 3.370322 2.090322
v 0.439248 3.370322 2.090322
v 0.504184 3.381155 2.014151
v 0.504184 3.381155 2.014151
v 0.504184 3.381155 2.014151
v 0.504637 3.381199 2.078225
v 0.504637 3.381199 2.078225
v 0.504637 3.381199 2.078225
v 0.449766 3.385765 2.014532
v 0.449766 3.385765 2.014532
v 0.449766 3.385765 2.014532
v 0.450219 3.385809 2.078607
v 0.450219 3.385809 2.078607
v 0.450219 3.385809 2.078607
v 0.505212 3.363854 1.407730
v 0.505212 3.363854 1.407730
v 0.505212 3.363854 1.407730
v 0.431451 3.370102 1.408247
v 0.431451 3.370102 1.408247
v 0.431451 3.370102 1.408247
v 0.505829 3.363915 1.495057
v 0.505829 3.363915 1.495057
v 0.505829 3.363915 1.495057
v 0.432069 3.370163 1.495575
v 0.432069 3.370163 1.495575
v 0.432069 3.370163 1.495575
v 0.497005 3.380996 1.419403
v 0.497005 3.380996 1.419403
v 0.497005 3.380996 1.419403
v 0.497458 3.381041 1.483478
v 0.497458 3.381041 1.483478
v 0.497458 3.381041 1.483478
v 0.442586 3.385606 1.419784
v 0.442586 3.385606 1.419784
v 0.442586 3.385606 1.419784
v 0.443039 3.385650 1.483859
v 0.443039 3.385650 1.483859
v 0.443039 3.385650 1.483859
v 0.503519 3.363861 1.301483
v 0.503519 3.363861 1.301483
v 0.503519 3.363861 1.301483
v 0.429759 3.370109 1.302000
v 0.429759 3.370109 1.302000
v 0.429759 3.370109 1.302000
v 0.504136 3.363921 1.388810
v 0.504136 3.363921 1.388810
v 0.504136 3.363921 1.388810
v 0.430376 3.370169 1.389327
v 0.430376 3.370169 1.389327
v 0.430376 3.370169 1.389327
v 0.495312 3.381003 1.313156
v 0.495312 3.381003 1.313156
v 0.495312 3.381003 1.313156
v 0.495765 3.381047 1.377230
v 0.495765 3.381047 1.377230
v 0.495765 3.381047 1.377230
v 0.440893 3.385612 1.313537
v 0.440893 3.385612 1.313537
v 0.440893 3.385612 1.313537
v 0.441346 3.385656 1.377612
v 0.441346 3.385656 1.377612
v 0.441346 3.385656 1.377612
v 0.497214 3.364735 1.109137
v 0.497214 3.364735 1.109137
v 0.497214 3.364735 1.109137
v 0.428736 3.370535 1.109617
v 0.428736 3.370535 1.109617
v 0.428736 3.370535 1.109617
v 0.497788 3.364791 1.190211
v 0.497788 3.364791 1.190211
v 0.497788 3.364791 1.190211
v 0.429309 3.370591 1.190691
v 0.429309 3.370591 1.190691
v 0.429309 3.370591 1.190691
v 0.489595 3.380649 1.119974
v 0.489595 3.380649 1.119974
v 0.489595 3.380649 1.119974
v 0.490016 3.380690 1.179461
v 0.490016 3.380690 1.179461
v 0.490016 3.380690 1.179461
v 0.439073 3.384929 1.120329
v 0.439073 3.384929 1.120329
v 0.439073 3.384929 1.120329
v 0.439494 3.384970 1.179815
v 0.439494 3.384970 1.179815
v 0.439494 3.384970 1.179815
v 0.499337 3.364685 1.209714
v 0.499337 3.364685 1.209714
v 0.499337 3.364685 1.209714
v 0.430859 3.370485 1.210194
v 0.430859 3.370485 1.210194
v 0.430859 3.370485 1.210194
v 0.499911 3.364741 1.290788
v 0.499911 3.364741 1.290788
v 0.499911 3.364741 1.290788
v 0.431432 3.370541 1.291268
v 0.431432 3.370541 1.291268
v 0.431432 3.370541 1.291268
v 0.491718 3.380599 1.220551
v 0.491718 3.380599 1.220551
v 0.491718 3.380599 1.220551
v 0.492139 3.380640 1.280038
v 0.492139 3.380640 1.280038
v 0.492139 3.380640 1.280038
v 0.441196 3.384879 1.220905
v 0.441196 3.384879 1.220905
v 0.441196 3.384879 1.220905
v 0.441617 3.384920 1.280392
v 0.441617 3.384920 1.280392
v 0.441617 3.384920 1.280392
v 0.258102 3.384993 1.114159
v 0.258102 3.384993 1.114159
v 0.258102 3.384993 1.114159
v 0.189624 3.390794 1.114639
v 0.189624 3.390794 1.114639
v 0.189624 3.390794 1.114639
v 0.258820 3.385063 1.215630
v 0.258820 3.385063 1.215630
v 0.258820 3.385063 1.215630
v 0.190342 3.390864 1.216111
v 0.190342 3.390864 1.216111
v 0.190342 3.390864 1.216111
v 0.250503 3.400909 1.127712
v 0.250503 3.400909 1.127712
v 0.250503 3.400909 1.127712
v 0.251029 3.400961 1.202164
v 0.251029 3.400961 1.202164
v 0.251029 3.400961 1.202164
v 0.199981 3.405189 1.128066
v 0.199981 3.405189 1.128066
v 0.199981 3.405189 1.128066
v 0.200507 3.405240 1.202519
v 0.200507 3.405240 1.202519
v 0.200507 3.405240 1.202519
v 0.276854 3.384791 2.188774
v 0.276854 3.384791 2.188774
v 0.276854 3.384791 2.188774
v 0.208375 3.390591 2.189254
v 0.208375 3.390591 2.189254
v 0.208375 3.390591 2.189254
v 0.277571 3.384861 2.290245
v 0.277571 3.384861 2.290245
v 0.277571 3.384861 2.290245
v 0.209093 3.390661 2.290725
v 0.209093 3.390661 2.290725
v 0.209093 3.390661 2.290725
v 0.269254 3.400707 2.202327
v 0.269254 3.400707 2.202327
v 0.269254 3.400707 2.202327
v 0.269780 3.400758 2.276779
v 0.269780 3.400758 2.276779
v 0.269780 3.400758 2.276779
v 0.218732 3.404986 2.202681
v 0.218732 3.404986 2.202681
v 0.218732 3.404986 2.202681
v 0.219258 3.405038 2.277133
v 0.219258 3.405038 2.277133
v 0.219258 3.405038 2.277133
v 0.181896 3.391454 1.119208
v 0.181896 3.391454 1.119208
v 0.181896 3.391454 1.119208
v 0.113418 3.397254 1.119689
v 0.113418 3.397254 1.119689
v 0.113418 3.397254 1.119689
v 0.182876 3.391550 1.257756
v 0.182876 3.391550 1.257756
v 0.182876 3.391550 1.257756
v 0.114398 3.397350 1.258236
v 0.114398 3.397350 1.258236
v 0.114398 3.397350 1.258236
v 0.174331 3.407374 1.137698
v 0.174331 3.407374 1.137698
v 0.174331 3.407374 1.137698
v 0.175050 3.407444 1.239354
v 0.175050 3.407444 1.239354
v 0.175050 3.407444 1.239354
v 0.123809 3.411653 1.138052
v 0.123809 3.411653 1.138052
v 0.123809 3.411653 1.138052
v 0.124528 3.411723 1.239708
v 0.124528 3.411723 1.239708
v 0.124528 3.411723 1.239708
v 0.338237 3.378198 1.108061
v 0.338237 3.378198 1.108061
v 0.338237 3.378198 1.108061
v 0.269759 3.383999 1.108541
v 0.269759 3.383999 1.108541
v 0.269759 3.383999 1.108541
v 0.339439 3.378316 1.278043
v 0.339439 3.378316 1.278043
v 0.339439 3.378316 1.278043
v 0.270961 3.384116 1.278524
v 0.270961 3.384116 1.278524
v 0.270961 3.384116 1.278524
v 0.330626 3.394113 1.120019
v 0.330626 3.394113 1.120019
v 0.330626 3.394113 1.120019
v 0.331659 3.394214 1.266172
v 0.331659 3.394214 1.266172
v 0.331659 3.394214 1.266172
v 0.280104 3.398393 1.120374
v 0.280104 3.398393 1.120374
v 0.280104 3.398393 1.120374
v 0.281138 3.398494 1.266526
v 0.281138 3.398494 1.266526
v 0.281138 3.398494 1.266526
v 0.428336 3.371872 2.120171
v 0.428336 3.371872 2.120171
v 0.428336 3.371872 2.120171
v 0.359858 3.377673 2.120651
v 0.359858 3.377673 2.120651
v 0.359858 3.377673 2.120651
v 0.429538 3.371990 2.290153
v 0.429538 3.371990 2.290153
v 0.429538 3.371990 2.290153
v 0.361060 3.377790 2.290633
v 0.361060 3.377790 2.290633
v 0.361060 3.377790 2.290633
v 0.420725 3.387788 2.132129
v 0.420725 3.387788 2.132129
v 0.420725 3.387788 2.132129
v 0.421759 3.387888 2.278282
v 0.421759 3.387888 2.278282
v 0.421759 3.387888 2.278282
v 0.370203 3.392067 2.132483
v 0.370203 3.392067 2.132483
v 0.370203 3.392067 2.132483
v 0.371237 3.392168 2.278636
v 0.371237 3.392168 2.278636
v 0.371237 3.392168 2.278636
v 0.417957 3.371452 1.112317
v 0.417957 3.371452 1.112317
v 0.417957 3.371452 1.112317
v 0.349478 3.377252 1.112798
v 0.349478 3.377252 1.112798
v 0.349478 3.377252 1.112798
v 0.419368 3.371590 1.311839
v 0.419368 3.371590 1.311839
v 0.419368 3.371590 1.311839
v 0.350889 3.377390 1.312319
v 0.350889 3.377390 1.312319
v 0.350889 3.377390 1.312319
v 0.410360 3.387368 1.126346
v 0.410360 3.387368 1.126346
v 0.410360 3.387368 1.126346
v 0.411573 3.387487 1.297897
v 0.411573 3.387487 1.297897
v 0.411573 3.387487 1.297897
v 0.359838 3.391648 1.126700
v 0.359838 3.391648 1.126700
v 0.359838 3.391648 1.126700
v 0.361051 3.391766 1.298252
v 0.361051 3.391766 1.298252
v 0.361051 3.391766 1.298252
v 0.351880 3.378402 2.161831
v 0.351880 3.378402 2.161831
v 0.351880 3.378402 2.161831
v 0.283402 3.384202 2.162311
v 0.283402 3.384202 2.162311
v 0.283402 3.384202 2.162311
v 0.352783 3.378490 2.289490
v 0.352783 3.378490 2.289490
v 0.352783 3.378490 2.289490
v 0.284305 3.384290 2.289970
v 0.284305 3.384290 2.289970
v 0.284305 3.384290 2.289970
v 0.344305 3.394320 2.178871
v 0.344305 3.394320 2.178871
v 0.344305 3.394320 2.178871
v 0.344968 3.394385 2.272538
v 0.344968 3.394385 2.272538
v 0.344968 3.394385 2.272538
v 0.293783 3.398600 2.179224
v 0.293783 3.398600 2.179224
v 0.293783 3.398600 2.179224
v 0.294445 3.398664 2.272892
v 0.294445 3.398664 2.272892
v 0.294445 3.398664 2.272892
v 0.199555 3.390693 2.145069
v 0.199555 3.390693 2.145069
v 0.199555 3.390693 2.145069
v 0.125795 3.396941 2.145586
v 0.125795 3.396941 2.145586
v 0.125795 3.396941 2.145586
v 0.200071 3.390743 2.217967
v 0.200071 3.390743 2.217967
v 0.200071 3.390743 2.217967
v 0.126311 3.396991 2.218483
v 0.126311 3.396991 2.218483
v 0.126311 3.396991 2.218483
v 0.191335 3.407834 2.154820
v 0.191335 3.407834 2.154820
v 0.191335 3.407834 2.154820
v 0.191713 3.407870 2.208308
v 0.191713 3.407870 2.208308
v 0.191713 3.407870 2.208308
v 0.136916 3.412443 2.155202
v 0.136916 3.412443 2.155202
v 0.136916 3.412443 2.155202
v 0.137294 3.412480 2.208689
v 0.137294 3.412480 2.208689
v 0.137294 3.412480 2.208689
v 0.198338 3.390691 2.063508
v 0.198338 3.390691 2.063508
v 0.198338 3.390691 2.063508
v 0.124578 3.396939 2.064025
v 0.124578 3.396939 2.064025
v 0.124578 3.396939 2.064025
v 0.198854 3.390741 2.136406
v 0.198854 3.390741 2.136406
v 0.198854 3.390741 2.136406
v 0.125094 3.396989 2.136923
v 0.125094 3.396989 2.136923
v 0.125094 3.396989 2.136923
v 0.190118 3.407831 2.073260
v 0.190118 3.407831 2.073260
v 0.190118 3.407831 2.073260
v 0.190496 3.407868 2.126747
v 0.190496 3.407868 2.126747
v 0.190496 3.407868 2.126747
v 0.135699 3.412441 2.073641
v 0.135699 3.412441 2.073641
v 0.135699 3.412441 2.073641
v 0.136077 3.412478 2.127129
v 0.136077 3.412478 2.127129
v 0.136077 3.412478 2.127129
v 0.196500 3.390745 1.984521
v 0.196500 3.390745 1.984521
v 0.196500 3.390745 1.984521
v 0.122740 3.396993 1.985038
v 0.122740 3.396993 1.985038
v 0.122740 3.396993 1.985038
v 0.197016 3.390795 2.057419
v 0.197016 3.390795 2.057419
v 0.197016 3.390795 2.057419
v 0.123255 3.397043 2.057936
v 0.123255 3.397043 2.057936
v 0.123255 3.397043 2.057936
v 0.188280 3.407885 1.994273
v 0.188280 3.407885 1.994273
v 0.188280 3.407885 1.994273
v 0.188658 3.407922 2.047760
v 0.188658 3.407922 2.047760
v 0.188658 3.407922 2.047760
v 0.133861 3.412495 1.994655
v 0.133861 3.412495 1.994655
v 0.133861 3.412495 1.994655
v 0.134239 3.412532 2.048141
v 0.134239 3.412532 2.048141
v 0.134239 3.412532 2.048141
v 0.196235 3.390663 1.903371
v 0.196235 3.390663 1.903371
v 0.196235 3.390663 1.903371
v 0.122475 3.396910 1.903889
v 0.122475 3.396910 1.903889
v 0.122475 3.396910 1.903889
v 0.196750 3.390713 1.976269
v 0.196750 3.390713 1.976269
v 0.196750 3.390713 1.976269
v 0.122990 3.396961 1.976786
v 0.122990 3.396961 1.976786
v 0.122990 3.396961 1.976786
v 0.188014 3.407803 1.913123
v 0.188014 3.407803 1.913123
v 0.188014 3.407803 1.913123
v 0.188393 3.407840 1.966610
v 0.188393 3.407840 1.966610
v 0.188393 3.407840 1.966610
v 0.133595 3.412413 1.913505
v 0.133595 3.412413 1.913505
v 0.133595 3.412413 1.913505
v 0.133974 3.412449 1.966992
v 0.133974 3.412449 1.966992
v 0.133974 3.412449 1.966992
v 0.195066 3.390661 1.825325
v 0.195066 3.390661 1.825325
v 0.195066 3.390661 1.825325
v 0.121306 3.396909 1.825842
v 0.121306 3.396909 1.825842
v 0.121306 3.396909 1.825842
v 0.195581 3.390711 1.898223
v 0.195581 3.390711 1.898223
v 0.195581 3.390711 1.898223
v 0.121821 3.396959 1.898740
v 0.121821 3.396959 1.898740
v 0.121821 3.396959 1.898740
v 0.186845 3.407801 1.835077
v 0.186845 3.407801 1.835077
v 0.186845 3.407801 1.835077
v 0.187223 3.407838 1.888564
v 0.187223 3.407838 1.888564
v 0.187223 3.407838 1.888564
v 0.132426 3.412411 1.835459
v 0.132426 3.412411 1.835459
v 0.132426 3.412411 1.835459
v 0.132805 3.412448 1.888946
v 0.132805 3.412448 1.888946
v 0.132805 3.412448 1.888946
v 0.193877 3.390657 1.744491
v 0.193877 3.390657 1.744491
v 0.193877 3.390657 1.744491
v 0.120116 3.396905 1.745009
v 0.120116 3.396905 1.745009
v 0.120116 3.396905 1.745009
v 0.194392 3.390708 1.817389
v 0.194392 3.390708 1.817389
v 0.194392 3.390708 1.817389
v 0.120632 3.396956 1.817906
v 0.120632 3.396956 1.817906
v 0.120632 3.396956 1.817906
v 0.185656 3.407798 1.754243
v 0.185656 3.407798 1.754243
v 0.185656 3.407798 1.754243
v 0.186035 3.407835 1.807731
v 0.186035 3.407835 1.807731
v 0.186035 3.407835 1.807731
v 0.131237 3.412407 1.754625
v 0.131237 3.412407 1.754625
v 0.131237 3.412407 1.754625
v 0.131616 3.412444 1.808112
v 0.131616 3.412444 1.808112
v 0.131616 3.412444 1.808112
v 0.192707 3.390656 1.666445
v 0.192707 3.390656 1.666445
v 0.192707 3.390656 1.666445
v 0.118947 3.396904 1.666963
v 0.118947 3.396904 1.666963
v 0.118947 3.396904 1.666963
v 0.193223 3.390706 1.739343
v 0.193223 3.390706 1.739343
v 0.193223 3.390706 1.739343
v 0.119463 3.396954 1.739860
v 0.119463 3.396954 1.739860
v 0.119463 3.396954 1.739860
v 0.184487 3.407796 1.676197
v 0.184487 3.407796 1.676197
v 0.184487 3.407796 1.676197
v 0.184866 3.407833 1.729684
v 0.184866 3.407833 1.729684
v 0.184866 3.407833 1.729684
v 0.130068 3.412406 1.676579
v 0.130068 3.412406 1.676579
v 0.130068 3.412406 1.676579
v 0.130447 3.412443 1.730066
v 0.130447 3.412443 1.730066
v 0.130447 3.412443 1.730066
v 0.191521 3.390652 1.585921
v 0.191521 3.390652 1.585921
v 0.191521 3.390652 1.585921
v 0.117760 3.396900 1.586439
v 0.117760 3.396900 1.586439
v 0.117760 3.396900 1.586439
v 0.192036 3.390703 1.658819
v 0.192036 3.390703 1.658819
v 0.192036 3.390703 1.658819
v 0.118276 3.396951 1.659336
v 0.118276 3.396951 1.659336
v 0.118276 3.396951 1.659336
v 0.183301 3.407793 1.595673
v 0.183301 3.407793 1.595673
v 0.183301 3.407793 1.595673
v 0.183679 3.407830 1.649161
v 0.183679 3.407830 1.649161
v 0.183679 3.407830 1.649161
v 0.128882 3.412402 1.596055
v 0.128882 3.412402 1.596055
v 0.128882 3.412402 1.596055
v 0.129260 3.412439 1.649542
v 0.129260 3.412439 1.649542
v 0.129260 3.412439 1.649542
v 0.190649 3.390624 1.506325
v 0.190649 3.390624 1.506325
v 0.190649 3.390624 1.506325
v 0.116889 3.396872 1.506842
v 0.116889 3.396872 1.506842
v 0.116889 3.396872 1.506842
v 0.191165 3.390674 1.579222
v 0.191165 3.390674 1.579222
v 0.191165 3.390674 1.579222
v 0.117405 3.396922 1.579739
v 0.117405 3.396922 1.579739
v 0.117405 3.396922 1.579739
v 0.182429 3.407764 1.516076
v 0.182429 3.407764 1.516076
v 0.182429 3.407764 1.516076
v 0.182807 3.407801 1.569564
v 0.182807 3.407801 1.569564
v 0.182807 3.407801 1.569564
v 0.128010 3.412374 1.516458
v 0.128010 3.412374 1.516458
v 0.128010 3.412374 1.516458
v 0.128388 3.412410 1.569945
v 0.128388 3.412410 1.569945
v 0.128388 3.412410 1.569945
v 0.189465 3.390620 1.426110
v 0.189465 3.390620 1.426110
v 0.189465 3.390620 1.426110
v 0.115704 3.396868 1.426628
v 0.115704 3.396868 1.426628
v 0.115704 3.396868 1.426628
v 0.189981 3.390671 1.499008
v 0.189981 3.390671 1.499008
v 0.189981 3.390671 1.499008
v 0.116220 3.396919 1.499525
v 0.116220 3.396919 1.499525
v 0.116220 3.396919 1.499525
v 0.181244 3.407761 1.435862
v 0.181244 3.407761 1.435862
v 0.181244 3.407761 1.435862
v 0.181623 3.407798 1.489349
v 0.181623 3.407798 1.489349
v 0.181623 3.407798 1.489349
v 0.126826 3.412370 1.436244
v 0.126826 3.412370 1.436244
v 0.126826 3.412370 1.436244
v 0.127204 3.412407 1.489731
v 0.127204 3.412407 1.489731
v 0.127204 3.412407 1.489731
v 0.187978 3.390644 1.346828
v 0.187978 3.390644 1.346828
v 0.187978 3.390644 1.346828
v 0.114217 3.396892 1.347345
v 0.114217 3.396892 1.347345
v 0.114217 3.396892 1.347345
v 0.188494 3.390695 1.419725
v 0.188494 3.390695 1.419725
v 0.188494 3.390695 1.419725
v 0.114733 3.396942 1.420243
v 0.114733 3.396942 1.420243
v 0.114733 3.396942 1.420243
v 0.179758 3.407785 1.356579
v 0.179758 3.407785 1.356579
v 0.179758 3.407785 1.356579
v 0.180137 3.407821 1.410067
v 0.180137 3.407821 1.410067
v 0.180137 3.407821 1.410067
v 0.125339 3.412394 1.356961
v 0.125339 3.412394 1.356961
v 0.125339 3.412394 1.356961
v 0.125718 3.412431 1.410448
v 0.125718 3.412431 1.410448
v 0.125718 3.412431 1.410448
v 0.187107 3.390615 1.267231
v 0.187107 3.390615 1.267231
v 0.187107 3.390615 1.267231
v 0.113346 3.396863 1.267748
v 0.113346 3.396863 1.267748
v 0.113346 3.396863 1.267748
v 0.187622 3.390666 1.340129
v 0.187622 3.390666 1.340129
v 0.187622 3.390666 1.340129
v 0.113862 3.396914 1.340646
v 0.113862 3.396914 1.340646
v 0.113862 3.396914 1.340646
v 0.178887 3.407756 1.276983
v 0.178887 3.407756 1.276983
v 0.178887 3.407756 1.276983
v 0.179265 3.407793 1.330470
v 0.179265 3.407793 1.330470
v 0.179265 3.407793 1.330470
v 0.124468 3.412365 1.277364
v 0.124468 3.412365 1.277364
v 0.124468 3.412365 1.277364
v 0.124846 3.412402 1.330852
v 0.124846 3.412402 1.330852
v 0.124846 3.412402 1.330852
v 0.266373 3.383849 1.226533
v 0.266373 3.383849 1.226533
v 0.266373 3.383849 1.226533
v 0.192612 3.390097 1.227050
v 0.192612 3.390097 1.227050
v 0.192612 3.390097 1.227050
v 0.266888 3.383900 1.299430
v 0.266888 3.383900 1.299430
v 0.266888 3.383900 1.299430
v 0.193128 3.390148 1.299948
v 0.193128 3.390148 1.299948
v 0.193128 3.390148 1.299948
v 0.258153 3.400990 1.236284
v 0.258153 3.400990 1.236284
v 0.258153 3.400990 1.236284
v 0.258530 3.401027 1.289772
v 0.258530 3.401027 1.289772
v 0.258530 3.401027 1.289772
v 0.203733 3.405599 1.236666
v 0.203733 3.405599 1.236666
v 0.203733 3.405599 1.236666
v 0.204111 3.405636 1.290153
v 0.204111 3.405636 1.290153
v 0.204111 3.405636 1.290153
v 0.266931 3.383904 1.305475
v 0.266931 3.383904 1.305475
v 0.266931 3.383904 1.305475
v 0.193171 3.390152 1.305992
v 0.193171 3.390152 1.305992
v 0.193171 3.390152 1.305992
v 0.267446 3.383954 1.378373
v 0.267446 3.383954 1.378373
v 0.267446 3.383954 1.378373
v 0.193686 3.390202 1.378890
v 0.193686 3.390202 1.378890
v 0.193686 3.390202 1.378890
v 0.258711 3.401044 1.315227
v 0.258711 3.401044 1.315227
v 0.258711 3.401044 1.315227
v 0.259089 3.401081 1.368714
v 0.259089 3.401081 1.368714
v 0.259089 3.401081 1.368714
v 0.204292 3.405654 1.315609
v 0.204292 3.405654 1.315609
v 0.204292 3.405654 1.315609
v 0.204670 3.405691 1.369096
v 0.204670 3.405691 1.369096
v 0.204670 3.405691 1.369096
v 0.268391 3.383884 1.386195
v 0.268391 3.383884 1.386195
v 0.268391 3.383884 1.386195
v 0.194630 3.390132 1.386713
v 0.194630 3.390132 1.386713
v 0.194630 3.390132 1.386713
v 0.268906 3.383935 1.459093
v 0.268906 3.383935 1.459093
v 0.268906 3.383935 1.459093
v 0.195146 3.390182 1.459610
v 0.195146 3.390182 1.459610
v 0.195146 3.390182 1.459610
v 0.260170 3.401025 1.395947
v 0.260170 3.401025 1.395947
v 0.260170 3.401025 1.395947
v 0.260549 3.401062 1.449434
v 0.260549 3.401062 1.449434
v 0.260549 3.401062 1.449434
v 0.205751 3.405634 1.396329
v 0.205751 3.405634 1.396329
v 0.205751 3.405634 1.396329
v 0.206129 3.405671 1.449816
v 0.206129 3.405671 1.449816
v 0.206129 3.405671 1.449816
v 0.269390 3.383901 1.464688
v 0.269390 3.383901 1.464688
v 0.269390 3.383901 1.464688
v 0.195630 3.390149 1.465206
v 0.195630 3.390149 1.465206
v 0.195630 3.390149 1.465206
v 0.269906 3.383951 1.537586
v 0.269906 3.383951 1.537586
v 0.269906 3.383951 1.537586
v 0.196145 3.390199 1.538104
v 0.196145 3.390199 1.538104
v 0.196145 3.390199 1.538104
v 0.261170 3.401041 1.474440
v 0.261170 3.401041 1.474440
v 0.261170 3.401041 1.474440
v 0.261548 3.401078 1.527928
v 0.261548 3.401078 1.527928
v 0.261548 3.401078 1.527928
v 0.206751 3.405651 1.474822
v 0.206751 3.405651 1.474822
v 0.206751 3.405651 1.474822
v 0.207129 3.405688 1.528309
v 0.207129 3.405688 1.528309
v 0.207129 3.405688 1.528309
v 0.269510 3.383994 1.544526
v 0.269510 3.383994 1.544526
v 0.269510 3.383994 1.544526
v 0.195750 3.390242 1.545044
v 0.195750 3.390242 1.545044
v 0.195750 3.390242 1.545044
v 0.270026 3.384044 1.617424
v 0.270026 3.384044 1.617424
v 0.270026 3.384044 1.617424
v 0.196265 3.390292 1.617941
v 0.196265 3.390292 1.617941
v 0.196265 3.390292 1.617941
v 0.261290 3.401134 1.554278
v 0.261290 3.401134 1.554278
v 0.261290 3.401134 1.554278
v 0.261668 3.401171 1.607765
v 0.261668 3.401171 1.607765
v 0.261668 3.401171 1.607765
v 0.206871 3.405744 1.554660
v 0.206871 3.405744 1.554660
v 0.206871 3.405744 1.554660
v 0.207249 3.405781 1.608147
v 0.207249 3.405781 1.608147
v 0.207249 3.405781 1.608147
v 0.271556 3.383924 1.624425
v 0.271556 3.383924 1.624425
v 0.271556 3.383924 1.624425
v 0.197796 3.390171 1.624942
v 0.197796 3.390171 1.624942
v 0.197796 3.390171 1.624942
v 0.272072 3.383974 1.697322
v 0.272072 3.383974 1.697322
v 0.272072 3.383974 1.697322
v 0.198312 3.390222 1.697840
v 0.198312 3.390222 1.697840
v 0.198312 3.390222 1.697840
v 0.263337 3.401064 1.634177
v 0.263337 3.401064 1.634177
v 0.263337 3.401064 1.634177
v 0.263715 3.401101 1.687664
v 0.263715 3.401101 1.687664
v 0.263715 3.401101 1.687664
v 0.208918 3.405674 1.634558
v 0.208918 3.405674 1.634558
v 0.208918 3.405674 1.634558
v 0.209296 3.405710 1.688045
v 0.209296 3.405710 1.688045
v 0.209296 3.405710 1.688045
v 0.272487 3.383947 1.703587
v 0.272487 3.383947 1.703587
v 0.272487 3.383947 1.703587
v 0.198727 3.390195 1.704105
v 0.198727 3.390195 1.704105
v 0.198727 3.390195 1.704105
v 0.273003 3.383997 1.776485
v 0.273003 3.383997 1.776485
v 0.273003 3.383997 1.776485
v 0.199242 3.390245 1.777003
v 0.199242 3.390245 1.777003
v 0.199242 3.390245 1.777003
v 0.264266 3.401087 1.713339
v 0.264266 3.401087 1.713339
v 0.264266 3.401087 1.713339
v 0.264645 3.401124 1.766827
v 0.264645 3.401124 1.766827
v 0.264645 3.401124 1.766827
v 0.209847 3.405697 1.713721
v 0.209847 3.405697 1.713721
v 0.209847 3.405697 1.713721
v 0.210226 3.405734 1.767208
v 0.210226 3.405734 1.767208
v 0.210226 3.405734 1.767208
v 0.272685 3.384034 1.783871
v 0.272685 3.384034 1.783871
v 0.272685 3.384034 1.783871
v 0.198924 3.390281 1.784388
v 0.198924 3.390281 1.784388
v 0.198924 3.390281 1.784388
v 0.273200 3.384084 1.856769
v 0.273200 3.384084 1.856769
v 0.273200 3.384084 1.856769
v 0.199439 3.390332 1.857286
v 0.199439 3.390332 1.857286
v 0.199439 3.390332 1.857286
v 0.264464 3.401174 1.793623
v 0.264464 3.401174 1.793623
v 0.264464 3.401174 1.793623
v 0.264842 3.401211 1.847110
v 0.264842 3.401211 1.847110
v 0.264842 3.401211 1.847110
v 0.210045 3.405783 1.794004
v 0.210045 3.405783 1.794004
v 0.210045 3.405783 1.794004
v 0.210423 3.405820 1.847492
v 0.210423 3.405820 1.847492
v 0.210423 3.405820 1.847492
v 0.273622 3.384058 1.864148
v 0.273622 3.384058 1.864148
v 0.273622 3.384058 1.864148
v 0.199862 3.390306 1.864666
v 0.199862 3.390306 1.864666
v 0.199862 3.390306 1.864666
v 0.274138 3.384108 1.937046
v 0.274138 3.384108 1.937046
v 0.274138 3.384108 1.937046
v 0.200377 3.390356 1.937564
v 0.200377 3.390356 1.937564
v 0.200377 3.390356 1.937564
v 0.265402 3.401198 1.873900
v 0.265402 3.401198 1.873900
v 0.265402 3.401198 1.873900
v 0.265780 3.401235 1.927388
v 0.265780 3.401235 1.927388
v 0.265780 3.401235 1.927388
v 0.210983 3.405807 1.874282
v 0.210983 3.405807 1.874282
v 0.210983 3.405807 1.874282
v 0.211361 3.405844 1.927769
v 0.211361 3.405844 1.927769
v 0.211361 3.405844 1.927769
v 0.274917 3.384049 1.942566
v 0.274917 3.384049 1.942566
v 0.274917 3.384049 1.942566
v 0.201157 3.390297 1.943083
v 0.201157 3.390297 1.943083
v 0.201157 3.390297 1.943083
v 0.275433 3.384099 2.015463
v 0.275433 3.384099 2.015463
v 0.275433 3.384099 2.015463
v 0.201673 3.390347 2.015980
v 0.201673 3.390347 2.015980
v 0.201673 3.390347 2.015980
v 0.266697 3.401190 1.952317
v 0.266697 3.401190 1.952317
v 0.266697 3.401190 1.952317
v 0.267076 3.401226 2.005805
v 0.267076 3.401226 2.005805
v 0.267076 3.401226 2.005805
v 0.212278 3.405799 1.952699
v 0.212278 3.405799 1.952699
v 0.212278 3.405799 1.952699
v 0.212657 3.405836 2.006186
v 0.212657 3.405836 2.006186
v 0.212657 3.405836 2.006186
v 0.275856 3.384073 2.022843
v 0.275856 3.384073 2.022843
v 0.275856 3.384073 2.022843
v 0.202096 3.390321 2.023361
v 0.202096 3.390321 2.023361
v 0.202096 3.390321 2.023361
v 0.276371 3.384124 2.095741
v 0.276371 3.384124 2.095741
v 0.276371 3.384124 2.095741
v 0.202611 3.390371 2.096259
v 0.202611 3.390371 2.096259
v 0.202611 3.390371 2.096259
v 0.267635 3.401214 2.032595
v 0.267635 3.401214 2.032595
v 0.267635 3.401214 2.032595
v 0.268013 3.401251 2.086082
v 0.268013 3.401251 2.086082
v 0.268013 3.401251 2.086082
v 0.213217 3.405823 2.032977
v 0.213217 3.405823 2.032977
v 0.213217 3.405823 2.032977
v 0.213594 3.405860 2.086464
v 0.213594 3.405860 2.086464
v 0.213594 3.405860 2.086464
v 0.277156 3.384065 2.102004
v 0.277156 3.384065 2.102004
v 0.277156 3.384065 2.102004
v 0.203396 3.390313 2.102521
v 0.203396 3.390313 2.102521
v 0.203396 3.390313 2.102521
v 0.277672 3.384115 2.174901
v 0.277672 3.384115 2.174901
v 0.277672 3.384115 2.174901
v 0.203911 3.390363 2.175419
v 0.203911 3.390363 2.175419
v 0.203911 3.390363 2.175419
v 0.268936 3.401206 2.111755
v 0.268936 3.401206 2.111755
v 0.268936 3.401206 2.111755
v 0.269314 3.401242 2.165243
v 0.269314 3.401242 2.165243
v 0.269314 3.401242 2.165243
v 0.214517 3.405815 2.112137
v 0.214517 3.405815 2.112137
v 0.214517 3.405815 2.112137
v 0.214895 3.405852 2.165624
v 0.214895 3.405852 2.165624
v 0.214895 3.405852 2.165624
v 0.508501 3.363703 1.506660
v 0.508501 3.363703 1.506660
v 0.508501 3.363703 1.506660
v 0.434741 3.369951 1.507177
v 0.434741 3.369951 1.507177
v 0.434741 3.369951 1.507177
v 0.511894 3.364035 1.986390
v 0.511894 3.364035 1.986390
v 0.511894 3.364035 1.986390
v 0.438134 3.370283 1.986907
v 0.438134 3.370283 1.986907
v 0.438134 3.370283 1.986907
v 0.500309 3.380847 1.520330
v 0.500309 3.380847 1.520330
v 0.500309 3.380847 1.520330
v 0.503508 3.381159 1.972813
v 0.503508 3.381159 1.972813
v 0.503508 3.381159 1.972813
v 0.445890 3.385456 1.520711
v 0.445890 3.385456 1.520711
v 0.445890 3.385456 1.520711
v 0.449090 3.385769 1.973195
v 0.449090 3.385769 1.973195
v 0.449090 3.385769 1.973195
v 0.355898 3.377369 2.081029
v 0.355898 3.377369 2.081029
v 0.355898 3.377369 2.081029
v 0.282138 3.383617 2.081546
v 0.282138 3.383617 2.081546
v 0.282138 3.383617 2.081546
v 0.356414 3.377419 2.153927
v 0.356414 3.377419 2.153927
v 0.356414 3.377419 2.153927
v 0.282654 3.383667 2.154444
v 0.282654 3.383667 2.154444
v 0.282654 3.383667 2.154444
v 0.347678 3.394509 2.090781
v 0.347678 3.394509 2.090781
v 0.347678 3.394509 2.090781
v 0.348057 3.394546 2.144268
v 0.348057 3.394546 2.144268
v 0.348057 3.394546 2.144268
v 0.293260 3.399119 2.091162
v 0.293260 3.399119 2.091162
v 0.293260 3.399119 2.091162
v 0.293638 3.399156 2.144650
v 0.293638 3.399156 2.144650
v 0.293638 3.399156 2.144650
v 0.355340 3.377314 2.002033
v 0.355340 3.377314 2.002033
v 0.355340 3.377314 2.002033
v 0.281580 3.383562 2.002550
v 0.281580 3.383562 2.002550
v 0.281580 3.383562 2.002550
v 0.355856 3.377365 2.074931
v 0.355856 3.377365 2.074931
v 0.355856 3.377365 2.074931
v 0.282095 3.383612 2.075448
v 0.282095 3.383612 2.075448
v 0.282095 3.383612 2.075448
v 0.347120 3.394455 2.011785
v 0.347120 3.394455 2.011785
v 0.347120 3.394455 2.011785
v 0.347498 3.394492 2.065272
v 0.347498 3.394492 2.065272
v 0.347498 3.394492 2.065272
v 0.292701 3.399064 2.012167
v 0.292701 3.399064 2.012167
v 0.292701 3.399064 2.012167
v 0.293079 3.399101 2.065654
v 0.293079 3.399101 2.065654
v 0.293079 3.399101 2.065654
v 0.354781 3.377260 1.923037
v 0.354781 3.377260 1.923037
v 0.354781 3.377260 1.923037
v 0.281021 3.383507 1.923554
v 0.281021 3.383507 1.923554
v 0.281021 3.383507 1.923554
v 0.355297 3.377310 1.995935
v 0.355297 3.377310 1.995935
v 0.355297 3.377310 1.995935
v 0.281537 3.383558 1.996452
v 0.281537 3.383558 1.996452
v 0.281537 3.383558 1.996452
v 0.346561 3.394400 1.932789
v 0.346561 3.394400 1.932789
v 0.346561 3.394400 1.932789
v 0.346940 3.394437 1.986276
v 0.346940 3.394437 1.986276
v 0.346940 3.394437 1.986276
v 0.292142 3.399010 1.933170
v 0.292142 3.399010 1.933170
v 0.292142 3.399010 1.933170
v 0.292521 3.399047 1.986658
v 0.292521 3.399047 1.986658
v 0.292521 3.399047 1.986658
v 0.353574 3.377259 1.842761
v 0.353574 3.377259 1.842761
v 0.353574 3.377259 1.842761
v 0.279814 3.383506 1.843278
v 0.279814 3.383506 1.843278
v 0.279814 3.383506 1.843278
v 0.354089 3.377309 1.915659
v 0.354089 3.377309 1.915659
v 0.354089 3.377309 1.915659
v 0.280329 3.383557 1.916176
v 0.280329 3.383557 1.916176
v 0.280329 3.383557 1.916176
v 0.345354 3.394399 1.852513
v 0.345354 3.394399 1.852513
v 0.345354 3.394399 1.852513
v 0.345732 3.394436 1.906000
v 0.345732 3.394436 1.906000
v 0.345732 3.394436 1.906000
v 0.290935 3.399009 1.852895
v 0.290935 3.399009 1.852895
v 0.290935 3.399009 1.852895
v 0.291313 3.399045 1.906382
v 0.291313 3.399045 1.906382
v 0.291313 3.399045 1.906382
v 0.352633 3.377234 1.762111
v 0.352633 3.377234 1.762111
v 0.352633 3.377234 1.762111
v 0.278873 3.383482 1.762628
v 0.278873 3.383482 1.762628
v 0.278873 3.383482 1.762628
v 0.353148 3.377285 1.835009
v 0.353148 3.377285 1.835009
v 0.353148 3.377285 1.835009
v 0.279389 3.383532 1.835526
v 0.279389 3.383532 1.835526
v 0.279389 3.383532 1.835526
v 0.344413 3.394375 1.771863
v 0.344413 3.394375 1.771863
v 0.344413 3.394375 1.771863
v 0.344791 3.394412 1.825350
v 0.344791 3.394412 1.825350
v 0.344791 3.394412 1.825350
v 0.289994 3.398984 1.772245
v 0.289994 3.398984 1.772245
v 0.289994 3.398984 1.772245
v 0.290372 3.399021 1.825732
v 0.290372 3.399021 1.825732
v 0.290372 3.399021 1.825732
v 0.350970 3.377274 1.684069
v 0.350970 3.377274 1.684069
v 0.350970 3.377274 1.684069
v 0.277210 3.383522 1.684586
v 0.277210 3.383522 1.684586
v 0.277210 3.383522 1.684586
v 0.351486 3.377325 1.756966
v 0.351486 3.377325 1.756966
v 0.351486 3.377325 1.756966
v 0.277725 3.383573 1.757483
v 0.277725 3.383573 1.757483
v 0.277725 3.383573 1.757483
v 0.342750 3.394415 1.693821
v 0.342750 3.394415 1.693821
v 0.342750 3.394415 1.693821
v 0.343128 3.394452 1.747308
v 0.343128 3.394452 1.747308
v 0.343128 3.394452 1.747308
v 0.288331 3.399024 1.694202
v 0.288331 3.399024 1.694202
v 0.288331 3.399024 1.694202
v 0.288709 3.399061 1.747690
v 0.288709 3.399061 1.747690
v 0.288709 3.399061 1.747690
v 0.349665 3.377282 1.604165
v 0.349665 3.377282 1.604165
v 0.349665 3.377282 1.604165
v 0.275904 3.383530 1.604682
v 0.275904 3.383530 1.604682
v 0.275904 3.383530 1.604682
v 0.350180 3.377332 1.677063
v 0.350180 3.377332 1.677063
v 0.350180 3.377332 1.677063
v 0.276419 3.383580 1.677580
v 0.276419 3.383580 1.677580
v 0.276419 3.383580 1.677580
v 0.341444 3.394422 1.613917
v 0.341444 3.394422 1.613917
v 0.341444 3.394422 1.613917
v 0.341823 3.394459 1.667404
v 0.341823 3.394459 1.667404
v 0.341823 3.394459 1.667404
v 0.287025 3.399032 1.614298
v 0.287025 3.399032 1.614298
v 0.287025 3.399032 1.614298
v 0.287404 3.399069 1.667786
v 0.287404 3.399069 1.667786
v 0.287404 3.399069 1.667786
v 0.349097 3.377227 1.523885
v 0.349097 3.377227 1.523885
v 0.349097 3.377227 1.523885
v 0.275337 3.383474 1.524402
v 0.275337 3.383474 1.524402
v 0.275337 3.383474 1.524402
v 0.349612 3.377277 1.596782
v 0.349612 3.377277 1.596782
v 0.349612 3.377277 1.596782
v 0.275852 3.383525 1.597300
v 0.275852 3.383525 1.597300
v 0.275852 3.383525 1.597300
v 0.340876 3.394367 1.533636
v 0.340876 3.394367 1.533636
v 0.340876 3.394367 1.533636
v 0.341255 3.394404 1.587124
v 0.341255 3.394404 1.587124
v 0.341255 3.394404 1.587124
v 0.286457 3.398977 1.534018
v 0.286457 3.398977 1.534018
v 0.286457 3.398977 1.534018
v 0.286836 3.399013 1.587505
v 0.286836 3.399013 1.587505
v 0.286836 3.399013 1.587505
v 0.347796 3.377234 1.444724
v 0.347796 3.377234 1.444724
v 0.347796 3.377234 1.444724
v 0.274036 3.383482 1.445241
v 0.274036 3.383482 1.445241
v 0.274036 3.383482 1.445241
v 0.348312 3.377285 1.517622
v 0.348312 3.377285 1.517622
v 0.348312 3.377285 1.517622
v 0.274551 3.383533 1.518139
v 0.274551 3.383533 1.518139
v 0.274551 3.383533 1.518139
v 0.339576 3.394375 1.454476
v 0.339576 3.394375 1.454476
v 0.339576 3.394375 1.454476
v 0.339954 3.394412 1.507963
v 0.339954 3.394412 1.507963
v 0.339954 3.394412 1.507963
v 0.285157 3.398984 1.454857
v 0.285157 3.398984 1.454857
v 0.285157 3.398984 1.454857
v 0.285535 3.399021 1.508345
v 0.285535 3.399021 1.508345
v 0.285535 3.399021 1.508345
v 0.347229 3.377179 1.364444
v 0.347229 3.377179 1.364444
v 0.347229 3.377179 1.364444
v 0.273468 3.383427 1.364961
v 0.273468 3.383427 1.364961
v 0.273468 3.383427 1.364961
v 0.347744 3.377229 1.437341
v 0.347744 3.377229 1.437341
v 0.347744 3.377229 1.437341
v 0.273984 3.383477 1.437859
v 0.273984 3.383477 1.437859
v 0.273984 3.383477 1.437859
v 0.339008 3.394320 1.374196
v 0.339008 3.394320 1.374196
v 0.339008 3.394320 1.374196
v 0.339387 3.394356 1.427683
v 0.339387 3.394356 1.427683
v 0.339387 3.394356 1.427683
v 0.284589 3.398929 1.374577
v 0.284589 3.398929 1.374577
v 0.284589 3.398929 1.374577
v 0.284968 3.398966 1.428064
v 0.284968 3.398966 1.428064
v 0.284968 3.398966 1.428064
v 0.345560 3.377219 1.285658
v 0.345560 3.377219 1.285658
v 0.345560 3.377219 1.285658
v 0.271800 3.383467 1.286175
v 0.271800 3.383467 1.286175
v 0.271800 3.383467 1.286175
v 0.346076 3.377269 1.358556
v 0.346076 3.377269 1.358556
v 0.346076 3.377269 1.358556
v 0.272315 3.383517 1.359073
v 0.272315 3.383517 1.359073
v 0.272315 3.383517 1.359073
v 0.337340 3.394359 1.295409
v 0.337340 3.394359 1.295409
v 0.337340 3.394359 1.295409
v 0.337718 3.394396 1.348897
v 0.337718 3.394396 1.348897
v 0.337718 3.394396 1.348897
v 0.282921 3.398969 1.295791
v 0.282921 3.398969 1.295791
v 0.282921 3.398969 1.295791
v 0.283299 3.399006 1.349279
v 0.283299 3.399006 1.349279
v 0.283299 3.399006 1.349279
v 0.424547 3.370578 1.323640
v 0.424547 3.370578 1.323640
v 0.424547 3.370578 1.323640
v 0.350787 3.376826 1.324158
v 0.350787 3.376826 1.324158
v 0.350787 3.376826 1.324158
v 0.425062 3.370628 1.396538
v 0.425062 3.370628 1.396538
v 0.425062 3.370628 1.396538
v 0.351302 3.376876 1.397055
v 0.351302 3.376876 1.397055
v 0.351302 3.376876 1.397055
v 0.416327 3.387718 1.333392
v 0.416327 3.387718 1.333392
v 0.416327 3.387718 1.333392
v 0.416705 3.387755 1.386880
v 0.416705 3.387755 1.386880
v 0.416705 3.387755 1.386880
v 0.361908 3.392328 1.333774
v 0.361908 3.392328 1.333774
v 0.361908 3.392328 1.333774
v 0.362286 3.392365 1.387261
v 0.362286 3.392365 1.387261
v 0.362286 3.392365 1.387261
v 0.425741 3.370578 1.401989
v 0.425741 3.370578 1.401989
v 0.425741 3.370578 1.401989
v 0.351981 3.376826 1.402507
v 0.351981 3.376826 1.402507
v 0.351981 3.376826 1.402507
v 0.426257 3.370628 1.474887
v 0.426257 3.370628 1.474887
v 0.426257 3.370628 1.474887
v 0.352496 3.376876 1.475405
v 0.352496 3.376876 1.475405
v 0.352496 3.376876 1.475405
v 0.417521 3.387718 1.411741
v 0.417521 3.387718 1.411741
v 0.417521 3.387718 1.411741
v 0.417899 3.387755 1.465229
v 0.417899 3.387755 1.465229
v 0.417899 3.387755 1.465229
v 0.363102 3.392328 1.412123
v 0.363102 3.392328 1.412123
v 0.363102 3.392328 1.412123
v 0.363480 3.392365 1.465610
v 0.363480 3.392365 1.465610
v 0.363480 3.392365 1.465610
v 0.427593 3.370525 1.482903
v 0.427593 3.370525 1.482903
v 0.427593 3.370525 1.482903
v 0.353833 3.376773 1.483420
v 0.353833 3.376773 1.483420
v 0.353833 3.376773 1.483420
v 0.428109 3.370576 1.555801
v 0.428109 3.370576 1.555801
v 0.428109 3.370576 1.555801
v 0.354349 3.376823 1.556319
v 0.354349 3.376823 1.556319
v 0.354349 3.376823 1.556319
v 0.419373 3.387666 1.492655
v 0.419373 3.387666 1.492655
v 0.419373 3.387666 1.492655
v 0.419751 3.387703 1.546142
v 0.419751 3.387703 1.546142
v 0.419751 3.387703 1.546142
v 0.364954 3.392275 1.493037
v 0.364954 3.392275 1.493037
v 0.364954 3.392275 1.493037
v 0.365333 3.392312 1.546524
v 0.365333 3.392312 1.546524
v 0.365333 3.392312 1.546524
v 0.428156 3.370580 1.562541
v 0.428156 3.370580 1.562541
v 0.428156 3.370580 1.562541
v 0.354396 3.376828 1.563059
v 0.354396 3.376828 1.563059
v 0.354396 3.376828 1.563059
v 0.428672 3.370631 1.635439
v 0.428672 3.370631 1.635439
v 0.428672 3.370631 1.635439
v 0.354912 3.376878 1.635957
v 0.354912 3.376878 1.635957
v 0.354912 3.376878 1.635957
v 0.419936 3.387721 1.572293
v 0.419936 3.387721 1.572293
v 0.419936 3.387721 1.572293
v 0.420314 3.387758 1.625781
v 0.420314 3.387758 1.625781
v 0.420314 3.387758 1.625781
v 0.365517 3.392330 1.572675
v 0.365517 3.392330 1.572675
v 0.365517 3.392330 1.572675
v 0.365896 3.392367 1.626162
v 0.365896 3.392367 1.626162
v 0.365896 3.392367 1.626162
v 0.428710 3.370635 1.640895
v 0.428710 3.370635 1.640895
v 0.428710 3.370635 1.640895
v 0.354950 3.376882 1.641412
v 0.354950 3.376882 1.641412
v 0.354950 3.376882 1.641412
v 0.429226 3.370685 1.713793
v 0.429226 3.370685 1.713793
v 0.429226 3.370685 1.713793
v 0.355466 3.376933 1.714311
v 0.355466 3.376933 1.714311
v 0.355466 3.376933 1.714311
v 0.420490 3.387775 1.650647
v 0.420490 3.387775 1.650647
v 0.420490 3.387775 1.650647
v 0.420868 3.387812 1.704134
v 0.420868 3.387812 1.704134
v 0.420868 3.387812 1.704134
v 0.366071 3.392384 1.651029
v 0.366071 3.392384 1.651029
v 0.366071 3.392384 1.651029
v 0.366450 3.392421 1.704516
v 0.366450 3.392421 1.704516
v 0.366450 3.392421 1.704516
v 0.429264 3.370689 1.719249
v 0.429264 3.370689 1.719249
v 0.429264 3.370689 1.719249
v 0.355504 3.376936 1.719766
v 0.355504 3.376936 1.719766
v 0.355504 3.376936 1.719766
v 0.429780 3.370739 1.792147
v 0.429780 3.370739 1.792147
v 0.429780 3.370739 1.792147
v 0.356020 3.376987 1.792664
v 0.356020 3.376987 1.792664
v 0.356020 3.376987 1.792664
v 0.421044 3.387829 1.729001
v 0.421044 3.387829 1.729001
v 0.421044 3.387829 1.729001
v 0.421422 3.387866 1.782488
v 0.421422 3.387866 1.782488
v 0.421422 3.387866 1.782488
v 0.366626 3.392438 1.729383
v 0.366626 3.392438 1.729383
v 0.366626 3.392438 1.729383
v 0.367004 3.392475 1.782870
v 0.367004 3.392475 1.782870
v 0.367004 3.392475 1.782870
v 0.429819 3.370743 1.797603
v 0.429819 3.370743 1.797603
v 0.429819 3.370743 1.797603
v 0.356058 3.376991 1.798120
v 0.356058 3.376991 1.798120
v 0.356058 3.376991 1.798120
v 0.430334 3.370793 1.870501
v 0.430334 3.370793 1.870501
v 0.430334 3.370793 1.870501
v 0.356574 3.377041 1.871018
v 0.356574 3.377041 1.871018
v 0.356574 3.377041 1.871018
v 0.421598 3.387883 1.807355
v 0.421598 3.387883 1.807355
v 0.421598 3.387883 1.807355
v 0.421977 3.387920 1.860842
v 0.421977 3.387920 1.860842
v 0.421977 3.387920 1.860842
v 0.367180 3.392493 1.807736
v 0.367180 3.392493 1.807736
v 0.367180 3.392493 1.807736
v 0.367558 3.392529 1.861224
v 0.367558 3.392529 1.861224
v 0.367558 3.392529 1.861224
v 0.430373 3.370797 1.875957
v 0.430373 3.370797 1.875957
v 0.430373 3.370797 1.875957
v 0.356612 3.377045 1.876474
v 0.356612 3.377045 1.876474
v 0.356612 3.377045 1.876474
v 0.430888 3.370847 1.948855
v 0.430888 3.370847 1.948855
v 0.430888 3.370847 1.948855
v 0.357128 3.377095 1.949372
v 0.357128 3.377095 1.949372
v 0.357128 3.377095 1.949372
v 0.422152 3.387937 1.885709
v 0.422152 3.387937 1.885709
v 0.422152 3.387937 1.885709
v 0.422530 3.387974 1.939196
v 0.422530 3.387974 1.939196
v 0.422530 3.387974 1.939196
v 0.367734 3.392547 1.886090
v 0.367734 3.392547 1.886090
v 0.367734 3.392547 1.886090
v 0.368112 3.392584 1.939578
v 0.368112 3.392584 1.939578
v 0.368112 3.392584 1.939578
v 0.430927 3.370851 1.954310
v 0.430927 3.370851 1.954310
v 0.430927 3.370851 1.954310
v 0.357167 3.377099 1.954828
v 0.357167 3.377099 1.954828
v 0.357167 3.377099 1.954828
v 0.431442 3.370901 2.027208
v 0.431442 3.370901 2.027208
v 0.431442 3.370901 2.027208
v 0.357682 3.377149 2.027726
v 0.357682 3.377149 2.027726
v 0.357682 3.377149 2.027726
v 0.422706 3.387991 1.964062
v 0.422706 3.387991 1.964062
v 0.422706 3.387991 1.964062
v 0.423085 3.388028 2.017550
v 0.423085 3.388028 2.017550
v 0.423085 3.388028 2.017550
v 0.368288 3.392601 1.964444
v 0.368288 3.392601 1.964444
v 0.368288 3.392601 1.964444
v 0.368666 3.392638 2.017931
v 0.368666 3.392638 2.017931
v 0.368666 3.392638 2.017931
v 0.431481 3.370905 2.032664
v 0.431481 3.370905 2.032664
v 0.431481 3.370905 2.032664
v 0.357721 3.377153 2.033182
v 0.357721 3.377153 2.033182
v 0.357721 3.377153 2.033182
v 0.431996 3.370955 2.105562
v 0.431996 3.370955 2.105562
v 0.431996 3.370955 2.105562
v 0.358236 3.377203 2.106080
v 0.358236 3.377203 2.106080
v 0.358236 3.377203 2.106080
v 0.423261 3.388046 2.042416
v 0.423261 3.388046 2.042416
v 0.423261 3.388046 2.042416
v 0.423639 3.388083 2.095903
v 0.423639 3.388083 2.095903
v 0.423639 3.388083 2.095903
v 0.368842 3.392655 2.042798
v 0.368842 3.392655 2.042798
v 0.368842 3.392655 2.042798
v 0.369220 3.392692 2.096285
v 0.369220 3.392692 2.096285
v 0.369220 3.392692 2.096285
v 0.104019 3.398684 2.066787
v 0.104019 3.398684 2.066787
v 0.104019 3.398684 2.066787
v 0.030259 3.404931 2.067305
v 0.030259 3.404931 2.067305
v 0.030259 3.404931 2.067305
v 0.104535 3.398734 2.139685
v 0.104535 3.398734 2.139685
v 0.104535 3.398734 2.139685
v 0.030775 3.404982 2.140203
v 0.030775 3.404982 2.140203
v 0.030775 3.404982 2.140203
v 0.095799 3.415824 2.076540
v 0.095799 3.415824 2.076540
v 0.095799 3.415824 2.076540
v 0.096178 3.415861 2.130027
v 0.096178 3.415861 2.130027
v 0.096178 3.415861 2.130027
v 0.041380 3.420434 2.076921
v 0.041380 3.420434 2.076921
v 0.041380 3.420434 2.076921
v 0.041759 3.420470 2.130408
v 0.041759 3.420470 2.130408
v 0.041759 3.420470 2.130408
v 0.102641 3.398697 1.986822
v 0.102641 3.398697 1.986822
v 0.102641 3.398697 1.986822
v 0.028881 3.404945 1.987340
v 0.028881 3.404945 1.987340
v 0.028881 3.404945 1.987340
v 0.103157 3.398747 2.059720
v 0.103157 3.398747 2.059720
v 0.103157 3.398747 2.059720
v 0.029396 3.404995 2.060238
v 0.029396 3.404995 2.060238
v 0.029396 3.404995 2.060238
v 0.094420 3.415838 1.996575
v 0.094420 3.415838 1.996575
v 0.094420 3.415838 1.996575
v 0.094799 3.415874 2.050062
v 0.094799 3.415874 2.050062
v 0.094799 3.415874 2.050062
v 0.040002 3.420447 1.996956
v 0.040002 3.420447 1.996956
v 0.040002 3.420447 1.996956
v 0.040380 3.420484 2.050444
v 0.040380 3.420484 2.050444
v 0.040380 3.420484 2.050444
v 0.101263 3.398711 1.906857
v 0.101263 3.398711 1.906857
v 0.101263 3.398711 1.906857
v 0.027502 3.404959 1.907375
v 0.027502 3.404959 1.907375
v 0.027502 3.404959 1.907375
v 0.101778 3.398761 1.979755
v 0.101778 3.398761 1.979755
v 0.101778 3.398761 1.979755
v 0.028018 3.405009 1.980273
v 0.028018 3.405009 1.980273
v 0.028018 3.405009 1.980273
v 0.093042 3.415851 1.916610
v 0.093042 3.415851 1.916610
v 0.093042 3.415851 1.916610
v 0.093420 3.415888 1.970097
v 0.093420 3.415888 1.970097
v 0.093420 3.415888 1.970097
v 0.038623 3.420461 1.916991
v 0.038623 3.420461 1.916991
v 0.038623 3.420461 1.916991
v 0.039002 3.420498 1.970478
v 0.039002 3.420498 1.970478
v 0.039002 3.420498 1.970478
v 0.101516 3.398587 1.827697
v 0.101516 3.398587 1.827697
v 0.101516 3.398587 1.827697
v 0.027755 3.404835 1.828214
v 0.027755 3.404835 1.828214
v 0.027755 3.404835 1.828214
v 0.102031 3.398638 1.900595
v 0.102031 3.398638 1.900595
v 0.102031 3.398638 1.900595
v 0.028271 3.404886 1.901112
v 0.028271 3.404886 1.901112
v 0.028271 3.404886 1.901112
v 0.093295 3.415728 1.837449
v 0.093295 3.415728 1.837449
v 0.093295 3.415728 1.837449
v 0.093674 3.415765 1.890936
v 0.093674 3.415765 1.890936
v 0.093674 3.415765 1.890936
v 0.038876 3.420337 1.837831
v 0.038876 3.420337 1.837831
v 0.038876 3.420337 1.837831
v 0.039255 3.420374 1.891318
v 0.039255 3.420374 1.891318
v 0.039255 3.420374 1.891318
v 0.094055 3.398600 1.347629
v 0.094055 3.398600 1.347629
v 0.094055 3.398600 1.347629
v 0.020295 3.404848 1.348146
v 0.020295 3.404848 1.348146
v 0.020295 3.404848 1.348146
v 0.094570 3.398650 1.420527
v 0.094570 3.398650 1.420527
v 0.094570 3.398650 1.420527
v 0.020810 3.404898 1.421044
v 0.020810 3.404898 1.421044
v 0.020810 3.404898 1.421044
v 0.085835 3.415740 1.357381
v 0.085835 3.415740 1.357381
v 0.085835 3.415740 1.357381
v 0.086213 3.415777 1.410868
v 0.086213 3.415777 1.410868
v 0.086213 3.415777 1.410868
v 0.031416 3.420350 1.357763
v 0.031416 3.420350 1.357763
v 0.031416 3.420350 1.357763
v 0.031794 3.420387 1.411250
v 0.031794 3.420387 1.411250
v 0.031794 3.420387 1.411250
v 0.093492 3.398545 1.268066
v 0.093492 3.398545 1.268066
v 0.093492 3.398545 1.268066
v 0.019733 3.404793 1.268584
v 0.019733 3.404793 1.268584
v 0.019733 3.404793 1.268584
v 0.094008 3.398596 1.340964
v 0.094008 3.398596 1.340964
v 0.094008 3.398596 1.340964
v 0.020248 3.404843 1.341481
v 0.020248 3.404843 1.341481
v 0.020248 3.404843 1.341481
v 0.085272 3.415686 1.277818
v 0.085272 3.415686 1.277818
v 0.085272 3.415686 1.277818
v 0.085650 3.415723 1.331305
v 0.085650 3.415723 1.331305
v 0.085650 3.415723 1.331305
v 0.030853 3.420295 1.278200
v 0.030853 3.420295 1.278200
v 0.030853 3.420295 1.278200
v 0.031231 3.420332 1.331687
v 0.031231 3.420332 1.331687
v 0.031231 3.420332 1.331687
v 0.092253 3.398548 1.188508
v 0.092253 3.398548 1.188508
v 0.092253 3.398548 1.188508
v 0.018492 3.404795 1.189026
v 0.018492 3.404795 1.189026
v 0.018492 3.404795 1.189026
v 0.092768 3.398598 1.261406
v 0.092768 3.398598 1.261406
v 0.092768 3.398598 1.261406
v 0.019007 3.404846 1.261923
v 0.019007 3.404846 1.261923
v 0.019007 3.404846 1.261923
v 0.084032 3.415688 1.198260
v 0.084032 3.415688 1.198260
v 0.084032 3.415688 1.198260
v 0.084410 3.415725 1.251747
v 0.084410 3.415725 1.251747
v 0.084410 3.415725 1.251747
v 0.029613 3.420298 1.198642
v 0.029613 3.420298 1.198642
v 0.029613 3.420298 1.198642
v 0.029991 3.420335 1.252129
v 0.029991 3.420335 1.252129
v 0.029991 3.420335 1.252129
v 0.090330 3.398607 1.108275
v 0.090330 3.398607 1.108275
v 0.090330 3.398607 1.108275
v 0.016569 3.404855 1.108792
v 0.016569 3.404855 1.108792
v 0.016569 3.404855 1.108792
v 0.090845 3.398657 1.181173
v 0.090845 3.398657 1.181173
v 0.090845 3.398657 1.181173
v 0.017085 3.404905 1.181690
v 0.017085 3.404905 1.181690
v 0.017085 3.404905 1.181690
v 0.082109 3.415747 1.118027
v 0.082109 3.415747 1.118027
v 0.082109 3.415747 1.118027
v 0.082488 3.415784 1.171514
v 0.082488 3.415784 1.171514
v 0.082488 3.415784 1.171514
v 0.027690 3.420357 1.118409
v 0.027690 3.420357 1.118409
v 0.027690 3.420357 1.118409
v 0.028069 3.420394 1.171896
v 0.028069 3.420394 1.171896
v 0.028069 3.420394 1.171896
v 0.419850 3.370470 0.931380
v 0.419850 3.370470 0.931380
v 0.419850 3.370470 0.931380
v 0.346090 3.376718 0.931898
v 0.346090 3.376718 0.931898
v 0.346090 3.376718 0.931898
v 0.420366 3.370520 1.004278
v 0.420366 3.370520 1.004278
v 0.420366 3.370520 1.004278
v 0.346606 3.376768 1.004795
v 0.346606 3.376768 1.004795
v 0.346606 3.376768 1.004795
v 0.411630 3.387610 0.941132
v 0.411630 3.387610 0.941132
v 0.411630 3.387610 0.941132
v 0.412009 3.387647 0.994619
v 0.412009 3.387647 0.994619
v 0.412009 3.387647 0.994619
v 0.357211 3.392220 0.941514
v 0.357211 3.392220 0.941514
v 0.357211 3.392220 0.941514
v 0.357590 3.392257 0.995001
v 0.357590 3.392257 0.995001
v 0.357590 3.392257 0.995001
v 0.499464 3.363726 0.930255
v 0.499464 3.363726 0.930255
v 0.499464 3.363726 0.930255
v 0.425704 3.369973 0.930772
v 0.425704 3.369973 0.930772
v 0.425704 3.369973 0.930772
v 0.499980 3.363776 1.003153
v 0.499980 3.363776 1.003153
v 0.499980 3.363776 1.003153
v 0.426219 3.370024 1.003670
v 0.426219 3.370024 1.003670
v 0.426219 3.370024 1.003670
v 0.491244 3.380866 0.940007
v 0.491244 3.380866 0.940007
v 0.491244 3.380866 0.940007
v 0.491622 3.380903 0.993494
v 0.491622 3.380903 0.993494
v 0.491622 3.380903 0.993494
v 0.436825 3.385475 0.940389
v 0.436825 3.385475 0.940389
v 0.436825 3.385475 0.940389
v 0.437203 3.385512 0.993876
v 0.437203 3.385512 0.993876
v 0.437203 3.385512 0.993876
v 0.500029 3.363781 1.010158
v 0.500029 3.363781 1.010158
v 0.500029 3.363781 1.010158
v 0.426269 3.370028 1.010675
v 0.426269 3.370028 1.010675
v 0.426269 3.370028 1.010675
v 0.500545 3.363831 1.083056
v 0.500545 3.363831 1.083056
v 0.500545 3.363831 1.083056
v 0.426784 3.370079 1.083573
v 0.426784 3.370079 1.083573
v 0.426784 3.370079 1.083573
v 0.491809 3.380921 1.019910
v 0.491809 3.380921 1.019910
v 0.491809 3.380921 1.019910
v 0.492187 3.380958 1.073397
v 0.492187 3.380958 1.073397
v 0.492187 3.380958 1.073397
v 0.437390 3.385531 1.020291
v 0.437390 3.385531 1.020291
v 0.437390 3.385531 1.020291
v 0.437768 3.385568 1.073779
v 0.437768 3.385568 1.073779
v 0.437768 3.385568 1.073779
v 0.497774 3.363766 0.850927
v 0.497774 3.363766 0.850927
v 0.497774 3.363766 0.850927
v 0.424014 3.370014 0.851444
v 0.424014 3.370014 0.851444
v 0.424014 3.370014 0.851444
v 0.498289 3.363817 0.923825
v 0.498289 3.363817 0.923825
v 0.498289 3.363817 0.923825
v 0.424529 3.370064 0.924342
v 0.424529 3.370064 0.924342
v 0.424529 3.370064 0.924342
v 0.489553 3.380907 0.860679
v 0.489553 3.380907 0.860679
v 0.489553 3.380907 0.860679
v 0.489932 3.380944 0.914166
v 0.489932 3.380944 0.914166
v 0.489932 3.380944 0.914166
v 0.435134 3.385516 0.861060
v 0.435134 3.385516 0.861060
v 0.435134 3.385516 0.861060
v 0.435513 3.385553 0.914548
v 0.435513 3.385553 0.914548
v 0.435513 3.385553 0.914548
v 0.180970 3.390480 0.759138
v 0.180970 3.390480 0.759138
v 0.180970 3.390480 0.759138
v 0.107209 3.396728 0.759655
v 0.107209 3.396728 0.759655
v 0.107209 3.396728 0.759655
v 0.181485 3.390530 0.832035
v 0.181485 3.390530 0.832035
v 0.181485 3.390530 0.832035
v 0.107724 3.396778 0.832553
v 0.107724 3.396778 0.832553
v 0.107724 3.396778 0.832553
v 0.172748 3.407620 0.768890
v 0.172748 3.407620 0.768890
v 0.172748 3.407620 0.768890
v 0.173127 3.407657 0.822377
v 0.173127 3.407657 0.822377
v 0.173127 3.407657 0.822377
v 0.118330 3.412230 0.769271
v 0.118330 3.412230 0.769271
v 0.118330 3.412230 0.769271
v 0.118708 3.412267 0.822758
v 0.118708 3.412267 0.822758
v 0.118708 3.412267 0.822758
v 0.179046 3.390539 0.678905
v 0.179046 3.390539 0.678905
v 0.179046 3.390539 0.678905
v 0.105286 3.396787 0.679422
v 0.105286 3.396787 0.679422
v 0.105286 3.396787 0.679422
v 0.179561 3.390590 0.751802
v 0.179561 3.390590 0.751802
v 0.179561 3.390590 0.751802
v 0.105802 3.396837 0.752319
v 0.105802 3.396837 0.752319
v 0.105802 3.396837 0.752319
v 0.170826 3.407680 0.688656
v 0.170826 3.407680 0.688656
v 0.170826 3.407680 0.688656
v 0.171204 3.407717 0.742144
v 0.171204 3.407717 0.742144
v 0.171204 3.407717 0.742144
v 0.116407 3.412289 0.689038
v 0.116407 3.412289 0.689038
v 0.116407 3.412289 0.689038
v 0.116785 3.412326 0.742525
v 0.116785 3.412326 0.742525
v 0.116785 3.412326 0.742525
v 0.258325 3.383824 0.678348
v 0.258325 3.383824 0.678348
v 0.258325 3.383824 0.678348
v 0.184565 3.390072 0.678866
v 0.184565 3.390072 0.678866
v 0.184565 3.390072 0.678866
v 0.258841 3.383874 0.751246
v 0.258841 3.383874 0.751246
v 0.258841 3.383874 0.751246
v 0.185080 3.390122 0.751763
v 0.185080 3.390122 0.751763
v 0.185080 3.390122 0.751763
v 0.250105 3.400964 0.688100
v 0.250105 3.400964 0.688100
v 0.250105 3.400964 0.688100
v 0.250483 3.401001 0.741588
v 0.250483 3.401001 0.741588
v 0.250483 3.401001 0.741588
v 0.195686 3.405574 0.688482
v 0.195686 3.405574 0.688482
v 0.195686 3.405574 0.688482
v 0.196064 3.405611 0.741969
v 0.196064 3.405611 0.741969
v 0.196064 3.405611 0.741969
v 0.338282 3.377051 0.677788
v 0.338282 3.377051 0.677788
v 0.338282 3.377051 0.677788
v 0.264522 3.383299 0.678305
v 0.264522 3.383299 0.678305
v 0.264522 3.383299 0.678305
v 0.338797 3.377102 0.750685
v 0.338797 3.377102 0.750685
v 0.338797 3.377102 0.750685
v 0.265037 3.383350 0.751203
v 0.265037 3.383350 0.751203
v 0.265037 3.383350 0.751203
v 0.330061 3.394192 0.687539
v 0.330061 3.394192 0.687539
v 0.330061 3.394192 0.687539
v 0.330440 3.394229 0.741027
v 0.330440 3.394229 0.741027
v 0.330440 3.394229 0.741027
v 0.275643 3.398801 0.687921
v 0.275643 3.398801 0.687921
v 0.275643 3.398801 0.687921
v 0.276021 3.398838 0.741408
v 0.276021 3.398838 0.741408
v 0.276021 3.398838 0.741408
v 0.418238 3.370279 0.677227
v 0.418238 3.370279 0.677227
v 0.418238 3.370279 0.677227
v 0.344478 3.376527 0.677744
v 0.344478 3.376527 0.677744
v 0.344478 3.376527 0.677744
v 0.418754 3.370329 0.750125
v 0.418754 3.370329 0.750125
v 0.418754 3.370329 0.750125
v 0.344994 3.376577 0.750642
v 0.344994 3.376577 0.750642
v 0.344994 3.376577 0.750642
v 0.410018 3.387419 0.686979
v 0.410018 3.387419 0.686979
v 0.410018 3.387419 0.686979
v 0.410396 3.387456 0.740466
v 0.410396 3.387456 0.740466
v 0.410396 3.387456 0.740466
v 0.355599 3.392029 0.687360
v 0.355599 3.392029 0.687360
v 0.355599 3.392029 0.687360
v 0.355977 3.392066 0.740847
v 0.355977 3.392066 0.740847
v 0.355977 3.392066 0.740847
v 0.419483 3.370277 0.757465
v 0.419483 3.370277 0.757465
v 0.419483 3.370277 0.757465
v 0.345723 3.376525 0.757982
v 0.345723 3.376525 0.757982
v 0.345723 3.376525 0.757982
v 0.419999 3.370327 0.830362
v 0.419999 3.370327 0.830362
v 0.419999 3.370327 0.830362
v 0.346239 3.376575 0.830880
v 0.346239 3.376575 0.830880
v 0.346239 3.376575 0.830880
v 0.411263 3.387417 0.767217
v 0.411263 3.387417 0.767217
v 0.411263 3.387417 0.767217
v 0.411642 3.387454 0.820704
v 0.411642 3.387454 0.820704
v 0.411642 3.387454 0.820704
v 0.356844 3.392027 0.767599
v 0.356844 3.392027 0.767599
v 0.356844 3.392027 0.767599
v 0.357223 3.392064 0.821086
v 0.357223 3.392064 0.821086
v 0.357223 3.392064 0.821086
v 0.340209 3.376992 0.758701
v 0.340209 3.376992 0.758701
v 0.340209 3.376992 0.758701
v 0.266449 3.383240 0.759218
v 0.266449 3.383240 0.759218
v 0.266449 3.383240 0.759218
v 0.340725 3.377043 0.831599
v 0.340725 3.377043 0.831599
v 0.340725 3.377043 0.831599
v 0.266964 3.383291 0.832116
v 0.266964 3.383291 0.832116
v 0.266964 3.383291 0.832116
v 0.331989 3.394133 0.768453
v 0.331989 3.394133 0.768453
v 0.331989 3.394133 0.768453
v 0.332367 3.394170 0.821940
v 0.332367 3.394170 0.821940
v 0.332367 3.394170 0.821940
v 0.277570 3.398742 0.768835
v 0.277570 3.398742 0.768835
v 0.277570 3.398742 0.768835
v 0.277949 3.398779 0.822322
v 0.277949 3.398779 0.822322
v 0.277949 3.398779 0.822322
v 0.260935 3.383708 0.759937
v 0.260935 3.383708 0.759937
v 0.260935 3.383708 0.759937
v 0.187175 3.389956 0.760454
v 0.187175 3.389956 0.760454
v 0.187175 3.389956 0.760454
v 0.261451 3.383759 0.832835
v 0.261451 3.383759 0.832835
v 0.261451 3.383759 0.832835
v 0.187690 3.390007 0.833352
v 0.187690 3.390007 0.833352
v 0.187690 3.390007 0.833352
v 0.252715 3.400849 0.769689
v 0.252715 3.400849 0.769689
v 0.252715 3.400849 0.769689
v 0.253093 3.400886 0.823176
v 0.253093 3.400886 0.823176
v 0.253093 3.400886 0.823176
v 0.198296 3.405458 0.770070
v 0.198296 3.405458 0.770070
v 0.198296 3.405458 0.770070
v 0.198674 3.405495 0.823558
v 0.198674 3.405495 0.823558
v 0.198674 3.405495 0.823558
v 0.177806 3.390542 0.599346
v 0.177806 3.390542 0.599346
v 0.177806 3.390542 0.599346
v 0.104046 3.396790 0.599863
v 0.104046 3.396790 0.599863
v 0.104046 3.396790 0.599863
v 0.178321 3.390592 0.672244
v 0.178321 3.390592 0.672244
v 0.178321 3.390592 0.672244
v 0.104562 3.396840 0.672761
v 0.104562 3.396840 0.672761
v 0.104562 3.396840 0.672761
v 0.169586 3.407682 0.609098
v 0.169586 3.407682 0.609098
v 0.169586 3.407682 0.609098
v 0.169964 3.407719 0.662585
v 0.169964 3.407719 0.662585
v 0.169964 3.407719 0.662585
v 0.115167 3.412292 0.609480
v 0.115167 3.412292 0.609480
v 0.115167 3.412292 0.609480
v 0.115545 3.412329 0.662967
v 0.115545 3.412329 0.662967
v 0.115545 3.412329 0.662967
v 0.257762 3.383769 0.598785
v 0.257762 3.383769 0.598785
v 0.257762 3.383769 0.598785
v 0.184002 3.390017 0.599303
v 0.184002 3.390017 0.599303
v 0.184002 3.390017 0.599303
v 0.258278 3.383820 0.671683
v 0.258278 3.383820 0.671683
v 0.258278 3.383820 0.671683
v 0.184518 3.390067 0.672201
v 0.184518 3.390067 0.672201
v 0.184518 3.390067 0.672201
v 0.249542 3.400910 0.608538
v 0.249542 3.400910 0.608538
v 0.249542 3.400910 0.608538
v 0.249921 3.400946 0.662025
v 0.249921 3.400946 0.662025
v 0.249921 3.400946 0.662025
v 0.195123 3.405519 0.608919
v 0.195123 3.405519 0.608919
v 0.195123 3.405519 0.608919
v 0.195501 3.405556 0.662407
v 0.195501 3.405556 0.662407
v 0.195501 3.405556 0.662407
v 0.337719 3.376997 0.598225
v 0.337719 3.376997 0.598225
v 0.337719 3.376997 0.598225
v 0.263959 3.383244 0.598742
v 0.263959 3.383244 0.598742
v 0.263959 3.383244 0.598742
v 0.338235 3.377047 0.671122
v 0.338235 3.377047 0.671122
v 0.338235 3.377047 0.671122
v 0.264474 3.383295 0.671640
v 0.264474 3.383295 0.671640
v 0.264474 3.383295 0.671640
v 0.329499 3.394137 0.607977
v 0.329499 3.394137 0.607977
v 0.329499 3.394137 0.607977
v 0.329877 3.394174 0.661464
v 0.329877 3.394174 0.661464
v 0.329877 3.394174 0.661464
v 0.275080 3.398746 0.608358
v 0.275080 3.398746 0.608358
v 0.275080 3.398746 0.608358
v 0.275458 3.398783 0.661846
v 0.275458 3.398783 0.661846
v 0.275458 3.398783 0.661846
v 0.417676 3.370224 0.597664
v 0.417676 3.370224 0.597664
v 0.417676 3.370224 0.597664
v 0.343915 3.376472 0.598181
v 0.343915 3.376472 0.598181
v 0.343915 3.376472 0.598181
v 0.418191 3.370274 0.670562
v 0.418191 3.370274 0.670562
v 0.418191 3.370274 0.670562
v 0.344431 3.376522 0.671079
v 0.344431 3.376522 0.671079
v 0.344431 3.376522 0.671079
v 0.409455 3.387364 0.607416
v 0.409455 3.387364 0.607416
v 0.409455 3.387364 0.607416
v 0.409834 3.387401 0.660903
v 0.409834 3.387401 0.660903
v 0.409834 3.387401 0.660903
v 0.355036 3.391974 0.607798
v 0.355036 3.391974 0.607798
v 0.355036 3.391974 0.607798
v 0.355415 3.392011 0.661285
v 0.355415 3.392011 0.661285
v 0.355415 3.392011 0.661285
v 0.497632 3.363451 0.597103
v 0.497632 3.363451 0.597103
v 0.497632 3.363451 0.597103
v 0.423872 3.369699 0.597620
v 0.423872 3.369699 0.597620
v 0.423872 3.369699 0.597620
v 0.498148 3.363502 0.670001
v 0.498148 3.363502 0.670001
v 0.498148 3.363502 0.670001
v 0.424388 3.369749 0.670518
v 0.424388 3.369749 0.670518
v 0.424388 3.369749 0.670518
v 0.489412 3.380591 0.606855
v 0.489412 3.380591 0.606855
v 0.489412 3.380591 0.606855
v 0.489790 3.380628 0.660342
v 0.489790 3.380628 0.660342
v 0.489790 3.380628 0.660342
v 0.434993 3.385201 0.607237
v 0.434993 3.385201 0.607237
v 0.434993 3.385201 0.607237
v 0.435371 3.385238 0.660724
v 0.435371 3.385238 0.660724
v 0.435371 3.385238 0.660724
v 0.177243 3.390487 0.519783
v 0.177243 3.390487 0.519783
v 0.177243 3.390487 0.519783
v 0.103484 3.396735 0.520301
v 0.103484 3.396735 0.520301
v 0.103484 3.396735 0.520301
v 0.177759 3.390537 0.592681
v 0.177759 3.390537 0.592681
v 0.177759 3.390537 0.592681
v 0.103999 3.396785 0.593199
v 0.103999 3.396785 0.593199
v 0.103999 3.396785 0.593199
v 0.169024 3.407627 0.529536
v 0.169024 3.407627 0.529536
v 0.169024 3.407627 0.529536
v 0.169401 3.407664 0.583023
v 0.169401 3.407664 0.583023
v 0.169401 3.407664 0.583023
v 0.114605 3.412237 0.529917
v 0.114605 3.412237 0.529917
v 0.114605 3.412237 0.529917
v 0.114982 3.412274 0.583404
v 0.114982 3.412274 0.583404
v 0.114982 3.412274 0.583404
v 0.333041 3.377290 0.518124
v 0.333041 3.377290 0.518124
v 0.333041 3.377290 0.518124
v 0.185966 3.389747 0.519156
v 0.185966 3.389747 0.519156
v 0.185966 3.389747 0.519156
v 0.333556 3.377340 0.591022
v 0.333556 3.377340 0.591022
v 0.333556 3.377340 0.591022
v 0.186482 3.389798 0.592053
v 0.186482 3.389798 0.592053
v 0.186482 3.389798 0.592053
v 0.322904 3.394592 0.527889
v 0.322904 3.394592 0.527889
v 0.322904 3.394592 0.527889
v 0.323282 3.394629 0.581377
v 0.323282 3.394629 0.581377
v 0.323282 3.394629 0.581377
v 0.199004 3.405087 0.528759
v 0.199004 3.405087 0.528759
v 0.199004 3.405087 0.528759
v 0.199382 3.405124 0.582246
v 0.199382 3.405124 0.582246
v 0.199382 3.405124 0.582246
v 0.491711 3.363849 0.517011
v 0.491711 3.363849 0.517011
v 0.491711 3.363849 0.517011
v 0.344637 3.376307 0.518043
v 0.344637 3.376307 0.518043
v 0.344637 3.376307 0.518043
v 0.492226 3.363900 0.589909
v 0.492226 3.363900 0.589909
v 0.492226 3.363900 0.589909
v 0.345153 3.376358 0.590941
v 0.345153 3.376358 0.590941
v 0.345153 3.376358 0.590941
v 0.481575 3.381152 0.526777
v 0.481575 3.381152 0.526777
v 0.481575 3.381152 0.526777
v 0.481953 3.381189 0.580264
v 0.481953 3.381189 0.580264
v 0.481953 3.381189 0.580264
v 0.357675 3.391647 0.527646
v 0.357675 3.391647 0.527646
v 0.357675 3.391647 0.527646
v 0.358052 3.391684 0.581133
v 0.358052 3.391684 0.581133
v 0.358052 3.391684 0.581133
v 0.496218 3.363868 0.827851
v 0.496218 3.363868 0.827851
v 0.496218 3.363868 0.827851
v 0.495175 3.363766 0.680251
v 0.495175 3.363766 0.680251
v 0.495175 3.363766 0.680251
v 0.423580 3.370021 0.828361
v 0.423580 3.370021 0.828361
v 0.423580 3.370021 0.828361
v 0.422537 3.369919 0.680761
v 0.422537 3.369919 0.680761
v 0.422537 3.369919 0.680761
v 0.487847 3.380994 0.816270
v 0.487847 3.380994 0.816270
v 0.487847 3.380994 0.816270
v 0.434550 3.385509 0.816644
v 0.434550 3.385509 0.816644
v 0.434550 3.385509 0.816644
v 0.486968 3.380908 0.691926
v 0.486968 3.380908 0.691926
v 0.486968 3.380908 0.691926
v 0.433671 3.385423 0.692300
v 0.433671 3.385423 0.692300
v 0.433671 3.385423 0.692300
v 0.527103 3.361176 0.500395
v 0.527103 3.361176 0.500395
v 0.527103 3.361176 0.500395
v -0.009327 3.406615 0.504157
v -0.009327 3.406615 0.504157
v -0.009327 3.406615 0.504157
v 0.539969 3.362433 2.319692
v 0.539969 3.362433 2.319692
v 0.539969 3.362433 2.319692
v 0.003538 3.407871 2.323453
v 0.003538 3.407871 2.323453
v 0.003538 3.407871 2.323453
v 0.539315 3.354711 2.319702
v 0.539315 3.354711 2.319702
v 0.539315 3.354711 2.319702
v 0.539315 3.354711 2.319702
v 0.526449 3.353455 0.500405
v 0.526449 3.353455 0.500405
v 0.526449 3.353455 0.500405
v 0.526449 3.353455 0.500405
v -0.009981 3.398893 0.504167
v -0.009981 3.398893 0.504167
v -0.009981 3.398893 0.504167
v -0.009981 3.398893 0.504167
v 0.002884 3.400149 2.323463
v 0.002884 3.400149 2.323463
v 0.002884 3.400149 2.323463
v 0.002884 3.400149 2.323463
v 0.538016 3.339380 2.319721
v 0.538016 3.339380 2.319721
v 0.538016 3.339380 2.319721
v 0.525151 3.338124 0.500425
v 0.525151 3.338124 0.500425
v 0.525151 3.338124 0.500425
v -0.011280 3.383562 0.504187
v -0.011280 3.383562 0.504187
v -0.011280 3.383562 0.504187
v 0.001586 3.384818 2.323483
v 0.001586 3.384818 2.323483
v 0.001586 3.384818 2.323483
v 0.387574 2.625234 -2.740072
v 0.387574 0.055222 -2.740072
v 0.387574 2.625234 2.740072
v 0.387574 0.055222 2.740072
v -1.612426 2.625234 -2.740072
v -1.612426 0.055222 -2.740072
v -1.612426 2.625234 2.740073
v -1.612426 0.055222 2.740072
v 0.940337 3.128196 2.740072
v -1.612426 3.128196 2.740073
v 0.940337 3.128196 -2.740072
v -1.612426 3.128196 -2.740072
v 0.940337 3.316630 2.740072
v -1.612426 4.510416 2.740072
v 0.940337 3.316630 -2.740072
v -1.612426 4.510416 -2.740072
v -0.974668 0.055222 -2.740072
v -0.974668 2.625234 2.740072
v -0.974668 0.055222 2.740072
v -0.974668 2.625234 -2.740072
v -0.715530 3.128196 2.740072
v -0.715530 3.128196 -2.740072
v -0.715530 4.625780 2.740072
v -0.715530 4.625780 -2.740072
v -0.583481 0.055222 2.740072
v -0.583481 2.625234 -2.740072
v -0.299100 3.128196 -2.740072
v -0.299100 3.430381 -2.740072
v -0.583481 0.055222 -2.740072
v -0.583481 2.625234 2.740072
v -0.299100 3.128196 2.740072
v -0.299100 3.430381 2.740072
v -0.304444 3.971400 1.543618
v -0.363098 4.139717 1.543618
v -0.304444 3.971399 1.269202
v -0.363098 4.139717 1.269202
v -0.507589 3.597443 1.795765
v -0.517386 3.625557 1.833545
v -0.525598 3.610207 1.797283
v -0.741910 4.269868 1.832280
v -0.754294 4.305407 1.797283
v -0.760830 4.285245 1.797283
v -0.508667 3.600536 1.013008
v -0.525598 3.610207 1.015537
v -0.517458 3.625763 0.986862
v -0.752498 4.300251 1.015537
v -0.742198 4.270693 0.986356
v -0.760830 4.285245 1.015537
v -0.532049 4.377071 1.015537
v -0.475882 4.319028 1.063061
v -0.521749 4.347513 0.986356
v -0.288218 3.677356 1.013008
v -0.297009 3.702584 0.986862
v -0.281366 3.760830 1.063061
v -0.281366 3.760830 1.749758
v -0.296937 3.702378 1.833545
v -0.287140 3.674263 1.795765
v -0.533846 4.382227 1.797282
v -0.521462 4.346688 1.832280
v -0.475882 4.319028 1.749759
v -0.412490 4.228196 1.170285
v -0.288152 3.871387 1.170285
v -0.288152 3.871387 1.642535
v -0.412490 4.228196 1.642535
v -0.292276 3.660403 1.842832
v -0.551356 4.406687 1.842832
v -0.292276 3.660403 0.986044
v -0.551357 4.406687 0.986044
v -0.382353 3.555081 1.919709
v -0.688713 4.432608 1.919709
v -0.382353 3.555081 0.909168
v -0.688713 4.432608 0.909168
v -0.268636 3.594782 0.909168
v -0.268636 3.594782 1.919709
v -0.574996 4.472308 1.919709
v -0.574996 4.472309 0.909168
v -0.347899 3.641093 0.986044
v -0.347899 3.641093 1.842832
v -0.606980 4.387376 1.842832
v -0.606980 4.387376 0.986044
v -0.470028 4.209304 -2.006214
v -0.501326 4.299119 -2.006214
v -0.470028 4.209304 -2.152642
v -0.501326 4.299119 -2.152642
v -0.578426 4.009761 -1.871668
v -0.583654 4.024763 -1.851509
v -0.588036 4.016572 -1.870859
v -0.703460 4.368567 -1.852184
v -0.710068 4.387530 -1.870859
v -0.713556 4.376772 -1.870859
v -0.579002 4.011412 -2.289347
v -0.588036 4.016572 -2.287998
v -0.583692 4.024873 -2.303299
v -0.709110 4.384779 -2.287998
v -0.703614 4.369008 -2.303569
v -0.713556 4.376773 -2.287997
v -0.591478 4.425771 -2.287998
v -0.561508 4.394799 -2.262639
v -0.585982 4.409999 -2.303569
v -0.461370 4.052403 -2.289347
v -0.466061 4.065865 -2.303299
v -0.457714 4.096944 -2.262639
v -0.457714 4.096944 -1.896217
v -0.466023 4.065754 -1.851509
v -0.460795 4.050752 -1.871668
v -0.592437 4.428522 -1.870859
v -0.585829 4.409558 -1.852184
v -0.561507 4.394799 -1.896217
v -0.527682 4.346331 -2.205424
v -0.461335 4.155938 -2.205424
v -0.461335 4.155938 -1.953432
v -0.527682 4.346331 -1.953432
v -0.463535 4.043357 -1.846553
v -0.601781 4.441574 -1.846553
v -0.463535 4.043357 -2.303735
v -0.601781 4.441574 -2.303735
v -0.511600 3.987157 -1.805532
v -0.675074 4.455405 -1.805532
v -0.511600 3.987157 -2.344757
v -0.675074 4.455405 -2.344757
v -0.450921 4.008342 -2.344757
v -0.450921 4.008342 -1.805532
v -0.614395 4.476589 -1.805532
v -0.614395 4.476589 -2.344756
v -0.493216 4.033053 -2.303735
v -0.493216 4.033053 -1.846553
v -0.631462 4.431270 -1.846553
v -0.631462 4.431270 -2.303735
v -0.287723 3.717081 -2.006214
v -0.319021 3.806895 -2.006214
v -0.287724 3.717081 -2.152642
v -0.319021 3.806895 -2.152642
v -0.396121 3.517538 -1.871668
v -0.401349 3.532539 -1.851509
v -0.405731 3.524348 -1.870859
v -0.521155 3.876344 -1.852184
v -0.527763 3.895307 -1.870859
v -0.531251 3.884549 -1.870859
v -0.396696 3.519188 -2.289347
v -0.405731 3.524348 -2.287997
v -0.401387 3.532649 -2.303299
v -0.526805 3.892555 -2.287998
v -0.521309 3.876784 -2.303569
v -0.531251 3.884549 -2.287998
v -0.409173 3.933547 -2.287998
v -0.379203 3.902575 -2.262639
v -0.403677 3.917775 -2.303569
v -0.279065 3.560179 -2.289347
v -0.283756 3.573640 -2.303299
v -0.275409 3.604721 -2.262639
v -0.275409 3.604721 -1.896217
v -0.283718 3.573531 -1.851509
v -0.278490 3.558529 -1.871668
v -0.410132 3.936298 -1.870859
v -0.403524 3.917335 -1.852184
v -0.379203 3.902575 -1.896217
v -0.345377 3.854107 -2.205424
v -0.279030 3.663714 -2.205424
v -0.279030 3.663714 -1.953432
v -0.345377 3.854107 -1.953432
v -0.281230 3.551133 -1.846553
v -0.419476 3.949350 -1.846553
v -0.281230 3.551133 -2.303735
v -0.419476 3.949350 -2.303735
v -0.329295 3.494933 -1.805532
v -0.492769 3.963181 -1.805532
v -0.329295 3.494933 -2.344756
v -0.492769 3.963181 -2.344757
v -0.268616 3.516118 -2.344756
v -0.268616 3.516118 -1.805532
v -0.432090 3.984365 -1.805532
v -0.432090 3.984366 -2.344757
v -0.310911 3.540829 -2.303735
v -0.310911 3.540829 -1.846553
v -0.449157 3.939046 -1.846553
v -0.449156 3.939046 -2.303735
v 0.483582 3.341648 -3.421807
v 0.409822 3.347896 -3.421290
v 0.475224 3.358775 -3.431465
v -0.284486 3.965156 -1.095160
v -0.343140 4.133473 -1.095160
v -0.284486 3.965156 -1.369576
v -0.343140 4.133473 -1.369576
v -0.487630 3.591199 -0.843012
v -0.497427 3.619313 -0.805233
v -0.505640 3.603963 -0.841495
v -0.721952 4.263624 -0.806497
v -0.734336 4.299163 -0.841495
v -0.740872 4.279002 -0.841495
v -0.488708 3.594292 -1.625769
v -0.505640 3.603963 -1.623240
v -0.497499 3.619519 -1.651916
v -0.732539 4.294007 -1.623240
v -0.722239 4.264450 -1.652422
v -0.740872 4.279002 -1.623240
v -0.512091 4.370828 -1.623240
v -0.455923 4.312784 -1.575716
v -0.501791 4.341269 -1.652422
v -0.268259 3.671113 -1.625769
v -0.277051 3.696340 -1.651916
v -0.261407 3.754587 -1.575716
v -0.261407 3.754586 -0.889019
v -0.276979 3.696134 -0.805233
v -0.267181 3.668019 -0.843013
v -0.513887 4.375983 -0.841495
v -0.501503 4.340444 -0.806497
v -0.455923 4.312784 -0.889019
v -0.392531 4.221952 -1.468493
v -0.268194 3.865143 -1.468492
v -0.268194 3.865143 -0.996243
v -0.392531 4.221952 -0.996243
v -0.272317 3.654160 -0.795946
v -0.531398 4.400443 -0.795946
v -0.272317 3.654159 -1.652734
v -0.531398 4.400443 -1.652733
v -0.362394 3.548838 -0.719069
v -0.668754 4.426364 -0.719069
v -0.362394 3.548838 -1.729610
v -0.668754 4.426364 -1.729610
v -0.248678 3.588538 -1.729610
v -0.248678 3.588538 -0.719069
v -0.555037 4.466064 -0.719069
v -0.555037 4.466064 -1.729610
v -0.327941 3.634849 -1.652733
v -0.327941 3.634849 -0.795945
v -0.587022 4.381133 -0.795945
v -0.587022 4.381133 -1.652733
vn 0.0844 0.9964 -0.0013
vn 0.9002 0.4355 -0.0067
vn 0.0370 0.5075 -0.8608
vn 0.0370 0.5075 -0.8609
vn -0.8141 0.5807 0.0054
vn 0.0491 0.5087 0.8596
vn 0.0491 0.5087 0.8595
vn -0.0844 -0.9964 0.0013
vn 0.0369 0.5075 -0.8609
vn 0.0369 0.5075 -0.8608
vn 0.9001 0.4355 -0.0067
vn -0.8141 0.5807 0.0053
vn 0.0413 0.5558 -0.8303
vn 0.0530 0.5570 0.8288
vn 0.0530 0.5570 0.8289
vn 0.0431 0.5764 -0.8161
vn 0.0546 0.5775 0.8146
vn 0.0431 0.5763 -0.8161
vn 0.0508 0.6614 -0.7483
vn 0.0613 0.6625 0.7466
vn 0.0606 0.7685 -0.6369
vn 0.0696 0.7694 0.6349
vn 0.0465 0.6142 -0.7878
vn 0.0576 0.6153 0.7862
vn 0.0519 0.6742 -0.7368
vn 0.0623 0.6752 0.7350
vn 0.0582 0.7423 -0.6676
vn 0.0676 0.7432 0.6657
vn 0.0485 0.6368 -0.7695
vn 0.0594 0.6379 0.7679
vn 0.8612 0.5082 -0.0064
vn -0.7635 0.6458 0.0049
vn -0.7635 0.6458 0.0050
vn 0.0546 0.5775 0.8145
vn 0.0431 0.5764 -0.8160
vn -0.9964 0.0844 0.0070
vn 0.9964 -0.0844 -0.0070
vn 0.0071 0.0007 1.0000
vn -0.0071 -0.0006 -1.0000
vn -0.0071 -0.0007 -1.0000
vn 0.0614 0.6624 0.7466
vn 0.0614 0.6625 0.7466
vn 0.0576 0.6152 0.7862
vn 0.0519 0.6741 -0.7368
vn 0.0594 0.6379 0.7678
vn 0.0071 0.0006 1.0000
vn -1.0000 -0.0000 -0.0000
vn -0.0000 -0.0000 1.0000
vn -0.0000 -1.0000 -0.0000
vn 1.0000 -0.0000 -0.0000
vn -0.0000 -0.0000 -1.0000
vn 0.6730 -0.7396 -0.0000
vn -0.1276 0.9918 -0.0000
vn 0.9443 0.3290 -0.0000
vn 0.0914 0.9958 -0.0000
vn 0.6083 -0.1867 0.7714
vn 0.3841 0.4691 0.7953
vn -0.5668 0.1066 0.8169
vn -0.3508 -0.4938 0.7957
vn 0.8883 0.4421 -0.1244
vn 0.9707 0.2057 -0.1244
vn 0.9714 0.1351 -0.1954
vn 0.8416 0.5036 -0.1954
vn 0.9617 0.2661 -0.0660
vn 0.9188 0.3892 -0.0660
vn 0.9188 0.3892 0.0660
vn 0.9617 0.2661 0.0660
vn 0.2207 0.9095 -0.3522
vn -0.6098 0.7030 -0.3659
vn -0.6347 0.6930 0.3419
vn 0.2212 0.9123 0.3445
vn 0.3280 -0.9447 -0.0000
vn -0.3464 -0.4421 -0.8274
vn -0.5376 0.1144 -0.8354
vn 0.3765 0.4688 -0.7991
vn 0.5928 -0.1434 -0.7925
vn 0.8883 0.4421 0.1244
vn 0.8438 0.5040 0.1844
vn 0.9707 0.2057 0.1244
vn 0.9739 0.1343 0.1831
vn -0.0901 -0.9562 0.2783
vn -0.6622 -0.6969 0.2752
vn -0.9289 0.1811 0.3230
vn -0.0899 -0.9317 -0.3520
vn -0.6522 -0.6929 -0.3074
vn -0.8941 0.2427 -0.3763
vn 0.7439 -0.5752 -0.3402
vn 0.7555 -0.5906 0.2833
vn -0.9441 -0.3296 -0.0000
vn 0.3296 -0.9441 -0.0000
vn -0.3296 0.9441 -0.0000
vn 0.9408 0.3389 -0.0000
vn 0.9444 0.3289 -0.0000
vn 0.9447 0.3280 -0.0000
vn -0.3280 0.9447 -0.0000
vn 0.3765 0.4687 -0.7991
vn 0.5928 -0.1434 -0.7924
vn -0.0901 -0.9563 0.2783
vn 0.9444 0.3288 -0.0000
vn 0.8415 0.5036 -0.1954
vt 0.537550 0.901316
vt 0.535154 0.901314
vt 0.535154 0.896434
vt 0.537550 0.896437
vt 0.510183 0.907237
vt 0.510183 0.902357
vt 0.511919 0.901471
vt 0.511919 0.908122
vt 0.005206 0.891792
vt 0.005206 0.896774
vt 0.003471 0.897660
vt 0.003471 0.890906
vt 0.990035 0.823691
vt 0.990035 0.818811
vt 0.991385 0.817943
vt 0.991385 0.824593
vt 0.544597 0.901658
vt 0.544597 0.896676
vt 0.546331 0.895790
vt 0.546331 0.902544
vt 0.019952 0.890906
vt 0.013302 0.890906
vt 0.013302 0.884153
vt 0.019952 0.884153
vt 0.086338 0.902542
vt 0.083942 0.902540
vt 0.083942 0.897660
vt 0.086338 0.897662
vt 0.704125 0.907045
vt 0.704125 0.902165
vt 0.705861 0.901279
vt 0.705861 0.907930
vt 0.890622 0.888563
vt 0.890622 0.893545
vt 0.888886 0.894431
vt 0.888886 0.887677
vt 0.990035 0.125447
vt 0.990035 0.120567
vt 0.991385 0.119699
vt 0.991385 0.126349
vt 0.752767 0.901753
vt 0.752767 0.896771
vt 0.754502 0.895885
vt 0.754502 0.902639
vt 0.013302 0.884153
vt 0.006651 0.884153
vt 0.006651 0.877400
vt 0.013302 0.877400
vt 0.083942 0.902542
vt 0.081545 0.902540
vt 0.081545 0.897660
vt 0.083942 0.897662
vt 0.988206 0.551128
vt 0.988206 0.546248
vt 0.989941 0.545362
vt 0.989941 0.552013
vt 0.212825 0.891792
vt 0.212825 0.896774
vt 0.211090 0.897660
vt 0.211090 0.890906
vt 0.990035 0.750541
vt 0.990035 0.745662
vt 0.991385 0.744794
vt 0.991385 0.751444
vt 0.616426 0.901946
vt 0.616426 0.896964
vt 0.618161 0.896078
vt 0.618161 0.902832
vt 0.212825 0.884153
vt 0.206174 0.884153
vt 0.206174 0.877400
vt 0.212825 0.877400
vt 0.030365 0.902542
vt 0.027968 0.902540
vt 0.027968 0.897660
vt 0.030365 0.897662
vt 0.988206 0.424763
vt 0.988206 0.419883
vt 0.989941 0.418998
vt 0.989941 0.425649
vt 0.531974 0.890566
vt 0.531974 0.895549
vt 0.530238 0.896434
vt 0.530238 0.889681
vt 0.988206 0.868335
vt 0.988206 0.863456
vt 0.989556 0.862587
vt 0.989556 0.869237
vt 0.562029 0.901658
vt 0.562029 0.896676
vt 0.563763 0.895790
vt 0.563763 0.902544
vt 0.106413 0.884153
vt 0.099762 0.884153
vt 0.099762 0.877400
vt 0.106413 0.877400
vt 0.703464 0.901279
vt 0.701067 0.901277
vt 0.701067 0.896397
vt 0.703464 0.896399
vt 0.988206 0.325002
vt 0.988206 0.320122
vt 0.989941 0.319237
vt 0.989941 0.325887
vt 0.139957 0.891792
vt 0.139957 0.896774
vt 0.138222 0.897660
vt 0.138222 0.890906
vt 0.988206 0.861685
vt 0.988206 0.856806
vt 0.989556 0.855937
vt 0.989556 0.862587
vt 0.246460 0.901487
vt 0.246460 0.896504
vt 0.248195 0.895619
vt 0.248195 0.902373
vt 0.186222 0.884153
vt 0.179571 0.884153
vt 0.179571 0.877400
vt 0.186222 0.877400
vt 0.721885 0.901279
vt 0.719488 0.901277
vt 0.719488 0.896397
vt 0.721885 0.896399
vt 0.988206 0.564429
vt 0.988206 0.559549
vt 0.989941 0.558664
vt 0.989941 0.565315
vt 0.861768 0.894411
vt 0.861768 0.899393
vt 0.860032 0.900279
vt 0.860032 0.893525
vt 0.990035 0.890190
vt 0.990035 0.885310
vt 0.991385 0.884442
vt 0.991385 0.891092
vt 0.689997 0.902265
vt 0.689997 0.897283
vt 0.691732 0.896397
vt 0.691732 0.903151
vt 0.073159 0.890906
vt 0.066508 0.890906
vt 0.066508 0.884153
vt 0.073159 0.884153
vt 0.609285 0.901316
vt 0.606888 0.901313
vt 0.606888 0.896433
vt 0.609285 0.896436
vt 0.988206 0.012416
vt 0.988206 0.007536
vt 0.989941 0.006651
vt 0.989941 0.013302
vt 0.209936 0.891792
vt 0.209936 0.896774
vt 0.208201 0.897660
vt 0.208201 0.890906
vt 0.990035 0.950039
vt 0.990035 0.945159
vt 0.991385 0.944291
vt 0.991385 0.950941
vt 0.577222 0.901556
vt 0.577222 0.896573
vt 0.578957 0.895687
vt 0.578957 0.902441
vt 0.159619 0.884153
vt 0.152968 0.884153
vt 0.152968 0.877400
vt 0.159619 0.877400
vt 0.135412 0.902542
vt 0.133016 0.902540
vt 0.133016 0.897660
vt 0.135412 0.897662
vt 0.988206 0.125479
vt 0.988206 0.120599
vt 0.989941 0.119714
vt 0.989941 0.126364
vt 0.181307 0.891792
vt 0.181307 0.896774
vt 0.179571 0.897660
vt 0.179571 0.890906
vt 0.988206 0.928185
vt 0.988206 0.923305
vt 0.989556 0.922437
vt 0.989556 0.929087
vt 0.761441 0.901753
vt 0.761441 0.896771
vt 0.763176 0.895885
vt 0.763176 0.902639
vt 0.891325 0.569206
vt 0.884674 0.569206
vt 0.884674 0.562454
vt 0.891325 0.562454
vt 0.157100 0.902542
vt 0.154703 0.902540
vt 0.154703 0.897660
vt 0.157100 0.897662
vt 0.701729 0.907045
vt 0.701729 0.902165
vt 0.703464 0.901279
vt 0.703464 0.907930
vt 0.103233 0.891792
vt 0.103233 0.896774
vt 0.101497 0.897660
vt 0.101497 0.890906
vt 0.990035 0.464593
vt 0.990035 0.459714
vt 0.991385 0.458846
vt 0.991385 0.465496
vt 0.570731 0.901658
vt 0.570731 0.896676
vt 0.572466 0.895790
vt 0.572466 0.902544
vt 0.172920 0.877400
vt 0.166270 0.877400
vt 0.166270 0.870648
vt 0.172920 0.870648
vt 0.152968 0.902542
vt 0.150571 0.902540
vt 0.150571 0.897660
vt 0.152968 0.897662
vt 0.128762 0.903425
vt 0.128762 0.898545
vt 0.130497 0.897660
vt 0.130497 0.904310
vt 0.016772 0.891792
vt 0.016772 0.896774
vt 0.015037 0.897660
vt 0.015037 0.890906
vt 0.990035 0.132096
vt 0.990035 0.127217
vt 0.991385 0.132999
vt 0.327473 0.900807
vt 0.327473 0.895824
vt 0.329207 0.894939
vt 0.329207 0.901692
vt 0.046555 0.877400
vt 0.039905 0.877400
vt 0.039905 0.870647
vt 0.046555 0.870647
vt 0.534371 0.901316
vt 0.531974 0.901314
vt 0.531974 0.896434
vt 0.534371 0.896436
vt 0.988206 0.045670
vt 0.988206 0.040790
vt 0.989941 0.039905
vt 0.989941 0.046555
vt 0.128100 0.891792
vt 0.128100 0.896774
vt 0.126365 0.897660
vt 0.126365 0.890906
vt 0.990035 0.384794
vt 0.990035 0.379915
vt 0.991385 0.379047
vt 0.991385 0.385697
vt 0.754502 0.901753
vt 0.754502 0.896771
vt 0.756237 0.895885
vt 0.756237 0.902639
vt 0.219476 0.877400
vt 0.212825 0.877401
vt 0.212825 0.870648
vt 0.219476 0.870648
vt 0.733868 0.901279
vt 0.731472 0.901277
vt 0.731472 0.896397
vt 0.733868 0.896400
vt 0.903941 0.573204
vt 0.903941 0.568324
vt 0.905677 0.567438
vt 0.905677 0.574089
vt 0.003471 0.891792
vt 0.003471 0.896774
vt 0.001735 0.897660
vt 0.001735 0.890906
vt 0.990035 0.504493
vt 0.990035 0.499614
vt 0.991385 0.498746
vt 0.991385 0.505396
vt 0.253399 0.901487
vt 0.253399 0.896504
vt 0.255134 0.895619
vt 0.255134 0.902373
vt 0.589332 0.875531
vt 0.582682 0.875531
vt 0.582682 0.868778
vt 0.589332 0.868778
vt 0.508326 0.901471
vt 0.505929 0.901469
vt 0.505929 0.896589
vt 0.508326 0.896591
vt 0.488872 0.906410
vt 0.488872 0.901530
vt 0.490607 0.900644
vt 0.490607 0.907295
vt 0.516051 0.890721
vt 0.516051 0.895704
vt 0.514316 0.896589
vt 0.514316 0.889836
vt 0.988206 0.954785
vt 0.988206 0.949906
vt 0.989556 0.949037
vt 0.989556 0.955687
vt 0.329380 0.900807
vt 0.329380 0.895824
vt 0.331114 0.894939
vt 0.331114 0.901692
vt 0.033254 0.877401
vt 0.026603 0.877401
vt 0.026603 0.870648
vt 0.033254 0.870648
vt 0.126365 0.902542
vt 0.123968 0.902540
vt 0.123968 0.897660
vt 0.126365 0.897662
vt 0.707596 0.907045
vt 0.707596 0.902165
vt 0.709332 0.901279
vt 0.709332 0.907930
vt 0.109883 0.891792
vt 0.109883 0.896774
vt 0.108148 0.897660
vt 0.108148 0.890906
vt 0.990035 0.710642
vt 0.990035 0.705762
vt 0.991385 0.704894
vt 0.991385 0.711544
vt 0.274210 0.901487
vt 0.274210 0.896505
vt 0.275945 0.895619
vt 0.275945 0.902373
vt 0.026603 0.877400
vt 0.019952 0.877400
vt 0.019952 0.870647
vt 0.026603 0.870647
vt 0.320822 0.893728
vt 0.318425 0.893726
vt 0.318425 0.888185
vt 0.320822 0.888187
vt 0.324954 0.894731
vt 0.324954 0.889190
vt 0.326690 0.888185
vt 0.326690 0.895737
vt 0.572524 0.889922
vt 0.572524 0.894905
vt 0.570731 0.895790
vt 0.570731 0.889037
vt 0.988206 0.818682
vt 0.988206 0.813142
vt 0.989556 0.812154
vt 0.989556 0.819704
vt 0.602634 0.894905
vt 0.602634 0.889922
vt 0.604425 0.889037
vt 0.604425 0.895790
vt 0.510947 0.876330
vt 0.510947 0.868778
vt 0.517700 0.868778
vt 0.517700 0.876330
vt 0.536126 0.882023
vt 0.533729 0.882020
vt 0.533729 0.876175
vt 0.536126 0.876177
vt 0.872180 0.894584
vt 0.872180 0.888738
vt 0.873916 0.887677
vt 0.873916 0.895644
vt 0.351205 0.889071
vt 0.351205 0.894053
vt 0.349386 0.894939
vt 0.349386 0.888185
vt 0.988206 0.697601
vt 0.988206 0.691756
vt 0.989556 0.690713
vt 0.989556 0.698679
vt 0.559715 0.894905
vt 0.559715 0.889922
vt 0.561533 0.889037
vt 0.561533 0.895790
vt 0.372271 0.752305
vt 0.372271 0.744338
vt 0.379024 0.744338
vt 0.379024 0.752305
vt 0.860445 0.893525
vt 0.858048 0.893523
vt 0.858048 0.887677
vt 0.860445 0.887680
vt 0.865238 0.894584
vt 0.865238 0.888738
vt 0.866974 0.887677
vt 0.866974 0.895644
vt 0.353025 0.889071
vt 0.353025 0.894053
vt 0.351205 0.894939
vt 0.351205 0.888185
vt 0.988206 0.713534
vt 0.988206 0.707689
vt 0.989556 0.706645
vt 0.989556 0.714612
vt 0.557898 0.894905
vt 0.557898 0.889922
vt 0.559715 0.889037
vt 0.559715 0.895790
vt 0.497441 0.876745
vt 0.497441 0.868778
vt 0.504194 0.868778
vt 0.504194 0.876745
vt 0.380378 0.665407
vt 0.377981 0.665404
vt 0.377981 0.659558
vt 0.380378 0.659561
vt 0.315907 0.895092
vt 0.315907 0.889246
vt 0.317642 0.888185
vt 0.317642 0.896152
vt 0.550055 0.889922
vt 0.550055 0.894905
vt 0.548236 0.895790
vt 0.548236 0.889037
vt 0.988206 0.721500
vt 0.988206 0.715655
vt 0.989556 0.714612
vt 0.989556 0.722578
vt 0.563350 0.894905
vt 0.563350 0.889922
vt 0.565167 0.889037
vt 0.565167 0.895790
vt 0.379024 0.752305
vt 0.379024 0.744338
vt 0.385777 0.744338
vt 0.385777 0.752305
vt 0.858048 0.893525
vt 0.855651 0.893523
vt 0.855651 0.887677
vt 0.858048 0.887680
vt 0.870445 0.894584
vt 0.870445 0.888738
vt 0.872180 0.887677
vt 0.872180 0.895644
vt 0.232396 0.889736
vt 0.232396 0.894719
vt 0.230577 0.895604
vt 0.230577 0.888851
vt 0.988206 0.745399
vt 0.988206 0.739554
vt 0.989556 0.738510
vt 0.989556 0.746477
vt 0.561533 0.894905
vt 0.561533 0.889922
vt 0.563350 0.889037
vt 0.563350 0.895790
vt 0.338507 0.752305
vt 0.338507 0.744338
vt 0.345260 0.744338
vt 0.345260 0.752305
vt 0.593783 0.894466
vt 0.591558 0.894464
vt 0.591558 0.889037
vt 0.593783 0.889039
vt 0.604425 0.895449
vt 0.604425 0.890021
vt 0.606036 0.889037
vt 0.606036 0.896433
vt 0.989895 0.774075
vt 0.989895 0.778701
vt 0.988206 0.779523
vt 0.988206 0.773253
vt 0.988206 0.826100
vt 0.988206 0.820673
vt 0.989460 0.819704
vt 0.989460 0.827100
vt 0.988206 0.791241
vt 0.988206 0.786615
vt 0.989893 0.785793
vt 0.989893 0.792063
vt 0.523969 0.876175
vt 0.523969 0.868778
vt 0.530238 0.868778
vt 0.530238 0.876175
vt 0.611510 0.894466
vt 0.609285 0.894464
vt 0.609285 0.889037
vt 0.611510 0.889039
vt 0.337117 0.894597
vt 0.337117 0.889170
vt 0.338728 0.888185
vt 0.338728 0.895582
vt 0.989895 0.755265
vt 0.989895 0.759891
vt 0.988206 0.760713
vt 0.988206 0.754443
vt 0.988206 0.848287
vt 0.988206 0.842860
vt 0.989460 0.841892
vt 0.989460 0.849287
vt 0.988206 0.797511
vt 0.988206 0.792885
vt 0.989893 0.792063
vt 0.989893 0.798333
vt 0.536508 0.876175
vt 0.536508 0.868778
vt 0.542777 0.868778
vt 0.542777 0.876175
vt 0.306508 0.894414
vt 0.304283 0.894412
vt 0.304283 0.887620
vt 0.306508 0.887622
vt 0.309730 0.895645
vt 0.309730 0.888852
vt 0.311341 0.887620
vt 0.311341 0.896877
vt 0.990014 0.610026
vt 0.990014 0.614652
vt 0.988206 0.615474
vt 0.988206 0.609204
vt 0.440594 0.901742
vt 0.440594 0.894950
vt 0.441848 0.893734
vt 0.441848 0.902990
vt 0.988206 0.639732
vt 0.988206 0.635106
vt 0.990010 0.634284
vt 0.990010 0.640554
vt 0.332238 0.753595
vt 0.332238 0.744338
vt 0.338507 0.744338
vt 0.338507 0.753595
vt 0.522150 0.894316
vt 0.519925 0.894314
vt 0.519925 0.887521
vt 0.522150 0.887524
vt 0.306508 0.895645
vt 0.306508 0.888852
vt 0.308119 0.887620
vt 0.308119 0.896877
vt 0.990014 0.597487
vt 0.990014 0.602112
vt 0.988206 0.602934
vt 0.988206 0.596664
vt 0.016772 0.898914
vt 0.016772 0.892123
vt 0.018026 0.890906
vt 0.018026 0.900163
vt 0.988206 0.633462
vt 0.988206 0.628836
vt 0.990009 0.628014
vt 0.990009 0.634284
vt 0.319699 0.753595
vt 0.319699 0.744338
vt 0.325968 0.744338
vt 0.325968 0.753595
vt 0.803172 0.763528
vt 0.800947 0.763525
vt 0.800947 0.754251
vt 0.803172 0.754253
vt 0.226127 0.894941
vt 0.226127 0.885667
vt 0.227738 0.883984
vt 0.227738 0.896624
vt 0.342799 0.889007
vt 0.342799 0.893633
vt 0.340774 0.894455
vt 0.340774 0.888185
vt 0.804887 0.560625
vt 0.804887 0.551351
vt 0.806141 0.549684
vt 0.806141 0.562323
vt 0.342799 0.893633
vt 0.342799 0.889007
vt 0.344815 0.888185
vt 0.344815 0.894455
vt 0.799869 0.776559
vt 0.799869 0.763919
vt 0.806138 0.763919
vt 0.806138 0.776559
vt 0.753442 0.776787
vt 0.751217 0.776785
vt 0.751217 0.763451
vt 0.753442 0.763453
vt 0.889600 0.708148
vt 0.889600 0.694814
vt 0.891211 0.693727
vt 0.891211 0.709235
vt 0.989944 0.641376
vt 0.989944 0.646002
vt 0.988206 0.646824
vt 0.988206 0.640554
vt 0.891211 0.708130
vt 0.891211 0.694798
vt 0.892465 0.693727
vt 0.892465 0.709233
vt 0.988206 0.683621
vt 0.988206 0.678995
vt 0.989941 0.678173
vt 0.989941 0.684443
vt 0.469662 0.884286
vt 0.469662 0.868778
vt 0.475931 0.868778
vt 0.475931 0.884286
vt 0.519925 0.889511
vt 0.517700 0.889509
vt 0.517700 0.876175
vt 0.519925 0.876177
vt 0.892936 0.576875
vt 0.892936 0.563540
vt 0.894547 0.562453
vt 0.894547 0.577962
vt 0.989944 0.653916
vt 0.989944 0.658542
vt 0.988206 0.659363
vt 0.988206 0.653094
vt 0.229323 0.898387
vt 0.229323 0.885055
vt 0.230577 0.883984
vt 0.230577 0.899490
vt 0.988206 0.689891
vt 0.988206 0.685265
vt 0.989941 0.684443
vt 0.989941 0.690713
vt 0.876680 0.709235
vt 0.876680 0.693727
vt 0.882949 0.693727
vt 0.882949 0.709235
vt 0.618161 0.884431
vt 0.615936 0.884429
vt 0.615936 0.868778
vt 0.618161 0.868780
vt 0.618161 0.885705
vt 0.618161 0.870054
vt 0.619772 0.868778
vt 0.619772 0.886981
vt 0.990035 0.566137
vt 0.990035 0.570763
vt 0.988206 0.571585
vt 0.988206 0.565315
vt 0.522272 0.893084
vt 0.522272 0.877434
vt 0.523526 0.876175
vt 0.523526 0.894376
vt 0.988206 0.583302
vt 0.988206 0.578676
vt 0.990030 0.577855
vt 0.990030 0.584125
vt 0.435197 0.886981
vt 0.435197 0.868778
vt 0.441467 0.868778
vt 0.441467 0.886981
vt 0.478919 0.892834
vt 0.476694 0.892832
vt 0.476694 0.884286
vt 0.478919 0.884288
vt 0.896283 0.572550
vt 0.896283 0.564004
vt 0.897894 0.562454
vt 0.897894 0.574100
vt 0.347425 0.889007
vt 0.347425 0.893633
vt 0.345464 0.894455
vt 0.345464 0.888185
vt 0.446298 0.897060
vt 0.446298 0.888516
vt 0.447552 0.886981
vt 0.447552 0.898627
vt 0.566985 0.894484
vt 0.566985 0.889859
vt 0.568938 0.889037
vt 0.568938 0.895307
vt 0.482201 0.880425
vt 0.482201 0.868778
vt 0.488470 0.868778
vt 0.488470 0.880425
vt 0.048291 0.902542
vt 0.045894 0.902540
vt 0.045894 0.897660
vt 0.048291 0.897662
vt 0.988206 0.039019
vt 0.988206 0.034139
vt 0.989941 0.033254
vt 0.989941 0.039905
vt 0.177836 0.891792
vt 0.177836 0.896774
vt 0.176100 0.897660
vt 0.176100 0.890906
vt 0.988206 0.981385
vt 0.988206 0.976505
vt 0.989556 0.975637
vt 0.989556 0.982287
vt 0.255134 0.901487
vt 0.255134 0.896505
vt 0.256868 0.895619
vt 0.256868 0.902373
vt 0.372570 0.890912
vt 0.365920 0.890912
vt 0.365920 0.884159
vt 0.372570 0.884159
vt 0.606822 0.901316
vt 0.604425 0.901313
vt 0.604425 0.896433
vt 0.606822 0.896436
vt 0.988206 0.438065
vt 0.988206 0.433185
vt 0.989941 0.432300
vt 0.989941 0.438950
vt 0.093111 0.891792
vt 0.093111 0.896774
vt 0.091376 0.897660
vt 0.091376 0.890906
vt 0.988206 0.894935
vt 0.988206 0.890056
vt 0.989556 0.889187
vt 0.989556 0.895837
vt 0.866974 0.901513
vt 0.866974 0.896530
vt 0.868709 0.895645
vt 0.868709 0.902398
vt 0.179571 0.890906
vt 0.172920 0.890906
vt 0.172920 0.884153
vt 0.179571 0.884153
vt 0.714695 0.901279
vt 0.712298 0.901277
vt 0.712298 0.896397
vt 0.714695 0.896399
vt 0.531974 0.907081
vt 0.531974 0.902202
vt 0.533709 0.901316
vt 0.533709 0.907967
vt 0.512580 0.890721
vt 0.512580 0.895704
vt 0.510845 0.896589
vt 0.510845 0.889836
vt 0.990035 0.052297
vt 0.990035 0.047418
vt 0.991385 0.046550
vt 0.991385 0.053200
vt 0.256868 0.901487
vt 0.256868 0.896505
vt 0.258603 0.895619
vt 0.258603 0.902373
vt 0.053206 0.877400
vt 0.046555 0.877400
vt 0.046555 0.870647
vt 0.053206 0.870647
vt 0.150449 0.902542
vt 0.148053 0.902540
vt 0.148053 0.897660
vt 0.150449 0.897662
vt 0.988206 0.265145
vt 0.988206 0.260265
vt 0.989941 0.259380
vt 0.989941 0.266030
vt 0.224391 0.891792
vt 0.224391 0.896774
vt 0.222656 0.897660
vt 0.222656 0.890906
vt 0.988206 0.988035
vt 0.988206 0.983155
vt 0.989556 0.982287
vt 0.989556 0.988937
vt 0.324954 0.901605
vt 0.324954 0.896622
vt 0.326689 0.895737
vt 0.326689 0.902490
vt 0.891325 0.582712
vt 0.884674 0.582712
vt 0.884674 0.575959
vt 0.891325 0.575959
vt 0.202751 0.902542
vt 0.200354 0.902540
vt 0.200354 0.897660
vt 0.202751 0.897662
vt 0.905920 0.893829
vt 0.905920 0.888949
vt 0.907656 0.888064
vt 0.907656 0.894714
vt 0.089931 0.891792
vt 0.089931 0.896774
vt 0.088196 0.897660
vt 0.088196 0.890906
vt 0.990035 0.404744
vt 0.990035 0.399865
vt 0.991385 0.398997
vt 0.991385 0.405647
vt 0.518189 0.902133
vt 0.518189 0.897150
vt 0.519924 0.896264
vt 0.519924 0.903018
vt 0.179571 0.877400
vt 0.172920 0.877400
vt 0.172920 0.870647
vt 0.179571 0.870647
vt 0.175116 0.902542
vt 0.172719 0.902540
vt 0.172719 0.897660
vt 0.175116 0.897662
vt 0.988206 0.138780
vt 0.988206 0.133901
vt 0.989941 0.133015
vt 0.989941 0.139666
vt 0.064772 0.891792
vt 0.064772 0.896774
vt 0.063037 0.897660
vt 0.063037 0.890906
vt 0.990035 0.856940
vt 0.990035 0.852061
vt 0.991385 0.851193
vt 0.991385 0.857843
vt 0.672650 0.902265
vt 0.672650 0.897283
vt 0.674385 0.896397
vt 0.674385 0.903151
vt 0.126365 0.884153
vt 0.119714 0.884153
vt 0.119714 0.877400
vt 0.126365 0.877400
vt 0.297344 0.906008
vt 0.294947 0.906006
vt 0.294947 0.901126
vt 0.297344 0.901128
vt 0.307995 0.907525
vt 0.307995 0.902645
vt 0.309730 0.901760
vt 0.309730 0.908410
vt 0.066508 0.891792
vt 0.066508 0.896774
vt 0.064772 0.897660
vt 0.064772 0.890906
vt 0.990035 0.783791
vt 0.990035 0.778912
vt 0.991385 0.778044
vt 0.991385 0.784694
vt 0.596066 0.901556
vt 0.596066 0.896573
vt 0.597801 0.895688
vt 0.597801 0.902441
vt 0.347425 0.888185
vt 0.340774 0.888185
vt 0.340774 0.881432
vt 0.347425 0.881432
vt 0.468599 0.902675
vt 0.466202 0.902672
vt 0.466202 0.897792
vt 0.468599 0.897795
vt 0.327473 0.907457
vt 0.327473 0.902578
vt 0.329208 0.901692
vt 0.329208 0.908343
vt 0.076629 0.891792
vt 0.076629 0.896774
vt 0.074894 0.897660
vt 0.074894 0.890906
vt 0.990035 0.830341
vt 0.990035 0.825461
vt 0.991385 0.824593
vt 0.991385 0.831243
vt 0.349386 0.900807
vt 0.349386 0.895824
vt 0.351121 0.894939
vt 0.351121 0.901692
vt 0.192873 0.884153
vt 0.186222 0.884153
vt 0.186222 0.877401
vt 0.192873 0.877400
vt 0.903981 0.808906
vt 0.901584 0.808904
vt 0.901584 0.804024
vt 0.903981 0.804026
vt 0.988206 0.098876
vt 0.988206 0.093996
vt 0.989941 0.093111
vt 0.989941 0.099761
vt 0.191428 0.891792
vt 0.191428 0.896774
vt 0.189693 0.897660
vt 0.189693 0.890906
vt 0.990035 0.304995
vt 0.990035 0.300116
vt 0.991385 0.299248
vt 0.991385 0.305897
vt 0.747563 0.901753
vt 0.747563 0.896771
vt 0.749298 0.895885
vt 0.749298 0.902639
vt 0.284330 0.894373
vt 0.277680 0.894373
vt 0.277680 0.887620
vt 0.284330 0.887620
vt 0.306017 0.906050
vt 0.303621 0.906048
vt 0.303621 0.901168
vt 0.306017 0.901170
vt 0.743456 0.902162
vt 0.743456 0.897282
vt 0.745191 0.896397
vt 0.745191 0.903048
vt 0.528794 0.890566
vt 0.528794 0.895549
vt 0.527058 0.896434
vt 0.527059 0.889681
vt 0.990035 0.484543
vt 0.990035 0.479664
vt 0.991385 0.478796
vt 0.991385 0.485446
vt 0.885416 0.900299
vt 0.885416 0.895316
vt 0.887150 0.894431
vt 0.887150 0.901184
vt 0.582682 0.875531
vt 0.576031 0.875531
vt 0.576031 0.868778
vt 0.582682 0.868778
vt 0.382031 0.902548
vt 0.379634 0.902546
vt 0.379634 0.897666
vt 0.382031 0.897668
vt 0.988206 0.205288
vt 0.988206 0.200408
vt 0.989941 0.199523
vt 0.989941 0.206174
vt 0.615936 0.889922
vt 0.615936 0.894905
vt 0.614200 0.895790
vt 0.614200 0.889037
vt 0.990035 0.371494
vt 0.990035 0.366615
vt 0.991385 0.365747
vt 0.991385 0.372397
vt 0.290981 0.900241
vt 0.290981 0.895258
vt 0.292716 0.894373
vt 0.292716 0.901126
vt 0.595983 0.875531
vt 0.589332 0.875531
vt 0.589332 0.868778
vt 0.595983 0.868778
vt 0.465790 0.902675
vt 0.463393 0.902672
vt 0.463393 0.897793
vt 0.465790 0.897795
vt 0.988206 0.191986
vt 0.988206 0.187107
vt 0.989941 0.186221
vt 0.989941 0.192872
vt 0.888886 0.888563
vt 0.888886 0.893545
vt 0.887151 0.894431
vt 0.887151 0.887677
vt 0.990035 0.218546
vt 0.990035 0.213667
vt 0.991385 0.212798
vt 0.991385 0.219448
vt 0.890622 0.900299
vt 0.890622 0.895316
vt 0.892357 0.894431
vt 0.892357 0.901184
vt 0.549428 0.889037
vt 0.542777 0.889037
vt 0.542777 0.882284
vt 0.549428 0.882284
vt 0.059365 0.902542
vt 0.056968 0.902540
vt 0.056968 0.897660
vt 0.059365 0.897662
vt 0.530238 0.907081
vt 0.530238 0.902202
vt 0.531974 0.901316
vt 0.531974 0.907967
vt 0.187957 0.891792
vt 0.187957 0.896774
vt 0.186222 0.897660
vt 0.186222 0.890906
vt 0.990035 0.717292
vt 0.990035 0.712412
vt 0.991385 0.711544
vt 0.991385 0.718194
vt 0.267277 0.901487
vt 0.267277 0.896505
vt 0.269011 0.895619
vt 0.269011 0.902373
vt 0.046555 0.884153
vt 0.039905 0.884153
vt 0.039905 0.877400
vt 0.046555 0.877400
vt 0.531974 0.901316
vt 0.529577 0.901314
vt 0.529577 0.896434
vt 0.531974 0.896436
vt 0.988206 0.178685
vt 0.988206 0.173805
vt 0.989941 0.172920
vt 0.989941 0.179570
vt 0.011566 0.891792
vt 0.011566 0.896774
vt 0.009831 0.897660
vt 0.009831 0.890906
vt 0.990035 0.431344
vt 0.990035 0.426465
vt 0.991385 0.425596
vt 0.991385 0.432246
vt 0.572524 0.901556
vt 0.572524 0.896573
vt 0.574259 0.895688
vt 0.574259 0.902441
vt 0.033254 0.884153
vt 0.026603 0.884153
vt 0.026603 0.877400
vt 0.033254 0.877400
vt 0.141111 0.902542
vt 0.138714 0.902540
vt 0.138714 0.897660
vt 0.141111 0.897662
vt 0.906883 0.807255
vt 0.906883 0.802376
vt 0.908618 0.801490
vt 0.908618 0.808141
vt 0.111619 0.891792
vt 0.111619 0.896774
vt 0.109883 0.897660
vt 0.109883 0.890906
vt 0.990035 0.650792
vt 0.990035 0.645913
vt 0.991385 0.645045
vt 0.991385 0.651695
vt 0.258603 0.901487
vt 0.258603 0.896505
vt 0.260338 0.895619
vt 0.260338 0.902373
vt 0.219476 0.884153
vt 0.212825 0.884153
vt 0.212825 0.877400
vt 0.219476 0.877400
vt 0.123185 0.902542
vt 0.120788 0.902540
vt 0.120788 0.897660
vt 0.123185 0.897662
vt 0.341063 0.906974
vt 0.341063 0.902094
vt 0.342799 0.901208
vt 0.342799 0.907859
vt 0.885416 0.888563
vt 0.885416 0.893546
vt 0.883680 0.894431
vt 0.883680 0.887677
vt 0.988206 0.934835
vt 0.988206 0.929955
vt 0.989556 0.929087
vt 0.989556 0.935737
vt 0.351290 0.900807
vt 0.351290 0.895824
vt 0.353025 0.894939
vt 0.353025 0.901692
vt 0.206174 0.877400
vt 0.199524 0.877400
vt 0.199524 0.870647
vt 0.206174 0.870647
vt 0.100714 0.902542
vt 0.098317 0.902540
vt 0.098317 0.897660
vt 0.100714 0.897662
vt 0.988206 0.058971
vt 0.988206 0.054092
vt 0.989941 0.053206
vt 0.989941 0.059857
vt 0.138222 0.891792
vt 0.138222 0.896774
vt 0.136487 0.897660
vt 0.136487 0.890906
vt 0.990035 0.112147
vt 0.990035 0.107267
vt 0.991385 0.106399
vt 0.991385 0.113049
vt 0.304283 0.900283
vt 0.304283 0.895300
vt 0.306017 0.894415
vt 0.306017 0.901168
vt 0.026603 0.890906
vt 0.019952 0.890906
vt 0.019952 0.884153
vt 0.026603 0.884153
vt 0.855651 0.905161
vt 0.853255 0.905159
vt 0.853255 0.900279
vt 0.855651 0.900281
vt 0.988206 0.311700
vt 0.988206 0.306820
vt 0.989941 0.305935
vt 0.989941 0.312586
vt 0.527059 0.890566
vt 0.527059 0.895549
vt 0.525323 0.896434
vt 0.525323 0.889681
vt 0.990035 0.005747
vt 0.990035 0.000868
vt 0.991385 -0.000000
vt 0.991385 0.006650
vt 0.345464 0.900323
vt 0.345464 0.895340
vt 0.347199 0.894455
vt 0.347199 0.901209
vt 0.053206 0.884153
vt 0.046555 0.884153
vt 0.046555 0.877400
vt 0.053206 0.877400
vt 0.858048 0.905161
vt 0.855651 0.905159
vt 0.855651 0.900279
vt 0.858048 0.900281
vt 0.711224 0.907045
vt 0.711224 0.902165
vt 0.712959 0.901279
vt 0.712959 0.907930
vt 0.023423 0.891792
vt 0.023423 0.896774
vt 0.021688 0.897660
vt 0.021688 0.890906
vt 0.990035 0.278395
vt 0.990035 0.273516
vt 0.991385 0.272648
vt 0.991385 0.279298
vt 0.435197 0.899602
vt 0.435197 0.894619
vt 0.436932 0.893734
vt 0.436932 0.900487
vt 0.113063 0.877400
vt 0.106413 0.877401
vt 0.106413 0.870648
vt 0.113063 0.870648
vt 0.120375 0.902542
vt 0.117979 0.902540
vt 0.117979 0.897660
vt 0.120375 0.897662
vt 0.354076 0.907417
vt 0.354076 0.902537
vt 0.355811 0.901652
vt 0.355811 0.908303
vt 0.536889 0.890566
vt 0.536889 0.895549
vt 0.535154 0.896434
vt 0.535154 0.889680
vt 0.990035 0.178646
vt 0.990035 0.173767
vt 0.991385 0.172899
vt 0.991385 0.179549
vt 0.892357 0.900299
vt 0.892357 0.895316
vt 0.894092 0.894431
vt 0.894092 0.901184
vt 0.602634 0.875531
vt 0.595983 0.875531
vt 0.595983 0.868778
vt 0.602634 0.868778
vt 0.148053 0.902542
vt 0.145656 0.902540
vt 0.145656 0.897660
vt 0.148053 0.897662
vt 0.342799 0.906974
vt 0.342799 0.902094
vt 0.344534 0.901209
vt 0.344534 0.907859
vt 0.036434 0.891792
vt 0.036434 0.896774
vt 0.034698 0.897660
vt 0.034698 0.890906
vt 0.990035 0.138746
vt 0.990035 0.133867
vt 0.991385 0.139649
vt 0.441848 0.899644
vt 0.441848 0.894661
vt 0.443583 0.893776
vt 0.443583 0.900529
vt 0.013302 0.877400
vt 0.006651 0.877400
vt 0.006651 0.870648
vt 0.013302 0.870648
vt 0.165777 0.902542
vt 0.163381 0.902540
vt 0.163381 0.897660
vt 0.165777 0.897662
vt 0.988206 0.251843
vt 0.988206 0.246964
vt 0.989941 0.246078
vt 0.989941 0.252729
vt 0.025159 0.891792
vt 0.025159 0.896774
vt 0.023423 0.897660
vt 0.023423 0.890906
vt 0.990035 0.185296
vt 0.990035 0.180417
vt 0.991385 0.186199
vt 0.340774 0.900323
vt 0.340774 0.895340
vt 0.342509 0.894455
vt 0.342509 0.901208
vt 0.079809 0.884153
vt 0.073159 0.884153
vt 0.073159 0.877400
vt 0.079809 0.877400
vt 0.103894 0.902542
vt 0.101497 0.902540
vt 0.101497 0.897660
vt 0.103894 0.897662
vt 0.988206 0.165383
vt 0.988206 0.160504
vt 0.989941 0.159618
vt 0.989941 0.166269
vt 0.055233 0.891792
vt 0.055233 0.896774
vt 0.053497 0.897660
vt 0.053497 0.890906
vt 0.988206 0.948135
vt 0.988206 0.943256
vt 0.989556 0.942387
vt 0.989556 0.949037
vt 0.542862 0.901658
vt 0.542862 0.896676
vt 0.544596 0.895790
vt 0.544596 0.902544
vt 0.172920 0.890906
vt 0.166270 0.890906
vt 0.166270 0.884153
vt 0.172920 0.884153
vt 0.738662 0.901279
vt 0.736265 0.901277
vt 0.736265 0.896397
vt 0.738662 0.896399
vt 0.522926 0.907081
vt 0.522926 0.902202
vt 0.524662 0.901316
vt 0.524662 0.907967
vt 0.033836 0.891792
vt 0.033836 0.896774
vt 0.032100 0.897660
vt 0.032100 0.890906
vt 0.990035 0.058947
vt 0.990035 0.054068
vt 0.991385 0.053200
vt 0.991385 0.059850
vt 0.609285 0.900334
vt 0.609285 0.895351
vt 0.611019 0.894466
vt 0.611019 0.901220
vt 0.039905 0.884153
vt 0.033254 0.884153
vt 0.033254 0.877400
vt 0.039905 0.877400
vt 0.455402 0.910062
vt 0.453005 0.910060
vt 0.453005 0.868778
vt 0.455402 0.868780
vt 0.804210 0.897193
vt 0.804210 0.855911
vt 0.805946 0.854669
vt 0.805946 0.898436
vt 0.329380 0.889071
vt 0.329380 0.894053
vt 0.327473 0.894939
vt 0.327473 0.888185
vt 0.494740 0.911280
vt 0.494740 0.870004
vt 0.496090 0.868778
vt 0.496090 0.912540
vt 0.333190 0.894053
vt 0.333190 0.889070
vt 0.335093 0.888185
vt 0.335093 0.894939
vt 0.417002 0.912546
vt 0.417002 0.868778
vt 0.423755 0.868778
vt 0.423755 0.912546
vt 0.161645 0.902542
vt 0.159248 0.902540
vt 0.159248 0.897660
vt 0.161645 0.897662
vt 0.988206 0.411462
vt 0.988206 0.406582
vt 0.989941 0.405697
vt 0.989941 0.412347
vt 0.094846 0.891792
vt 0.094846 0.896774
vt 0.093111 0.897660
vt 0.093111 0.890906
vt 0.990035 0.391444
vt 0.990035 0.386565
vt 0.991385 0.385697
vt 0.991385 0.392347
vt 0.773584 0.901754
vt 0.773584 0.896771
vt 0.775319 0.895885
vt 0.775319 0.902639
vt 0.199524 0.890906
vt 0.192873 0.890906
vt 0.192873 0.884153
vt 0.199524 0.884153
vt 0.093772 0.902542
vt 0.091376 0.902540
vt 0.093772 0.897662
vt 0.988206 0.484620
vt 0.988206 0.479740
vt 0.989941 0.478855
vt 0.989941 0.485506
vt 0.152968 0.891792
vt 0.152968 0.896774
vt 0.151233 0.897660
vt 0.151233 0.890906
vt 0.990035 0.630842
vt 0.990035 0.625963
vt 0.991385 0.625095
vt 0.991385 0.631745
vt 0.541042 0.902262
vt 0.541042 0.897279
vt 0.542777 0.896394
vt 0.542777 0.903147
vt 0.536889 0.889680
vt 0.530238 0.889680
vt 0.530238 0.882927
vt 0.536889 0.882927
vt 0.096582 0.902542
vt 0.094185 0.902540
vt 0.094185 0.897660
vt 0.096582 0.897662
vt 0.988206 0.557778
vt 0.988206 0.552898
vt 0.989941 0.552013
vt 0.989941 0.558664
vt 0.465128 0.891925
vt 0.465128 0.896907
vt 0.463393 0.897793
vt 0.463393 0.891039
vt 0.990035 0.730592
vt 0.990035 0.725712
vt 0.991385 0.724844
vt 0.991385 0.731494
vt 0.618161 0.902107
vt 0.618161 0.897124
vt 0.619895 0.896239
vt 0.619895 0.902992
vt 0.219476 0.890906
vt 0.212825 0.890906
vt 0.212825 0.884153
vt 0.219476 0.884153
vt 0.020614 0.902542
vt 0.018217 0.902540
vt 0.018217 0.897660
vt 0.020614 0.897662
vt 0.988206 0.152082
vt 0.988206 0.147202
vt 0.989941 0.146317
vt 0.989941 0.152967
vt 0.168587 0.891792
vt 0.168587 0.896774
vt 0.166851 0.897660
vt 0.166851 0.890906
vt 0.990035 0.511143
vt 0.990035 0.506264
vt 0.991385 0.512046
vt 0.602634 0.901658
vt 0.602634 0.896676
vt 0.604369 0.895790
vt 0.604369 0.902544
vt 0.556079 0.889037
vt 0.549428 0.889037
vt 0.549428 0.882284
vt 0.556079 0.882284
vt 0.741059 0.901279
vt 0.738662 0.901277
vt 0.738662 0.896397
vt 0.741059 0.896399
vt 0.988206 0.378208
vt 0.988206 0.373328
vt 0.989941 0.372443
vt 0.989941 0.379093
vt 0.214560 0.891792
vt 0.214560 0.896774
vt 0.212825 0.897660
vt 0.990035 0.617543
vt 0.990035 0.612663
vt 0.991385 0.611795
vt 0.991385 0.618445
vt 0.771849 0.901753
vt 0.771849 0.896771
vt 0.773584 0.895885
vt 0.773584 0.902639
vt 0.152968 0.890906
vt 0.146317 0.890906
vt 0.146317 0.884153
vt 0.152968 0.884153
vt 0.724282 0.901279
vt 0.721885 0.901277
vt 0.721885 0.896397
vt 0.724282 0.896399
vt 0.988206 0.032368
vt 0.988206 0.027488
vt 0.989941 0.026603
vt 0.989941 0.033254
vt 0.026894 0.891792
vt 0.026894 0.896774
vt 0.025159 0.897660
vt 0.025159 0.890906
vt 0.990035 0.258445
vt 0.990035 0.253566
vt 0.991385 0.252698
vt 0.991385 0.259348
vt 0.289246 0.900241
vt 0.289246 0.895258
vt 0.290981 0.894373
vt 0.290981 0.901126
vt 0.226127 0.884153
vt 0.219476 0.884153
vt 0.219476 0.877400
vt 0.226127 0.877400
vt 0.486332 0.905566
vt 0.483936 0.905564
vt 0.483936 0.900684
vt 0.486332 0.900686
vt 0.709488 0.907045
vt 0.709488 0.902165
vt 0.711224 0.901279
vt 0.711224 0.907930
vt 0.129836 0.891792
vt 0.129836 0.896774
vt 0.128100 0.897660
vt 0.128100 0.890906
vt 0.990035 0.817041
vt 0.990035 0.812161
vt 0.991385 0.811293
vt 0.991385 0.817943
vt 0.263807 0.901487
vt 0.263807 0.896505
vt 0.265542 0.895619
vt 0.265542 0.902373
vt 0.059857 0.884153
vt 0.053206 0.884153
vt 0.053206 0.877400
vt 0.059857 0.877400
vt 0.056968 0.902542
vt 0.054571 0.902540
vt 0.054571 0.897660
vt 0.056968 0.897662
vt 0.357533 0.907417
vt 0.357533 0.902537
vt 0.359269 0.901652
vt 0.359269 0.908303
vt 0.048291 0.891792
vt 0.048291 0.896774
vt 0.046555 0.897660
vt 0.046555 0.890906
vt 0.990035 0.378144
vt 0.990035 0.373265
vt 0.991385 0.372397
vt 0.991385 0.379047
vt 0.314171 0.902020
vt 0.314171 0.897038
vt 0.315906 0.896152
vt 0.315906 0.902906
vt 0.488852 0.887178
vt 0.482201 0.887178
vt 0.482201 0.880425
vt 0.488852 0.880425
vt 0.712298 0.901279
vt 0.709901 0.901277
vt 0.709901 0.896397
vt 0.712298 0.896399
vt 0.712959 0.907045
vt 0.712959 0.902165
vt 0.714695 0.907930
vt 0.124920 0.891792
vt 0.124920 0.896774
vt 0.123185 0.897660
vt 0.123185 0.890906
vt 0.990035 0.198596
vt 0.990035 0.193717
vt 0.991385 0.192848
vt 0.991385 0.199498
vt 0.236051 0.901487
vt 0.236051 0.896505
vt 0.237786 0.895619
vt 0.237786 0.902373
vt 0.589332 0.882284
vt 0.582682 0.882284
vt 0.045772 0.902542
vt 0.043375 0.902540
vt 0.043375 0.897660
vt 0.045772 0.897662
vt 0.723620 0.907044
vt 0.723620 0.902165
vt 0.725356 0.901279
vt 0.725356 0.907930
vt 0.170322 0.891792
vt 0.170322 0.896774
vt 0.168587 0.897660
vt 0.168587 0.890906
vt 0.990035 0.703992
vt 0.990035 0.699113
vt 0.991385 0.698244
vt 0.991385 0.704894
vt 0.756237 0.901753
vt 0.756237 0.896771
vt 0.757972 0.895885
vt 0.757972 0.902639
vt 0.073159 0.884153
vt 0.066508 0.884153
vt 0.066508 0.877400
vt 0.073159 0.877400
vt 0.117979 0.902542
vt 0.115582 0.902540
vt 0.115582 0.897660
vt 0.117979 0.897662
vt 0.607549 0.907081
vt 0.607549 0.902201
vt 0.609285 0.901316
vt 0.609285 0.907966
vt 0.887151 0.888563
vt 0.887151 0.893545
vt 0.885416 0.894431
vt 0.885416 0.887677
vt 0.990035 0.225196
vt 0.990035 0.220316
vt 0.991385 0.219448
vt 0.991385 0.226098
vt 0.269011 0.901487
vt 0.269011 0.896505
vt 0.270746 0.895619
vt 0.270746 0.902373
vt 0.562729 0.889037
vt 0.556079 0.889037
vt 0.556079 0.882284
vt 0.562729 0.882284
vt 0.902231 0.710982
vt 0.899835 0.710980
vt 0.899835 0.706100
vt 0.902231 0.706102
vt 0.988206 0.451366
vt 0.988206 0.446487
vt 0.989941 0.445601
vt 0.989941 0.452252
vt 0.081545 0.891792
vt 0.081545 0.896774
vt 0.079809 0.897660
vt 0.079809 0.890906
vt 0.990035 0.411394
vt 0.990035 0.406515
vt 0.991385 0.405647
vt 0.991385 0.412297
vt 0.237786 0.901487
vt 0.237786 0.896505
vt 0.239521 0.895619
vt 0.239521 0.902373
vt 0.166270 0.884153
vt 0.159619 0.884153
vt 0.159619 0.877400
vt 0.166270 0.877400
vt 0.904396 0.591787
vt 0.901999 0.591784
vt 0.901999 0.586905
vt 0.904396 0.586907
vt 0.988206 0.351605
vt 0.988206 0.346725
vt 0.989941 0.345840
vt 0.989941 0.352490
vt 0.216296 0.891792
vt 0.216296 0.896774
vt 0.214560 0.897660
vt 0.214560 0.890906
vt 0.990035 0.757191
vt 0.990035 0.752312
vt 0.991385 0.751444
vt 0.991385 0.758094
vt 0.260338 0.901487
vt 0.260338 0.896505
vt 0.262072 0.895619
vt 0.262072 0.902373
vt 0.569380 0.889037
vt 0.569380 0.882284
vt 0.190354 0.902542
vt 0.187957 0.902540
vt 0.187957 0.897660
vt 0.190354 0.897662
vt 0.988206 0.225240
vt 0.988206 0.220360
vt 0.989941 0.219475
vt 0.989941 0.226126
vt 0.119714 0.891792
vt 0.119714 0.896774
vt 0.117979 0.897660
vt 0.117979 0.890906
vt 0.990035 0.497843
vt 0.990035 0.492964
vt 0.991385 0.492096
vt 0.745829 0.901753
vt 0.745829 0.896771
vt 0.747563 0.895885
vt 0.747563 0.902639
vt 0.199524 0.877400
vt 0.192873 0.877400
vt 0.192873 0.870647
vt 0.199524 0.870647
vt 0.230577 0.904372
vt 0.228180 0.904370
vt 0.228180 0.899490
vt 0.230577 0.899492
vt 0.727340 0.907045
vt 0.727340 0.902165
vt 0.729075 0.901279
vt 0.729075 0.907930
vt 0.131571 0.891792
vt 0.131571 0.896774
vt 0.129836 0.897660
vt 0.129836 0.890906
vt 0.990035 0.398094
vt 0.990035 0.393215
vt 0.991385 0.392347
vt 0.991385 0.398997
vt 0.568938 0.901658
vt 0.568938 0.896676
vt 0.570673 0.895790
vt 0.570673 0.902544
vt 0.079809 0.890906
vt 0.073159 0.890906
vt 0.079809 0.884153
vt 0.904396 0.580151
vt 0.902000 0.580149
vt 0.902000 0.575269
vt 0.904396 0.575271
vt 0.988206 0.172034
vt 0.988206 0.167154
vt 0.989941 0.172920
vt 0.060439 0.891792
vt 0.060439 0.896774
vt 0.058703 0.897660
vt 0.058703 0.890906
vt 0.988206 0.961435
vt 0.988206 0.956555
vt 0.989556 0.955687
vt 0.989556 0.962337
vt 0.566984 0.901175
vt 0.566984 0.896192
vt 0.568719 0.895307
vt 0.568719 0.902060
vt 0.385872 0.890912
vt 0.379221 0.890912
vt 0.379221 0.884159
vt 0.385872 0.884159
vt 0.193164 0.902542
vt 0.190767 0.902540
vt 0.190767 0.897660
vt 0.193164 0.897662
vt 0.698671 0.907045
vt 0.698671 0.902165
vt 0.700406 0.901279
vt 0.700406 0.907930
vt 0.008386 0.891792
vt 0.008386 0.896774
vt 0.006651 0.897660
vt 0.006651 0.890906
vt 0.990035 0.065597
vt 0.990035 0.060718
vt 0.991385 0.059850
vt 0.991385 0.066500
vt 0.551620 0.901658
vt 0.551620 0.896676
vt 0.553355 0.895790
vt 0.553355 0.902544
vt 0.066508 0.890906
vt 0.059857 0.890906
vt 0.059857 0.884153
vt 0.066508 0.884153
vt 0.145243 0.902542
vt 0.142846 0.902540
vt 0.142846 0.897660
vt 0.145243 0.897662
vt 0.905920 0.907130
vt 0.905920 0.902251
vt 0.907656 0.901365
vt 0.907656 0.908016
vt 0.876738 0.888563
vt 0.876738 0.893545
vt 0.875003 0.894431
vt 0.875003 0.887677
vt 0.990035 0.165346
vt 0.990035 0.160467
vt 0.991385 0.159599
vt 0.991385 0.166249
vt 0.600817 0.901555
vt 0.600817 0.896573
vt 0.602551 0.895687
vt 0.602551 0.902441
vt 0.602634 0.889037
vt 0.595983 0.889037
vt 0.595983 0.882284
vt 0.602634 0.882284
vt 0.480826 0.904470
vt 0.478430 0.904467
vt 0.478430 0.899588
vt 0.480826 0.899590
vt 0.332849 0.907457
vt 0.332849 0.902577
vt 0.334585 0.901692
vt 0.334585 0.908343
vt 0.030365 0.891792
vt 0.030365 0.896774
vt 0.028630 0.897660
vt 0.028630 0.890906
vt 0.990035 0.158696
vt 0.990035 0.153817
vt 0.991385 0.152949
vt 0.991385 0.159599
vt 0.894093 0.900299
vt 0.894093 0.895316
vt 0.895827 0.894431
vt 0.895827 0.901184
vt 0.099762 0.890906
vt 0.093111 0.890906
vt 0.093111 0.884153
vt 0.099762 0.884153
vt 0.186222 0.902542
vt 0.183825 0.902540
vt 0.183825 0.897660
vt 0.186222 0.897662
vt 0.988206 0.092225
vt 0.988206 0.087345
vt 0.989941 0.086460
vt 0.989941 0.093111
vt 0.063037 0.891792
vt 0.063037 0.896774
vt 0.061302 0.897660
vt 0.061302 0.890906
vt 0.990035 0.231846
vt 0.990035 0.226966
vt 0.991385 0.226098
vt 0.991385 0.232748
vt 0.574259 0.901556
vt 0.574259 0.896573
vt 0.575994 0.895688
vt 0.575994 0.902441
vt 0.113063 0.890906
vt 0.106413 0.890906
vt 0.106413 0.884153
vt 0.113063 0.884153
vt 0.475789 0.902675
vt 0.473393 0.902672
vt 0.473393 0.897792
vt 0.475789 0.897795
vt 0.739985 0.907045
vt 0.739985 0.902165
vt 0.741720 0.901279
vt 0.741720 0.907930
vt 0.074894 0.891792
vt 0.074894 0.896774
vt 0.073159 0.897660
vt 0.073159 0.890906
vt 0.990035 0.152046
vt 0.990035 0.147167
vt 0.991385 0.146299
vt 0.991385 0.152949
vt 0.331114 0.900807
vt 0.331114 0.895824
vt 0.332849 0.894939
vt 0.332849 0.901692
vt 0.510845 0.889835
vt 0.504194 0.889835
vt 0.504194 0.883083
vt 0.510845 0.883083
vt 0.007603 0.902542
vt 0.005206 0.902540
vt 0.005206 0.897660
vt 0.007603 0.897662
vt 0.988206 0.537826
vt 0.988206 0.532946
vt 0.989941 0.532061
vt 0.989941 0.538712
vt 0.184777 0.891792
vt 0.184778 0.896774
vt 0.183042 0.897660
vt 0.183042 0.890906
vt 0.990035 0.870240
vt 0.990035 0.865361
vt 0.991385 0.864492
vt 0.991385 0.871142
vt 0.688262 0.902265
vt 0.688262 0.897283
vt 0.689997 0.896397
vt 0.689997 0.903151
vt 0.192873 0.890906
vt 0.186222 0.890906
vt 0.186222 0.884153
vt 0.192873 0.884153
vt 0.903941 0.574089
vt 0.901545 0.574087
vt 0.901545 0.569207
vt 0.903941 0.569209
vt 0.906132 0.587788
vt 0.906132 0.582908
vt 0.907867 0.582022
vt 0.907867 0.588673
vt 0.117979 0.891792
vt 0.117979 0.896774
vt 0.116243 0.897660
vt 0.116243 0.890906
vt 0.990035 0.491193
vt 0.990035 0.486314
vt 0.991385 0.485446
vt 0.991385 0.492096
vt 0.248195 0.901487
vt 0.248195 0.896505
vt 0.249929 0.895619
vt 0.249929 0.902373
vt 0.582682 0.882284
vt 0.576031 0.882284
vt 0.576031 0.875531
vt 0.582682 0.875531
vt 0.003471 0.902542
vt 0.001074 0.902540
vt 0.001074 0.897660
vt 0.003471 0.897662
vt 0.719488 0.907045
vt 0.719488 0.902165
vt 0.721224 0.901279
vt 0.721224 0.907930
vt 0.021688 0.891792
vt 0.021688 0.896774
vt 0.019952 0.897660
vt 0.019952 0.890906
vt 0.988206 0.968085
vt 0.988206 0.963205
vt 0.989556 0.962337
vt 0.989556 0.968987
vt 0.336994 0.901450
vt 0.336994 0.896467
vt 0.338729 0.895582
vt 0.338729 0.902335
vt 0.026603 0.884153
vt 0.019952 0.884153
vt 0.019952 0.877400
vt 0.026603 0.877400
vt 0.860445 0.905161
vt 0.858048 0.905159
vt 0.858048 0.900279
vt 0.860445 0.900281
vt 0.734943 0.907045
vt 0.734943 0.902165
vt 0.736678 0.901279
vt 0.736678 0.907930
vt 0.085016 0.891792
vt 0.085016 0.896774
vt 0.083280 0.897660
vt 0.083280 0.890906
vt 0.990035 0.664092
vt 0.990035 0.659213
vt 0.991385 0.658345
vt 0.991385 0.664995
vt 0.323219 0.901605
vt 0.323219 0.896622
vt 0.324953 0.895737
vt 0.324953 0.902490
vt 0.595983 0.889037
vt 0.589332 0.889037
vt 0.589332 0.882284
vt 0.595983 0.882284
vt 0.172719 0.902542
vt 0.170322 0.902540
vt 0.170322 0.897660
vt 0.172719 0.897662
vt 0.988206 0.298399
vt 0.988206 0.293519
vt 0.989941 0.292634
vt 0.989941 0.299284
vt 0.159910 0.891792
vt 0.159910 0.896774
vt 0.158174 0.897660
vt 0.158174 0.890906
vt 0.990035 0.697342
vt 0.990035 0.692463
vt 0.991385 0.691594
vt 0.991385 0.698244
vt 0.695201 0.902265
vt 0.695201 0.897282
vt 0.696936 0.896397
vt 0.696936 0.903151
vt 0.066508 0.884153
vt 0.059857 0.884153
vt 0.059857 0.877400
vt 0.066508 0.877401
vt 0.505929 0.901471
vt 0.503533 0.901469
vt 0.503533 0.896589
vt 0.505929 0.896591
vt 0.988206 0.052321
vt 0.988206 0.047441
vt 0.989941 0.046555
vt 0.989941 0.053206
vt 0.183042 0.891792
vt 0.183042 0.896774
vt 0.181307 0.897660
vt 0.181307 0.890906
vt 0.990035 0.012397
vt 0.990035 0.007518
vt 0.991385 0.006650
vt 0.991385 0.013300
vt 0.251664 0.901487
vt 0.251664 0.896505
vt 0.253399 0.895619
vt 0.253399 0.902373
vt 0.146317 0.890906
vt 0.139667 0.890906
vt 0.139667 0.884153
vt 0.146317 0.884153
vt 0.076217 0.902542
vt 0.073820 0.902540
vt 0.073820 0.897660
vt 0.076217 0.897662
vt 0.906883 0.800605
vt 0.906883 0.795725
vt 0.908618 0.794839
vt 0.908618 0.801490
vt 0.881945 0.888563
vt 0.881945 0.893545
vt 0.880209 0.894431
vt 0.880209 0.887677
vt 0.990035 0.351545
vt 0.990035 0.346665
vt 0.991385 0.345797
vt 0.991385 0.352447
vt 0.870445 0.901513
vt 0.870445 0.896530
vt 0.872180 0.895645
vt 0.872180 0.902398
vt 0.226127 0.877400
vt 0.219476 0.877400
vt 0.219476 0.870647
vt 0.226127 0.870647
vt 0.512580 0.901471
vt 0.510183 0.901469
vt 0.510183 0.896589
vt 0.512580 0.896592
vt 0.988206 0.065622
vt 0.988206 0.060742
vt 0.989941 0.059857
vt 0.989941 0.066508
vt 0.163381 0.891792
vt 0.163381 0.896774
vt 0.161645 0.897660
vt 0.161645 0.890906
vt 0.990035 0.604243
vt 0.990035 0.599363
vt 0.991385 0.598495
vt 0.991385 0.605145
vt 0.578957 0.901556
vt 0.578957 0.896573
vt 0.580692 0.895688
vt 0.580692 0.902441
vt 0.549428 0.882284
vt 0.542777 0.882284
vt 0.542777 0.875531
vt 0.549428 0.875531
vt 0.514977 0.901471
vt 0.512580 0.901469
vt 0.512580 0.896589
vt 0.514977 0.896592
vt 0.988206 0.019067
vt 0.988206 0.014187
vt 0.989941 0.013302
vt 0.989941 0.019952
vt 0.078365 0.891792
vt 0.078365 0.896774
vt 0.076629 0.897660
vt 0.076629 0.890906
vt 0.988206 0.908235
vt 0.988206 0.903356
vt 0.989556 0.902487
vt 0.989556 0.909137
vt 0.347651 0.900323
vt 0.347651 0.895340
vt 0.349386 0.894455
vt 0.349386 0.901209
vt 0.139666 0.890906
vt 0.133016 0.890906
vt 0.133016 0.884153
vt 0.139666 0.884153
vt 0.081545 0.902542
vt 0.079148 0.902540
vt 0.079148 0.897660
vt 0.081545 0.897662
vt 0.988206 0.025718
vt 0.988206 0.020838
vt 0.989941 0.019952
vt 0.989941 0.026603
vt 0.883680 0.888563
vt 0.883680 0.893545
vt 0.881945 0.894431
vt 0.881945 0.887677
vt 0.988206 0.881635
vt 0.988206 0.876756
vt 0.989556 0.875887
vt 0.989556 0.882537
vt 0.580947 0.901556
vt 0.580947 0.896573
vt 0.582682 0.895688
vt 0.582682 0.902441
vt 0.093111 0.884153
vt 0.086460 0.884153
vt 0.086460 0.877400
vt 0.093111 0.877400
vt 0.901584 0.808906
vt 0.899187 0.808904
vt 0.899187 0.804024
vt 0.901584 0.804026
vt 0.505929 0.907237
vt 0.505929 0.902357
vt 0.507665 0.901471
vt 0.507665 0.908122
vt 0.500912 0.891137
vt 0.500912 0.896119
vt 0.499176 0.897005
vt 0.499176 0.890251
vt 0.990035 0.737242
vt 0.990035 0.732362
vt 0.991385 0.731494
vt 0.991385 0.738144
vt 0.763176 0.901753
vt 0.763176 0.896771
vt 0.764911 0.895885
vt 0.764911 0.902639
vt 0.556079 0.882284
vt 0.549428 0.882284
vt 0.549428 0.875531
vt 0.556079 0.875531
vt 0.079148 0.902542
vt 0.076751 0.902540
vt 0.076751 0.897660
vt 0.079148 0.897662
vt 0.906883 0.780652
vt 0.906883 0.775772
vt 0.908618 0.774887
vt 0.908618 0.781538
vt 0.382692 0.891798
vt 0.382692 0.896780
vt 0.380957 0.897666
vt 0.380957 0.890912
vt 0.990035 0.956689
vt 0.990035 0.951809
vt 0.991385 0.950941
vt 0.991385 0.957591
vt 0.539308 0.902262
vt 0.539308 0.897279
vt 0.541042 0.896394
vt 0.541042 0.903147
vt 0.212825 0.890906
vt 0.206174 0.890906
vt 0.206174 0.884153
vt 0.375750 0.902548
vt 0.373354 0.902546
vt 0.373354 0.897666
vt 0.375750 0.897668
vt 0.804211 0.904201
vt 0.804211 0.899322
vt 0.805946 0.898436
vt 0.805946 0.905087
vt 0.519925 0.890396
vt 0.519925 0.895379
vt 0.518189 0.896264
vt 0.518189 0.889511
vt 0.990035 0.836990
vt 0.990035 0.832111
vt 0.991385 0.831243
vt 0.991385 0.837893
vt 0.778788 0.901753
vt 0.778788 0.896771
vt 0.780523 0.895885
vt 0.780523 0.902639
vt 0.569380 0.875531
vt 0.562729 0.875531
vt 0.562729 0.868778
vt 0.569380 0.868778
vt 0.470996 0.902675
vt 0.468599 0.902672
vt 0.468599 0.897793
vt 0.470996 0.897795
vt 0.988206 0.517874
vt 0.988206 0.512994
vt 0.989941 0.512109
vt 0.989941 0.518759
vt 0.507665 0.890721
vt 0.507665 0.895704
vt 0.505929 0.896589
vt 0.505929 0.889836
vt 0.990035 0.358194
vt 0.990035 0.353315
vt 0.991385 0.352447
vt 0.991385 0.359097
vt 0.691732 0.902265
vt 0.691732 0.897283
vt 0.693466 0.896397
vt 0.693466 0.903151
vt 0.576031 0.889037
vt 0.569380 0.889037
vt 0.569380 0.882284
vt 0.576031 0.882284
vt 0.726678 0.901279
vt 0.724282 0.901277
vt 0.724282 0.896397
vt 0.726678 0.896399
vt 0.988206 0.218590
vt 0.988206 0.213710
vt 0.989941 0.212824
vt 0.989941 0.219475
vt 0.199524 0.891792
vt 0.199524 0.896774
vt 0.197788 0.897660
vt 0.197788 0.890906
vt 0.990035 0.763841
vt 0.990035 0.758962
vt 0.991385 0.764744
vt 0.262072 0.901487
vt 0.262073 0.896505
vt 0.263807 0.895619
vt 0.263807 0.902373
vt 0.576031 0.882284
vt 0.569380 0.882284
vt 0.569380 0.875531
vt 0.576031 0.875531
vt 0.882605 0.906067
vt 0.880209 0.906064
vt 0.880209 0.901184
vt 0.882605 0.901187
vt 0.988206 0.271796
vt 0.988206 0.266916
vt 0.989941 0.266030
vt 0.989941 0.272681
vt 0.193164 0.891792
vt 0.193164 0.896774
vt 0.191428 0.897660
vt 0.191428 0.890906
vt 0.990035 0.903489
vt 0.990035 0.898610
vt 0.991385 0.897742
vt 0.991385 0.904392
vt 0.537573 0.902262
vt 0.537573 0.897279
vt 0.539308 0.896394
vt 0.539308 0.903147
vt 0.891325 0.589465
vt 0.884674 0.589465
vt 0.884674 0.582712
vt 0.891325 0.582712
vt 0.488729 0.905566
vt 0.486332 0.905564
vt 0.486332 0.900684
vt 0.488729 0.900686
vt 0.988206 0.112177
vt 0.988206 0.107298
vt 0.989941 0.106412
vt 0.989941 0.113063
vt 0.068243 0.891792
vt 0.068243 0.896774
vt 0.066508 0.897660
vt 0.066508 0.890906
vt 0.990035 0.072247
vt 0.990035 0.067368
vt 0.991385 0.066499
vt 0.991385 0.073149
vt 0.875003 0.900299
vt 0.875003 0.895316
vt 0.876738 0.894431
vt 0.876738 0.901184
vt 0.320822 0.888185
vt 0.314171 0.888185
vt 0.314171 0.881432
vt 0.320822 0.881432
vt 0.440401 0.905370
vt 0.438005 0.905367
vt 0.438005 0.900487
vt 0.440401 0.900490
vt 0.988206 0.338303
vt 0.988206 0.333424
vt 0.989941 0.332538
vt 0.989941 0.339189
vt 0.525323 0.890566
vt 0.525323 0.895549
vt 0.523588 0.896434
vt 0.523588 0.889681
vt 0.990035 0.983288
vt 0.990035 0.978409
vt 0.991385 0.977541
vt 0.991385 0.984191
vt 0.693466 0.902265
vt 0.693466 0.897283
vt 0.695201 0.896397
vt 0.695201 0.903151
vt 0.476694 0.891039
vt 0.470044 0.891039
vt 0.470044 0.884286
vt 0.027555 0.902542
vt 0.025159 0.902540
vt 0.025159 0.897660
vt 0.027555 0.897662
vt 0.988206 0.404811
vt 0.988206 0.399931
vt 0.989941 0.399046
vt 0.989941 0.405697
vt 0.219767 0.891792
vt 0.219767 0.896774
vt 0.218031 0.897660
vt 0.218031 0.890906
vt 0.990035 0.910139
vt 0.990035 0.905260
vt 0.991385 0.904392
vt 0.991385 0.911042
vt 0.674385 0.902265
vt 0.674385 0.897283
vt 0.676119 0.896397
vt 0.676119 0.903151
vt 0.133016 0.877400
vt 0.126365 0.877400
vt 0.126365 0.870647
vt 0.133016 0.870647
vt 0.218693 0.902542
vt 0.216296 0.902540
vt 0.216296 0.897660
vt 0.218693 0.897662
vt 0.182090 0.903425
vt 0.182090 0.898545
vt 0.183825 0.897660
vt 0.183825 0.904310
vt 0.895828 0.888563
vt 0.895828 0.893545
vt 0.894093 0.894431
vt 0.894093 0.887677
vt 0.990035 0.690692
vt 0.990035 0.685813
vt 0.991385 0.684944
vt 0.991385 0.691594
vt 0.676119 0.902265
vt 0.676119 0.897283
vt 0.677854 0.896397
vt 0.677854 0.903151
vt 0.139666 0.877400
vt 0.133016 0.877400
vt 0.133016 0.870647
vt 0.139666 0.870647
vt 0.067169 0.902542
vt 0.064772 0.902540
vt 0.064772 0.897660
vt 0.067169 0.897662
vt 0.988206 0.504572
vt 0.988206 0.499692
vt 0.989941 0.498807
vt 0.989941 0.505458
vt 0.361004 0.891798
vt 0.361004 0.896780
vt 0.359269 0.897666
vt 0.359269 0.890912
vt 0.990035 0.577643
vt 0.990035 0.572764
vt 0.991385 0.571895
vt 0.991385 0.578545
vt 0.696936 0.902265
vt 0.696936 0.897283
vt 0.698671 0.896397
vt 0.698671 0.903151
vt 0.159619 0.890906
vt 0.152968 0.890906
vt 0.152968 0.884153
vt 0.159619 0.884153
vt 0.895041 0.710982
vt 0.892645 0.710980
vt 0.892645 0.706100
vt 0.895041 0.706102
vt 0.988206 0.211939
vt 0.988206 0.207059
vt 0.989941 0.206174
vt 0.505929 0.890721
vt 0.505929 0.895704
vt 0.504194 0.896589
vt 0.504194 0.889836
vt 0.990035 0.265095
vt 0.990035 0.260216
vt 0.991385 0.259348
vt 0.991385 0.265998
vt 0.757972 0.901753
vt 0.757972 0.896771
vt 0.759706 0.895885
vt 0.759706 0.902639
vt 0.609285 0.889037
vt 0.602634 0.889037
vt 0.609285 0.882284
vt 0.384427 0.902548
vt 0.382031 0.902546
vt 0.382031 0.897666
vt 0.384427 0.897668
vt 0.511919 0.907237
vt 0.511919 0.902357
vt 0.513654 0.901471
vt 0.513654 0.908122
vt 0.533709 0.890566
vt 0.533709 0.895549
vt 0.531974 0.896434
vt 0.531974 0.889680
vt 0.990035 0.331595
vt 0.990035 0.326715
vt 0.991385 0.325847
vt 0.991385 0.332497
vt 0.686528 0.902265
vt 0.686528 0.897283
vt 0.688262 0.896397
vt 0.688262 0.903151
vt 0.166270 0.890906
vt 0.159619 0.890906
vt 0.166270 0.884153
vt 0.073820 0.902542
vt 0.071423 0.902540
vt 0.071423 0.897660
vt 0.073820 0.897662
vt 0.609285 0.906985
vt 0.609285 0.902105
vt 0.611020 0.901220
vt 0.611020 0.907870
vt 0.165116 0.891792
vt 0.165116 0.896774
vt 0.163381 0.897660
vt 0.163381 0.890906
vt 0.990035 0.963339
vt 0.990035 0.958459
vt 0.991385 0.957591
vt 0.991385 0.964241
vt 0.759706 0.901753
vt 0.759706 0.896771
vt 0.761441 0.895885
vt 0.761441 0.902639
vt 0.179571 0.884153
vt 0.172920 0.877400
vt 0.179571 0.877400
vt 0.444245 0.905412
vt 0.441848 0.905409
vt 0.441848 0.900530
vt 0.444245 0.900532
vt 0.351290 0.907457
vt 0.351290 0.902577
vt 0.353026 0.901692
vt 0.353026 0.908343
vt 0.043375 0.891792
vt 0.043375 0.896774
vt 0.041640 0.897660
vt 0.041640 0.890906
vt 0.990035 0.943389
vt 0.990035 0.938509
vt 0.991385 0.937641
vt 0.991385 0.944291
vt 0.613245 0.901658
vt 0.613245 0.896676
vt 0.614980 0.895790
vt 0.614980 0.902544
vt 0.186222 0.890906
vt 0.179571 0.890906
vt 0.179571 0.884153
vt 0.186222 0.884153
vt 0.213899 0.902542
vt 0.211502 0.902540
vt 0.211502 0.897660
vt 0.213899 0.897662
vt 0.306259 0.907525
vt 0.306259 0.902645
vt 0.307995 0.901760
vt 0.307995 0.908410
vt 0.221502 0.891792
vt 0.221502 0.896774
vt 0.219767 0.897660
vt 0.219767 0.890906
vt 0.988206 0.888285
vt 0.988206 0.883406
vt 0.989556 0.882537
vt 0.669180 0.902265
vt 0.669180 0.897283
vt 0.670915 0.896397
vt 0.670915 0.903151
vt 0.441848 0.893734
vt 0.435197 0.893734
vt 0.435197 0.886981
vt 0.441848 0.886981
vt 0.380378 0.665020
vt 0.380378 0.659563
vt 0.385258 0.659558
vt 0.385258 0.665015
vt 0.572524 0.894802
vt 0.572524 0.889922
vt 0.574344 0.889037
vt 0.574344 0.895687
vt 0.894671 0.581064
vt 0.894671 0.592409
vt 0.892936 0.593470
vt 0.892936 0.580004
vt 0.990035 0.989935
vt 0.990035 0.985056
vt 0.991360 0.984191
vt 0.991360 0.990841
vt 0.541042 0.895333
vt 0.541042 0.883988
vt 0.542777 0.882928
vt 0.542777 0.896394
vt 0.766998 0.777384
vt 0.760347 0.777384
vt 0.760347 0.763919
vt 0.766998 0.763919
vt 0.367421 0.665020
vt 0.367421 0.659563
vt 0.372301 0.659558
vt 0.372301 0.665015
vt 0.574344 0.894802
vt 0.574344 0.889922
vt 0.576164 0.889037
vt 0.576164 0.895687
vt 0.355811 0.882493
vt 0.355811 0.893838
vt 0.354076 0.894898
vt 0.354076 0.881432
vt 0.990035 0.996585
vt 0.990035 0.991706
vt 0.991360 0.990841
vt 0.991360 0.997491
vt 0.539308 0.895333
vt 0.539308 0.883988
vt 0.541042 0.882928
vt 0.541042 0.896394
vt 0.760347 0.777384
vt 0.753696 0.777384
vt 0.753696 0.763919
vt 0.760347 0.763919
vt 0.522272 0.876177
vt 0.522272 0.887521
vt 0.519925 0.887519
vt 0.519925 0.876175
vt 0.595983 0.894802
vt 0.595983 0.889922
vt 0.597801 0.889037
vt 0.597801 0.895687
vt 0.491199 0.892830
vt 0.491199 0.881486
vt 0.492934 0.880425
vt 0.492934 0.893891
vt 0.586455 0.889922
vt 0.586455 0.894802
vt 0.584635 0.895687
vt 0.584635 0.889037
vt 0.898914 0.587655
vt 0.898914 0.576312
vt 0.900265 0.575269
vt 0.900265 0.588733
vt 0.780299 0.763919
vt 0.786950 0.763919
vt 0.786950 0.777385
vt 0.780299 0.777385
vt 0.800947 0.763919
vt 0.777322 0.597914
vt 0.800947 0.597937
vt 0.777322 0.763895
vt 0.926594 0.593644
vt 0.927983 0.759609
vt 0.926594 0.759605
vt 0.927983 0.593647
vt 0.923964 0.656706
vt 0.924664 0.822669
vt 0.923964 0.822667
vt 0.924664 0.656707
vt 0.923344 0.656706
vt 0.923964 0.822688
vt 0.923344 0.822688
vt 0.923964 0.656706
vt 0.385258 0.618336
vt 0.385882 0.667451
vt 0.385258 0.667452
vt 0.385882 0.618336
vt 0.669146 0.913094
vt 0.668526 0.863978
vt 0.669146 0.863978
vt 0.668526 0.913094
vt 0.620069 0.666550
vt 0.669180 0.500568
vt 0.669180 0.666550
vt 0.620069 0.500568
vt 0.925363 0.656706
vt 0.926594 0.822687
vt 0.925363 0.822688
vt 0.926594 0.656706
vt 0.667453 0.763896
vt 0.668691 0.813011
vt 0.667453 0.813012
vt 0.668691 0.763895
vt 0.916026 0.706019
vt 0.914795 0.656903
vt 0.916026 0.656903
vt 0.914795 0.706019
vt 0.729075 0.901279
vt 0.726678 0.901277
vt 0.726678 0.896397
vt 0.729075 0.896400
vt 0.738249 0.907045
vt 0.738249 0.902165
vt 0.739985 0.901279
vt 0.739985 0.907930
vt 0.894093 0.888563
vt 0.894093 0.893545
vt 0.892357 0.894431
vt 0.892357 0.887677
vt 0.990035 0.092197
vt 0.990035 0.087318
vt 0.991385 0.086449
vt 0.991385 0.093099
vt 0.230662 0.901472
vt 0.230662 0.896490
vt 0.232397 0.895604
vt 0.232397 0.902358
vt 0.099762 0.884153
vt 0.093111 0.884153
vt 0.093111 0.877400
vt 0.099762 0.877400
vt 0.178497 0.902542
vt 0.176100 0.902540
vt 0.176100 0.897660
vt 0.178497 0.897662
vt 0.605086 0.907081
vt 0.605086 0.902201
vt 0.606822 0.901316
vt 0.606822 0.907966
vt 0.041640 0.891792
vt 0.041640 0.896774
vt 0.039905 0.897660
vt 0.039905 0.890906
vt 0.990035 0.418044
vt 0.990035 0.413165
vt 0.991385 0.412297
vt 0.991385 0.418946
vt 0.683058 0.902265
vt 0.683058 0.897283
vt 0.684793 0.896397
vt 0.684793 0.903151
vt 0.033254 0.890906
vt 0.026603 0.890906
vt 0.026603 0.884153
vt 0.033254 0.884153
vt 0.041640 0.902542
vt 0.039243 0.902540
vt 0.039243 0.897660
vt 0.041640 0.897662
vt 0.988206 0.331653
vt 0.988206 0.326773
vt 0.989941 0.325887
vt 0.989941 0.332538
vt 0.466864 0.891925
vt 0.466864 0.896907
vt 0.465128 0.897793
vt 0.465128 0.891039
vt 0.990035 0.451294
vt 0.990035 0.446414
vt 0.991385 0.445546
vt 0.991385 0.452196
vt 0.285777 0.900241
vt 0.285777 0.895258
vt 0.287512 0.894373
vt 0.287512 0.901126
vt 0.530238 0.889680
vt 0.523588 0.889680
vt 0.523588 0.882927
vt 0.530238 0.882927
vt 0.222163 0.902542
vt 0.219767 0.902540
vt 0.219767 0.897660
vt 0.222163 0.897662
vt 0.988206 0.497922
vt 0.988206 0.493042
vt 0.989941 0.492156
vt 0.989941 0.498807
vt 0.134751 0.891792
vt 0.134751 0.896774
vt 0.133016 0.897660
vt 0.990035 0.517793
vt 0.990035 0.512914
vt 0.991385 0.512046
vt 0.991385 0.518696
vt 0.546416 0.901658
vt 0.546416 0.896676
vt 0.548151 0.895790
vt 0.548151 0.902544
vt 0.523588 0.876175
vt 0.705861 0.901279
vt 0.703464 0.901277
vt 0.703464 0.896397
vt 0.705861 0.896399
vt 0.988206 0.305050
vt 0.988206 0.300170
vt 0.989941 0.299284
vt 0.989941 0.305935
vt 0.362740 0.891798
vt 0.362740 0.896780
vt 0.361004 0.897666
vt 0.361004 0.890912
vt 0.990035 0.032347
vt 0.990035 0.027468
vt 0.991385 0.026600
vt 0.991385 0.033250
vt 0.878474 0.900299
vt 0.878474 0.895316
vt 0.880209 0.894431
vt 0.880209 0.901184
vt 0.609285 0.882284
vt 0.602634 0.882284
vt 0.602634 0.875531
vt 0.609285 0.875531
vt 0.731472 0.901279
vt 0.729075 0.901277
vt 0.729075 0.896397
vt 0.731472 0.896400
vt 0.988206 0.418113
vt 0.988206 0.413233
vt 0.989941 0.412347
vt 0.989941 0.418998
vt 0.854990 0.894411
vt 0.854990 0.899394
vt 0.853255 0.900279
vt 0.853255 0.893525
vt 0.990035 0.311645
vt 0.990035 0.306766
vt 0.991385 0.305898
vt 0.991385 0.312547
vt 0.868709 0.901513
vt 0.868709 0.896530
vt 0.870444 0.895644
vt 0.870444 0.902398
vt 0.517495 0.889836
vt 0.510845 0.889836
vt 0.510845 0.883083
vt 0.517495 0.883083
vt 0.743456 0.901279
vt 0.741059 0.901277
vt 0.741059 0.896397
vt 0.743456 0.896399
vt 0.988206 0.185336
vt 0.988206 0.180456
vt 0.989941 0.179571
vt 0.989941 0.186221
vt 0.158174 0.891792
vt 0.158174 0.896774
vt 0.156439 0.897660
vt 0.156439 0.890906
vt 0.990035 0.245146
vt 0.990035 0.240266
vt 0.991385 0.239398
vt 0.991385 0.246048
vt 0.582682 0.901175
vt 0.582682 0.896192
vt 0.584416 0.895307
vt 0.584416 0.902060
vt 0.006651 0.890906
vt 0.000000 0.890906
vt 0.000000 0.884153
vt 0.006651 0.884153
vt 0.478430 0.904470
vt 0.476033 0.904467
vt 0.476033 0.899588
vt 0.478430 0.899590
vt 0.988206 0.371557
vt 0.988206 0.366677
vt 0.989941 0.365792
vt 0.989941 0.372443
vt 0.473514 0.891925
vt 0.473514 0.896907
vt 0.471779 0.897793
vt 0.471779 0.891039
vt 0.990035 0.105497
vt 0.990035 0.100617
vt 0.991385 0.099749
vt 0.991385 0.106399
vt 0.563763 0.901658
vt 0.563763 0.896676
vt 0.565498 0.895790
vt 0.565498 0.902544
vt 0.884674 0.569206
vt 0.891325 0.569206
vt 0.366872 0.902548
vt 0.364475 0.902546
vt 0.364475 0.897666
vt 0.366872 0.897668
vt 0.493004 0.906410
vt 0.493004 0.901530
vt 0.494740 0.900644
vt 0.494740 0.907295
vt 0.149788 0.891792
vt 0.149788 0.896774
vt 0.148053 0.897660
vt 0.148053 0.890906
vt 0.990035 0.118797
vt 0.990035 0.113917
vt 0.991385 0.113049
vt 0.991385 0.119699
vt 0.295609 0.900240
vt 0.295609 0.895258
vt 0.297344 0.894372
vt 0.297344 0.901126
vt 0.106413 0.877400
vt 0.099762 0.877400
vt 0.099762 0.870647
vt 0.106413 0.870647
vt 0.133016 0.902542
vt 0.130619 0.902540
vt 0.130619 0.897660
vt 0.133016 0.897662
vt 0.593783 0.902199
vt 0.593783 0.897319
vt 0.595518 0.896433
vt 0.595518 0.903084
vt 0.015037 0.891792
vt 0.015037 0.896774
vt 0.013302 0.897660
vt 0.013302 0.890906
vt 0.990035 0.457944
vt 0.990035 0.453064
vt 0.991385 0.458846
vt 0.293874 0.900241
vt 0.293874 0.895258
vt 0.295609 0.894373
vt 0.295609 0.901126
vt 0.562729 0.875531
vt 0.556079 0.875531
vt 0.556079 0.868778
vt 0.562729 0.868778
vt 0.071423 0.902542
vt 0.069026 0.902540
vt 0.069026 0.897660
vt 0.071423 0.897662
vt 0.988206 0.158733
vt 0.988206 0.153853
vt 0.989941 0.152967
vt 0.218031 0.891792
vt 0.218031 0.896774
vt 0.216296 0.897660
vt 0.216296 0.890906
vt 0.990035 0.271745
vt 0.990035 0.266866
vt 0.991385 0.265998
vt 0.991385 0.272648
vt 0.491199 0.899759
vt 0.491199 0.894776
vt 0.492934 0.893891
vt 0.492934 0.900644
vt 0.542777 0.882927
vt 0.536126 0.882927
vt 0.536126 0.876175
vt 0.542777 0.876175
vt 0.362740 0.902548
vt 0.360343 0.902546
vt 0.360343 0.897666
vt 0.362740 0.897668
vt 0.335093 0.906974
vt 0.335093 0.902094
vt 0.336828 0.901209
vt 0.336828 0.907859
vt 0.146317 0.891792
vt 0.146317 0.896774
vt 0.144582 0.897660
vt 0.144582 0.890906
vt 0.990035 0.344895
vt 0.990035 0.340015
vt 0.991385 0.339147
vt 0.991385 0.345797
vt 0.444563 0.899644
vt 0.444563 0.894661
vt 0.446298 0.893776
vt 0.446298 0.900529
vt 0.602634 0.882284
vt 0.595983 0.882284
vt 0.595983 0.875531
vt 0.602634 0.875531
vt 0.115582 0.902542
vt 0.113185 0.902540
vt 0.113185 0.897660
vt 0.115582 0.897662
vt 0.501573 0.902770
vt 0.501573 0.897890
vt 0.503309 0.897005
vt 0.503309 0.903655
vt 0.123185 0.891792
vt 0.123185 0.896774
vt 0.121450 0.897660
vt 0.121450 0.890906
vt 0.990035 0.544393
vt 0.990035 0.539514
vt 0.991385 0.538646
vt 0.991385 0.545296
vt 0.270746 0.901487
vt 0.270746 0.896505
vt 0.272481 0.895619
vt 0.272481 0.902373
vt 0.039905 0.877401
vt 0.033254 0.877400
vt 0.039905 0.870648
vt 0.090592 0.902542
vt 0.088196 0.902540
vt 0.088196 0.897660
vt 0.090592 0.897662
vt 0.705861 0.907045
vt 0.705861 0.902165
vt 0.707596 0.901279
vt 0.707596 0.907930
vt 0.073159 0.891792
vt 0.073159 0.896774
vt 0.071423 0.897660
vt 0.071423 0.890906
vt 0.988206 0.901585
vt 0.988206 0.896706
vt 0.989556 0.895837
vt 0.989556 0.902487
vt 0.320822 0.899596
vt 0.320822 0.894614
vt 0.322557 0.893728
vt 0.322557 0.900482
vt 0.059857 0.877400
vt 0.053206 0.877400
vt 0.053206 0.870648
vt 0.059857 0.870648
vt 0.323219 0.893728
vt 0.320822 0.893726
vt 0.320822 0.888185
vt 0.323219 0.888187
vt 0.323219 0.894731
vt 0.323219 0.889190
vt 0.324954 0.888185
vt 0.324954 0.895737
vt 0.570731 0.889922
vt 0.570731 0.894905
vt 0.568938 0.895790
vt 0.568938 0.889037
vt 0.988206 0.811131
vt 0.988206 0.805591
vt 0.989556 0.804603
vt 0.989556 0.812154
vt 0.587541 0.894905
vt 0.587541 0.889922
vt 0.589332 0.889037
vt 0.589332 0.895790
vt 0.504194 0.876330
vt 0.504194 0.868778
vt 0.510947 0.868778
vt 0.510947 0.876330
vt 0.533729 0.882023
vt 0.531333 0.882020
vt 0.531333 0.876175
vt 0.533729 0.876177
vt 0.314171 0.895092
vt 0.314171 0.889246
vt 0.315907 0.888185
vt 0.315907 0.896152
vt 0.557898 0.889922
vt 0.557898 0.894905
vt 0.556079 0.895790
vt 0.556079 0.889037
vt 0.988206 0.753365
vt 0.988206 0.747520
vt 0.989556 0.746477
vt 0.989556 0.754443
vt 0.565167 0.894905
vt 0.565167 0.889922
vt 0.566984 0.889037
vt 0.566984 0.895790
vt 0.352013 0.752305
vt 0.352013 0.744338
vt 0.358766 0.744338
vt 0.358766 0.752305
vt 0.865238 0.893525
vt 0.862842 0.893523
vt 0.862842 0.887677
vt 0.865238 0.887680
vt 0.866974 0.894584
vt 0.866974 0.888738
vt 0.868709 0.887677
vt 0.868709 0.895644
vt 0.546416 0.889922
vt 0.546416 0.894905
vt 0.544597 0.895790
vt 0.544597 0.889037
vt 0.988206 0.705568
vt 0.988206 0.699723
vt 0.989556 0.706646
vt 0.554261 0.894905
vt 0.554261 0.889922
vt 0.556079 0.889037
vt 0.556079 0.895790
vt 0.358766 0.752305
vt 0.358766 0.744338
vt 0.365519 0.744338
vt 0.365519 0.752305
vt 0.862842 0.893525
vt 0.860445 0.893523
vt 0.860445 0.887677
vt 0.862841 0.887680
vt 0.385158 0.882890
vt 0.385158 0.877044
vt 0.386893 0.875984
vt 0.386893 0.883951
vt 0.544597 0.889922
vt 0.544597 0.894905
vt 0.542777 0.895790
vt 0.988206 0.737433
vt 0.988206 0.731588
vt 0.989556 0.730544
vt 0.989556 0.738511
vt 0.550055 0.894905
vt 0.550055 0.889922
vt 0.551872 0.889037
vt 0.551872 0.895790
vt 0.365519 0.752305
vt 0.365519 0.744338
vt 0.372271 0.744338
vt 0.372271 0.752305
vt 0.855651 0.893525
vt 0.853255 0.893523
vt 0.853255 0.887677
vt 0.855651 0.887680
vt 0.868709 0.894584
vt 0.868709 0.888738
vt 0.870445 0.887677
vt 0.870445 0.895644
vt 0.548236 0.889922
vt 0.548236 0.894905
vt 0.546416 0.895790
vt 0.546416 0.889037
vt 0.988206 0.729466
vt 0.988206 0.723621
vt 0.989556 0.722578
vt 0.989556 0.730544
vt 0.551872 0.894905
vt 0.551872 0.889922
vt 0.553690 0.889037
vt 0.553690 0.895790
vt 0.345260 0.752305
vt 0.345260 0.744338
vt 0.352013 0.744338
vt 0.352013 0.752305
vt 0.600817 0.894466
vt 0.598592 0.894464
vt 0.598592 0.889037
vt 0.600817 0.889039
vt 0.593783 0.895449
vt 0.593783 0.890022
vt 0.595394 0.889037
vt 0.595394 0.896433
vt 0.989895 0.767805
vt 0.989895 0.772431
vt 0.988206 0.773253
vt 0.988206 0.766983
vt 0.988206 0.840891
vt 0.988206 0.835465
vt 0.989460 0.834496
vt 0.989460 0.841892
vt 0.988206 0.784971
vt 0.988206 0.780345
vt 0.989893 0.779523
vt 0.989893 0.785793
vt 0.517700 0.876175
vt 0.523969 0.868778
vt 0.523969 0.876175
vt 0.591558 0.894466
vt 0.589332 0.894464
vt 0.589332 0.889037
vt 0.591558 0.889039
vt 0.607674 0.895449
vt 0.607674 0.890021
vt 0.609285 0.896433
vt 0.989895 0.761535
vt 0.989895 0.766161
vt 0.988206 0.766983
vt 0.988206 0.760713
vt 0.988206 0.833495
vt 0.988206 0.828069
vt 0.989460 0.827100
vt 0.989460 0.834496
vt 0.988206 0.803781
vt 0.988206 0.799155
vt 0.989893 0.798333
vt 0.989893 0.804603
vt 0.530238 0.876175
vt 0.530238 0.868778
vt 0.536508 0.868778
vt 0.536508 0.876175
vt 0.444073 0.893776
vt 0.441848 0.893774
vt 0.444073 0.886983
vt 0.308119 0.895645
vt 0.308119 0.888852
vt 0.309730 0.887620
vt 0.309730 0.896877
vt 0.990014 0.603756
vt 0.990014 0.608382
vt 0.988206 0.609204
vt 0.988206 0.602934
vt 0.312800 0.895628
vt 0.312800 0.888836
vt 0.314054 0.887620
vt 0.314054 0.896876
vt 0.988206 0.627192
vt 0.988206 0.622566
vt 0.990010 0.621744
vt 0.990010 0.628014
vt 0.325968 0.753595
vt 0.325968 0.744338
vt 0.332238 0.744338
vt 0.332238 0.753595
vt 0.444073 0.893774
vt 0.444073 0.886981
vt 0.446298 0.886983
vt 0.618161 0.895006
vt 0.618161 0.888214
vt 0.619772 0.886981
vt 0.619772 0.896239
vt 0.990014 0.591217
vt 0.990014 0.595842
vt 0.988206 0.596664
vt 0.988206 0.590394
vt 0.355811 0.902081
vt 0.355811 0.895289
vt 0.357065 0.894073
vt 0.357065 0.903329
vt 0.988206 0.620922
vt 0.988206 0.616296
vt 0.990010 0.615474
vt 0.990010 0.621744
vt 0.313430 0.753596
vt 0.313430 0.744338
vt 0.319699 0.744338
vt 0.319699 0.753596
vt 0.805397 0.763528
vt 0.803172 0.763526
vt 0.803172 0.754251
vt 0.805397 0.754253
vt 0.355811 0.892390
vt 0.355811 0.883115
vt 0.357422 0.881432
vt 0.357422 0.894072
vt 0.337117 0.889007
vt 0.337117 0.893633
vt 0.335093 0.894455
vt 0.897894 0.573394
vt 0.897894 0.564120
vt 0.899148 0.562453
vt 0.899148 0.575092
vt 0.338758 0.893633
vt 0.338758 0.889007
vt 0.340774 0.888185
vt 0.340774 0.894455
vt 0.793600 0.776559
vt 0.793600 0.763919
vt 0.799869 0.763919
vt 0.799869 0.776559
vt 0.228352 0.883984
vt 0.226127 0.883982
vt 0.226127 0.870648
vt 0.228352 0.870650
vt 0.891325 0.576875
vt 0.891325 0.563540
vt 0.892936 0.562453
vt 0.892936 0.577962
vt 0.989944 0.660186
vt 0.989944 0.664811
vt 0.988206 0.665633
vt 0.988206 0.659363
vt 0.897660 0.589672
vt 0.897660 0.576340
vt 0.898914 0.575269
vt 0.898914 0.590775
vt 0.988206 0.671081
vt 0.988206 0.666455
vt 0.989941 0.665633
vt 0.989941 0.671903
vt 0.463393 0.884286
vt 0.463393 0.868778
vt 0.230577 0.883984
vt 0.228352 0.883982
vt 0.228352 0.870648
vt 0.230577 0.870650
vt 0.891325 0.592383
vt 0.891325 0.579049
vt 0.892936 0.577962
vt 0.892936 0.593470
vt 0.989944 0.647646
vt 0.989944 0.652272
vt 0.988206 0.653094
vt 0.988206 0.646824
vt 0.228069 0.898387
vt 0.228069 0.885055
vt 0.229323 0.883984
vt 0.229323 0.899490
vt 0.988206 0.677351
vt 0.988206 0.672725
vt 0.989941 0.671903
vt 0.989941 0.678173
vt 0.475932 0.884286
vt 0.475932 0.868778
vt 0.482201 0.868778
vt 0.482201 0.884286
vt 0.753442 0.763451
vt 0.751217 0.763449
vt 0.751217 0.747797
vt 0.753442 0.747800
vt 0.230577 0.887575
vt 0.230577 0.871923
vt 0.232188 0.870647
vt 0.232188 0.888851
vt 0.990035 0.572407
vt 0.990035 0.577033
vt 0.988206 0.577855
vt 0.988206 0.571585
vt 0.896406 0.592178
vt 0.896406 0.576529
vt 0.897660 0.575269
vt 0.897660 0.593470
vt 0.988206 0.589572
vt 0.988206 0.584946
vt 0.990030 0.584124
vt 0.990030 0.590394
vt 0.441467 0.886981
vt 0.441467 0.868778
vt 0.447736 0.868778
vt 0.447736 0.886981
vt 0.482201 0.892834
vt 0.479976 0.892832
vt 0.479976 0.884286
vt 0.482201 0.884288
vt 0.616549 0.894528
vt 0.616549 0.885982
vt 0.618161 0.884432
vt 0.618161 0.896078
vt 0.349386 0.889007
vt 0.349386 0.893633
vt 0.347425 0.894455
vt 0.347425 0.888185
vt 0.311341 0.897699
vt 0.311341 0.889154
vt 0.312595 0.887620
vt 0.312595 0.899265
vt 0.582682 0.894484
vt 0.582682 0.889858
vt 0.584635 0.889037
vt 0.584635 0.895307
vt 0.488470 0.880425
vt 0.488470 0.868778
vt 0.494740 0.868778
vt 0.494740 0.880425
vt 0.369268 0.902548
vt 0.366872 0.902546
vt 0.366872 0.897666
vt 0.369268 0.897668
vt 0.988206 0.291748
vt 0.988206 0.286868
vt 0.989941 0.285983
vt 0.989941 0.292634
vt 0.468599 0.891925
vt 0.468599 0.896907
vt 0.466864 0.897793
vt 0.466864 0.891039
vt 0.990035 0.803741
vt 0.990035 0.798862
vt 0.991385 0.797993
vt 0.991385 0.804643
vt 0.764910 0.901753
vt 0.764910 0.896771
vt 0.766645 0.895885
vt 0.766645 0.902639
vt 0.297632 0.894373
vt 0.290981 0.894373
vt 0.290981 0.887620
vt 0.297632 0.887620
vt 0.886077 0.906067
vt 0.883680 0.906064
vt 0.883680 0.901184
vt 0.886077 0.901187
vt 0.988206 0.491271
vt 0.988206 0.486391
vt 0.989941 0.485506
vt 0.989941 0.492156
vt 0.189693 0.891792
vt 0.189693 0.896774
vt 0.187957 0.897660
vt 0.187957 0.890906
vt 0.990035 0.551043
vt 0.990035 0.546164
vt 0.991385 0.545296
vt 0.991385 0.551946
vt 0.297344 0.900241
vt 0.297344 0.895258
vt 0.299078 0.894373
vt 0.299078 0.901126
vt 0.206174 0.890906
vt 0.199524 0.890906
vt 0.199524 0.884153
vt 0.206174 0.884153
vt 0.473393 0.902675
vt 0.470996 0.902672
vt 0.470996 0.897793
vt 0.473392 0.897795
vt 0.988206 0.511223
vt 0.988206 0.506343
vt 0.989941 0.505458
vt 0.478430 0.893719
vt 0.478430 0.898702
vt 0.476694 0.899588
vt 0.476694 0.892834
vt 0.990035 0.976638
vt 0.990035 0.971759
vt 0.991385 0.970891
vt 0.991385 0.977541
vt 0.357533 0.900766
vt 0.357533 0.895784
vt 0.359268 0.894898
vt 0.359268 0.901652
vt 0.093111 0.877400
vt 0.086460 0.877400
vt 0.086460 0.870647
vt 0.093111 0.870647
vt 0.169248 0.902542
vt 0.166851 0.902540
vt 0.166851 0.897660
vt 0.169248 0.897662
vt 0.988206 0.198637
vt 0.988206 0.193757
vt 0.989941 0.192872
vt 0.202994 0.891792
vt 0.202994 0.896774
vt 0.201259 0.897660
vt 0.201259 0.890906
vt 0.990035 0.098847
vt 0.990035 0.093967
vt 0.991385 0.093099
vt 0.991385 0.099749
vt 0.242990 0.901487
vt 0.242990 0.896505
vt 0.244725 0.895619
vt 0.244725 0.902373
vt 0.379221 0.890912
vt 0.372570 0.890912
vt 0.372570 0.884159
vt 0.379221 0.884159
vt 0.904396 0.586905
vt 0.901999 0.586902
vt 0.901999 0.582022
vt 0.904396 0.582025
vt 0.293211 0.906891
vt 0.293211 0.902012
vt 0.294947 0.901126
vt 0.294947 0.907777
vt 0.148053 0.891792
vt 0.148053 0.896774
vt 0.146317 0.897660
vt 0.146317 0.890906
vt 0.990035 0.145396
vt 0.990035 0.140517
vt 0.991385 0.139649
vt 0.991385 0.146299
vt 0.302548 0.900241
vt 0.302548 0.895258
vt 0.304283 0.894373
vt 0.304283 0.901126
vt 0.582682 0.889037
vt 0.576031 0.882284
vt 0.137809 0.902542
vt 0.135412 0.902540
vt 0.135412 0.897660
vt 0.137809 0.897662
vt 0.729075 0.907045
vt 0.729075 0.902165
vt 0.730811 0.901279
vt 0.730811 0.907930
vt 0.144582 0.891792
vt 0.144582 0.896774
vt 0.142846 0.890906
vt 0.990035 0.843640
vt 0.990035 0.838761
vt 0.991385 0.837893
vt 0.991385 0.844543
vt 0.299078 0.900241
vt 0.299078 0.895258
vt 0.300813 0.894373
vt 0.300813 0.901126
vt 0.186222 0.877401
vt 0.179571 0.877401
vt 0.179571 0.870648
vt 0.186222 0.870648
vt 0.313738 0.904147
vt 0.311341 0.904145
vt 0.311341 0.899265
vt 0.313738 0.899267
vt 0.387358 0.907880
vt 0.387358 0.903000
vt 0.389093 0.902115
vt 0.389093 0.908766
vt 0.174656 0.891792
vt 0.174656 0.896774
vt 0.172920 0.897660
vt 0.172920 0.890906
vt 0.990035 0.677392
vt 0.990035 0.672513
vt 0.991385 0.671645
vt 0.991385 0.678295
vt 0.865238 0.901513
vt 0.865238 0.896530
vt 0.866973 0.895644
vt 0.866973 0.902398
vt 0.354076 0.888185
vt 0.347425 0.881432
vt 0.354076 0.881432
vt 0.109883 0.902542
vt 0.107487 0.902540
vt 0.107487 0.897660
vt 0.109883 0.897662
vt 0.988206 0.231891
vt 0.988206 0.227011
vt 0.989941 0.226126
vt 0.989941 0.232777
vt 0.108148 0.891792
vt 0.108148 0.896774
vt 0.106413 0.897660
vt 0.106413 0.890906
vt 0.990035 0.637492
vt 0.990035 0.632613
vt 0.991385 0.631745
vt 0.991385 0.638395
vt 0.749298 0.901753
vt 0.749298 0.896771
vt 0.751033 0.895885
vt 0.751033 0.902639
vt 0.159619 0.877400
vt 0.152968 0.877400
vt 0.152968 0.870647
vt 0.159619 0.870647
vt 0.865238 0.905161
vt 0.862842 0.905159
vt 0.862842 0.900279
vt 0.865238 0.900281
vt 0.988206 0.524525
vt 0.988206 0.519645
vt 0.989941 0.525410
vt 0.377486 0.891798
vt 0.377486 0.896780
vt 0.375750 0.897666
vt 0.375750 0.890912
vt 0.990035 0.790441
vt 0.990035 0.785562
vt 0.991385 0.784694
vt 0.991385 0.791344
vt 0.684793 0.902265
vt 0.684793 0.897283
vt 0.686528 0.896397
vt 0.686528 0.903151
vt 0.290981 0.894373
vt 0.284330 0.894373
vt 0.284330 0.887620
vt 0.290981 0.887620
vt 0.205391 0.902542
vt 0.202994 0.902540
vt 0.202994 0.897660
vt 0.205391 0.897662
vt 0.086338 0.903425
vt 0.086338 0.898545
vt 0.088074 0.897660
vt 0.088074 0.904311
vt 0.039905 0.891792
vt 0.039905 0.896774
vt 0.038169 0.897660
vt 0.038169 0.890906
vt 0.990035 0.930089
vt 0.990035 0.925210
vt 0.991385 0.924342
vt 0.991385 0.930992
vt 0.287512 0.900241
vt 0.287512 0.895258
vt 0.289246 0.894373
vt 0.289246 0.901126
vt 0.609285 0.875531
vt 0.609285 0.868778
vt 0.181968 0.902542
vt 0.179571 0.902540
vt 0.179571 0.897660
vt 0.181968 0.897662
vt 0.988206 0.458017
vt 0.988206 0.453137
vt 0.989941 0.452252
vt 0.989941 0.458903
vt 0.071423 0.891792
vt 0.071423 0.896774
vt 0.069688 0.897660
vt 0.069688 0.890906
vt 0.990035 0.863590
vt 0.990035 0.858711
vt 0.991385 0.857843
vt 0.991385 0.864492
vt 0.234317 0.901487
vt 0.234317 0.896505
vt 0.236051 0.895619
vt 0.236051 0.902373
vt 0.019952 0.877400
vt 0.013302 0.877400
vt 0.013302 0.870647
vt 0.019952 0.870648
vt 0.437594 0.905370
vt 0.435197 0.905367
vt 0.435197 0.900488
vt 0.437594 0.900490
vt 0.988206 0.072273
vt 0.988206 0.067393
vt 0.989941 0.066508
vt 0.989941 0.073158
vt 0.471779 0.891925
vt 0.471779 0.896907
vt 0.470044 0.897793
vt 0.990035 0.564343
vt 0.990035 0.559464
vt 0.991385 0.558596
vt 0.991385 0.565246
vt 0.277680 0.900241
vt 0.277680 0.895258
vt 0.279414 0.894373
vt 0.279414 0.901126
vt 0.504092 0.883498
vt 0.497441 0.883498
vt 0.497441 0.876745
vt 0.504092 0.876745
vt 0.899835 0.710982
vt 0.897438 0.710980
vt 0.897438 0.706100
vt 0.899835 0.706102
vt 0.525323 0.907082
vt 0.525323 0.902202
vt 0.527058 0.901316
vt 0.527058 0.907967
vt 0.197788 0.891792
vt 0.197788 0.896774
vt 0.196053 0.897660
vt 0.196053 0.890906
vt 0.990035 0.723942
vt 0.990035 0.719062
vt 0.991385 0.718194
vt 0.991385 0.724844
vt 0.881945 0.900299
vt 0.881945 0.895316
vt 0.883679 0.894431
vt 0.883679 0.901184
vt 0.126365 0.877400
vt 0.119714 0.877400
vt 0.119714 0.870647
vt 0.719488 0.901279
vt 0.717091 0.901277
vt 0.717091 0.896397
vt 0.719488 0.896400
vt 0.988206 0.278446
vt 0.988206 0.273567
vt 0.989941 0.279332
vt 0.013302 0.891792
vt 0.013302 0.896774
vt 0.011566 0.897660
vt 0.011566 0.890906
vt 0.988206 0.974735
vt 0.988206 0.969855
vt 0.989556 0.968987
vt 0.989556 0.975637
vt 0.279414 0.900241
vt 0.279414 0.895258
vt 0.281149 0.894373
vt 0.281149 0.901126
vt 0.562729 0.882284
vt 0.556079 0.875531
vt 0.562729 0.875531
vt 0.378147 0.902548
vt 0.375750 0.902546
vt 0.378147 0.897668
vt 0.582682 0.907825
vt 0.582682 0.902946
vt 0.584417 0.902060
vt 0.584417 0.908711
vt 0.045111 0.891792
vt 0.045111 0.896774
vt 0.043375 0.897660
vt 0.043375 0.890906
vt 0.990035 0.191946
vt 0.990035 0.187067
vt 0.991385 0.186199
vt 0.991385 0.192848
vt 0.300813 0.900241
vt 0.300813 0.895258
vt 0.302548 0.894372
vt 0.302548 0.901126
vt 0.039905 0.890906
vt 0.033254 0.890906
vt 0.033254 0.884153
vt 0.039905 0.884153
vt 0.225052 0.902542
vt 0.222656 0.902540
vt 0.222656 0.897660
vt 0.225052 0.897662
vt 0.988206 0.444716
vt 0.988206 0.439836
vt 0.989941 0.438950
vt 0.989941 0.445601
vt 0.161645 0.891792
vt 0.161645 0.896774
vt 0.159910 0.897660
vt 0.159910 0.890906
vt 0.990035 0.850290
vt 0.990035 0.845411
vt 0.991385 0.844543
vt 0.991385 0.851193
vt 0.587541 0.901658
vt 0.587541 0.896676
vt 0.589276 0.895790
vt 0.589276 0.902544
vt 0.166270 0.877400
vt 0.172920 0.877400
vt 0.283546 0.906008
vt 0.281149 0.906006
vt 0.281149 0.901126
vt 0.283546 0.901128
vt 0.329380 0.907457
vt 0.329380 0.902578
vt 0.331115 0.901692
vt 0.331115 0.908343
vt 0.201259 0.891792
vt 0.201259 0.896774
vt 0.199524 0.897660
vt 0.199524 0.890906
vt 0.990035 0.883540
vt 0.990035 0.878660
vt 0.991385 0.877792
vt 0.991385 0.884442
vt 0.589332 0.900334
vt 0.589332 0.895352
vt 0.591067 0.894466
vt 0.591067 0.901220
vt 0.113063 0.884153
vt 0.106413 0.884153
vt 0.106413 0.877400
vt 0.113063 0.877400
vt 0.290319 0.906008
vt 0.287922 0.906006
vt 0.287922 0.901126
vt 0.290319 0.901129
vt 0.988206 0.384859
vt 0.988206 0.379979
vt 0.989941 0.379093
vt 0.989941 0.385744
vt 0.056968 0.891792
vt 0.056968 0.896774
vt 0.055233 0.897660
vt 0.055233 0.890906
vt 0.988206 0.914885
vt 0.988206 0.910005
vt 0.989556 0.909137
vt 0.989556 0.915787
vt 0.335093 0.900323
vt 0.335093 0.895340
vt 0.336828 0.894455
vt 0.336828 0.901208
vt 0.099762 0.877400
vt 0.093111 0.877400
vt 0.093111 0.870647
vt 0.099762 0.870647
vt 0.904628 0.710982
vt 0.902232 0.710980
vt 0.902231 0.706100
vt 0.904628 0.706102
vt 0.067169 0.903425
vt 0.067169 0.898545
vt 0.068905 0.897660
vt 0.068905 0.904311
vt 0.050026 0.891792
vt 0.050026 0.896774
vt 0.048291 0.897660
vt 0.048291 0.890906
vt 0.990035 0.524443
vt 0.990035 0.519564
vt 0.991385 0.525346
vt 0.438667 0.899602
vt 0.438667 0.894619
vt 0.440401 0.893734
vt 0.440401 0.900487
vt 0.549428 0.875531
vt 0.542777 0.875531
vt 0.549428 0.868778
vt 0.035158 0.902542
vt 0.032762 0.902540
vt 0.032762 0.897660
vt 0.035158 0.897662
vt 0.589332 0.906985
vt 0.589332 0.902105
vt 0.591068 0.901220
vt 0.591068 0.907871
vt 0.096582 0.891792
vt 0.096582 0.896774
vt 0.094846 0.897660
vt 0.094846 0.890906
vt 0.990035 0.770491
vt 0.990035 0.765612
vt 0.991385 0.764744
vt 0.991385 0.771394
vt 0.556825 0.901658
vt 0.556825 0.896676
vt 0.558559 0.895790
vt 0.558559 0.902544
vt 0.556079 0.875531
vt 0.549428 0.868778
vt 0.556079 0.868778
vt 0.894754 0.906067
vt 0.892357 0.906064
vt 0.892357 0.901184
vt 0.894754 0.901187
vt 0.345916 0.906974
vt 0.345916 0.902094
vt 0.347651 0.901209
vt 0.347651 0.907859
vt 0.384427 0.891798
vt 0.384427 0.896780
vt 0.382692 0.897666
vt 0.382692 0.890912
vt 0.990035 0.670742
vt 0.990035 0.665863
vt 0.991385 0.664995
vt 0.991385 0.671645
vt 0.883680 0.900299
vt 0.883680 0.895316
vt 0.885415 0.894431
vt 0.885415 0.901184
vt 0.006651 0.877400
vt 0.000000 0.877400
vt 0.000000 0.870647
vt 0.006651 0.870647
vt 0.446960 0.905412
vt 0.444563 0.905409
vt 0.444563 0.900530
vt 0.446960 0.900532
vt 0.988206 0.258494
vt 0.988206 0.253614
vt 0.989941 0.252729
vt 0.989941 0.259380
vt 0.379221 0.891798
vt 0.379221 0.896780
vt 0.377486 0.897666
vt 0.377486 0.890912
vt 0.990035 0.969988
vt 0.990035 0.965109
vt 0.991385 0.964241
vt 0.991385 0.970891
vt 0.584635 0.901555
vt 0.584635 0.896573
vt 0.586370 0.895687
vt 0.586370 0.902441
vt 0.146317 0.884153
vt 0.139667 0.884153
vt 0.139667 0.877400
vt 0.146317 0.877400
vt 0.292716 0.906008
vt 0.290319 0.906006
vt 0.290319 0.901126
vt 0.292716 0.901129
vt 0.988206 0.245193
vt 0.988206 0.240313
vt 0.989941 0.239427
vt 0.989941 0.246078
vt 0.865238 0.894411
vt 0.865238 0.899394
vt 0.863503 0.900279
vt 0.863503 0.893525
vt 0.990035 0.471243
vt 0.990035 0.466364
vt 0.991385 0.465496
vt 0.991385 0.472146
vt 0.342799 0.900323
vt 0.342799 0.895340
vt 0.344533 0.894455
vt 0.344533 0.901208
vt 0.470044 0.891039
vt 0.463393 0.891039
vt 0.470044 0.884286
vt 0.899187 0.808906
vt 0.896791 0.808904
vt 0.896791 0.804024
vt 0.899187 0.804026
vt 0.906883 0.787303
vt 0.906883 0.782423
vt 0.908618 0.781538
vt 0.908618 0.788189
vt 0.101497 0.891792
vt 0.101497 0.896774
vt 0.099762 0.897660
vt 0.099762 0.890906
vt 0.990035 0.205246
vt 0.990035 0.200367
vt 0.991385 0.199498
vt 0.991385 0.206148
vt 0.239521 0.901487
vt 0.239521 0.896505
vt 0.241256 0.895619
vt 0.241256 0.902373
vt 0.133016 0.884153
vt 0.126365 0.884153
vt 0.126365 0.877400
vt 0.133016 0.877400
vt 0.457798 0.910062
vt 0.455402 0.910060
vt 0.455402 0.868778
vt 0.457798 0.868780
vt 0.385158 0.874741
vt 0.385158 0.833459
vt 0.386893 0.832216
vt 0.331287 0.889071
vt 0.331287 0.894053
vt 0.329380 0.894939
vt 0.329380 0.888185
vt 0.496090 0.911280
vt 0.496090 0.870003
vt 0.497441 0.868778
vt 0.497441 0.912540
vt 0.331287 0.894053
vt 0.331287 0.889070
vt 0.333190 0.888185
vt 0.333190 0.894939
vt 0.410249 0.912546
vt 0.410249 0.868778
vt 0.417002 0.868778
vt 0.417002 0.912546
vt 0.210185 0.902542
vt 0.207788 0.902540
vt 0.207788 0.897660
vt 0.210185 0.897662
vt 0.988206 0.431414
vt 0.988206 0.426534
vt 0.989941 0.425649
vt 0.989941 0.432300
vt 0.480165 0.893719
vt 0.480165 0.898702
vt 0.478430 0.899588
vt 0.478430 0.892834
vt 0.990035 0.085547
vt 0.990035 0.080668
vt 0.991385 0.079799
vt 0.991385 0.086449
vt 0.857387 0.899393
vt 0.857387 0.894411
vt 0.859122 0.893525
vt 0.859121 0.900279
vt 0.139666 0.884153
vt 0.133016 0.884153
vt 0.525323 0.901316
vt 0.522926 0.901314
vt 0.522926 0.896434
vt 0.525323 0.896436
vt 0.988206 0.318351
vt 0.988206 0.313471
vt 0.989941 0.312586
vt 0.989941 0.319237
vt 0.019952 0.891792
vt 0.019952 0.896774
vt 0.018217 0.897660
vt 0.018217 0.890906
vt 0.990035 0.318295
vt 0.990035 0.313416
vt 0.991385 0.312547
vt 0.991385 0.319197
vt 0.281149 0.900241
vt 0.281149 0.895258
vt 0.282884 0.894373
vt 0.282884 0.901126
vt 0.046555 0.890906
vt 0.039905 0.890906
vt 0.039905 0.884153
vt 0.046555 0.884153
vt 0.517374 0.901471
vt 0.514977 0.901469
vt 0.514977 0.896589
vt 0.517374 0.896592
vt 0.988206 0.078924
vt 0.988206 0.074044
vt 0.989941 0.073158
vt 0.989941 0.079809
vt 0.166851 0.891792
vt 0.166851 0.896774
vt 0.165116 0.897660
vt 0.165116 0.890906
vt 0.990035 0.211896
vt 0.990035 0.207017
vt 0.991385 0.206148
vt 0.991385 0.212798
vt 0.284042 0.900241
vt 0.284042 0.895258
vt 0.285777 0.894373
vt 0.285777 0.901126
vt 0.510845 0.883083
vt 0.510845 0.876330
vt 0.517495 0.876330
vt 0.112280 0.902542
vt 0.109883 0.902540
vt 0.109883 0.897660
vt 0.112280 0.897662
vt 0.504194 0.907237
vt 0.504194 0.902357
vt 0.505929 0.901471
vt 0.505929 0.908122
vt 0.892357 0.888563
vt 0.892357 0.893545
vt 0.890622 0.894431
vt 0.890622 0.887677
vt 0.988206 0.874985
vt 0.988206 0.870106
vt 0.989556 0.869237
vt 0.989556 0.875887
vt 0.493004 0.899759
vt 0.493004 0.894776
vt 0.494739 0.893891
vt 0.494739 0.900644
vt 0.166270 0.877400
vt 0.159619 0.877400
vt 0.159619 0.870647
vt 0.166270 0.870647
vt 0.736265 0.901279
vt 0.733869 0.901277
vt 0.733869 0.896397
vt 0.736265 0.896400
vt 0.988206 0.398160
vt 0.988206 0.393280
vt 0.989941 0.392395
vt 0.989941 0.399046
vt 0.502647 0.891137
vt 0.502647 0.896119
vt 0.500912 0.897005
vt 0.500912 0.890251
vt 0.988206 0.941485
vt 0.988206 0.936606
vt 0.989556 0.935737
vt 0.989556 0.942387
vt 0.244725 0.901487
vt 0.244725 0.896505
vt 0.246460 0.895619
vt 0.246460 0.902373
vt 0.053206 0.890906
vt 0.046555 0.890906
vt 0.046555 0.884153
vt 0.053206 0.884153
vt 0.709901 0.901279
vt 0.707505 0.901277
vt 0.707505 0.896397
vt 0.709901 0.896399
vt 0.904396 0.587788
vt 0.904396 0.582908
vt 0.906132 0.582022
vt 0.906132 0.588673
vt 0.028629 0.891792
vt 0.028629 0.896774
vt 0.026894 0.897660
vt 0.026894 0.890906
vt 0.990035 0.923439
vt 0.990035 0.918560
vt 0.991385 0.917692
vt 0.991385 0.924342
vt 0.677854 0.902265
vt 0.677854 0.897283
vt 0.679589 0.896397
vt 0.679589 0.903151
vt 0.199524 0.884153
vt 0.192873 0.884153
vt 0.192873 0.877400
vt 0.199524 0.877400
vt 0.128762 0.902542
vt 0.126365 0.902540
vt 0.126365 0.897660
vt 0.128762 0.897662
vt 0.731472 0.907045
vt 0.731472 0.902165
vt 0.733207 0.901279
vt 0.733207 0.907930
vt 0.226127 0.891792
vt 0.226127 0.896774
vt 0.224391 0.897660
vt 0.224391 0.890906
vt 0.990035 0.584293
vt 0.990035 0.579414
vt 0.991385 0.578545
vt 0.991385 0.585195
vt 0.482201 0.899799
vt 0.482201 0.894816
vt 0.483936 0.893931
vt 0.483936 0.900684
vt 0.079809 0.877400
vt 0.073159 0.877400
vt 0.073159 0.870648
vt 0.079809 0.870648
vt 0.323219 0.905364
vt 0.320822 0.905362
vt 0.320822 0.900482
vt 0.323219 0.900484
vt 0.389093 0.907880
vt 0.389093 0.903000
vt 0.390829 0.902115
vt 0.390829 0.908766
vt 0.136487 0.891792
vt 0.136487 0.896774
vt 0.134751 0.897660
vt 0.134751 0.890906
vt 0.990035 0.238496
vt 0.990035 0.233616
vt 0.991385 0.232748
vt 0.991385 0.239398
vt 0.887152 0.900299
vt 0.887152 0.895316
vt 0.888886 0.894431
vt 0.888887 0.901184
vt 0.006651 0.884153
vt 0.000000 0.884153
vt 0.000000 0.877400
vt 0.006651 0.877400
vt 0.013963 0.902542
vt 0.011566 0.902540
vt 0.011566 0.897660
vt 0.013963 0.897662
vt 0.508448 0.902354
vt 0.508448 0.897475
vt 0.510183 0.896589
vt 0.510183 0.903240
vt 0.514315 0.890721
vt 0.514316 0.895703
vt 0.512580 0.896589
vt 0.512580 0.889835
vt 0.990035 0.657442
vt 0.990035 0.652563
vt 0.991385 0.651695
vt 0.991385 0.658345
vt 0.249929 0.901487
vt 0.249929 0.896505
vt 0.251664 0.895619
vt 0.251664 0.902373
vt 0.086460 0.877400
vt 0.079809 0.877400
vt 0.079809 0.870648
vt 0.086460 0.870648
vt 0.050688 0.902542
vt 0.048291 0.902540
vt 0.048291 0.897660
vt 0.050688 0.897662
vt 0.390829 0.907880
vt 0.390829 0.903000
vt 0.392564 0.902115
vt 0.392564 0.908766
vt 0.051762 0.891792
vt 0.051762 0.896774
vt 0.050026 0.897660
vt 0.050026 0.890906
vt 0.990035 0.025697
vt 0.990035 0.020818
vt 0.991385 0.019950
vt 0.991385 0.026600
vt 0.872180 0.901513
vt 0.872180 0.896530
vt 0.873915 0.895644
vt 0.873915 0.902398
vt 0.615936 0.875531
vt 0.609285 0.875531
vt 0.609285 0.868778
vt 0.897438 0.710982
vt 0.895041 0.710980
vt 0.895041 0.706100
vt 0.897438 0.706102
vt 0.339040 0.906974
vt 0.339039 0.902094
vt 0.340775 0.901208
vt 0.340775 0.907859
vt 0.106413 0.891792
vt 0.106413 0.896774
vt 0.104677 0.897660
vt 0.104677 0.890906
vt 0.990035 0.531093
vt 0.990035 0.526214
vt 0.991385 0.525346
vt 0.991385 0.531996
vt 0.485382 0.899799
vt 0.485382 0.894816
vt 0.487117 0.893930
vt 0.487117 0.900684
vt 0.066508 0.877400
vt 0.059857 0.877400
vt 0.059857 0.870647
vt 0.066508 0.870647
vt 0.387223 0.902506
vt 0.384826 0.902504
vt 0.384826 0.897624
vt 0.387223 0.897626
vt 0.988206 0.471319
vt 0.988206 0.466439
vt 0.989941 0.465553
vt 0.989941 0.472204
vt 0.375750 0.891798
vt 0.375750 0.896780
vt 0.374015 0.897666
vt 0.374015 0.890912
vt 0.990035 0.291695
vt 0.990035 0.286816
vt 0.991385 0.285948
vt 0.991385 0.292598
vt 0.436932 0.899602
vt 0.436932 0.894619
vt 0.438667 0.893734
vt 0.438667 0.900487
vt 0.889600 0.700480
vt 0.882949 0.700480
vt 0.882949 0.693727
vt 0.889600 0.693727
vt 0.032762 0.902542
vt 0.030365 0.902540
vt 0.030365 0.897660
vt 0.032762 0.897662
vt 0.988206 0.238542
vt 0.988206 0.233662
vt 0.989941 0.232777
vt 0.989941 0.239427
vt 0.370835 0.891798
vt 0.370835 0.896780
vt 0.369100 0.897666
vt 0.369100 0.890912
vt 0.990035 0.896839
vt 0.990035 0.891960
vt 0.991385 0.891092
vt 0.991385 0.897742
vt 0.611510 0.901658
vt 0.611510 0.896676
vt 0.613245 0.895790
vt 0.613245 0.902544
vt 0.146317 0.877400
vt 0.139666 0.877400
vt 0.139667 0.870647
vt 0.146317 0.870647
vt 0.299740 0.906008
vt 0.297344 0.906006
vt 0.297344 0.901126
vt 0.299740 0.901128
vt 0.598592 0.906985
vt 0.598592 0.902105
vt 0.600327 0.901220
vt 0.600327 0.907870
vt 0.517786 0.890721
vt 0.517786 0.895704
vt 0.516051 0.896589
vt 0.516051 0.889836
vt 0.988206 0.855035
vt 0.988206 0.850156
vt 0.989556 0.849288
vt 0.989556 0.855938
vt 0.319087 0.899596
vt 0.319087 0.894614
vt 0.320822 0.900482
vt 0.073159 0.877400
vt 0.066508 0.877400
vt 0.066508 0.870647
vt 0.073159 0.870647
vt 0.320822 0.905364
vt 0.318425 0.905362
vt 0.318425 0.900482
vt 0.320822 0.900484
vt 0.535815 0.907082
vt 0.535815 0.902202
vt 0.537550 0.901316
vt 0.537550 0.907967
vt 0.114799 0.891792
vt 0.114799 0.896774
vt 0.113063 0.897660
vt 0.113063 0.890906
vt 0.988206 0.921535
vt 0.988206 0.916655
vt 0.989556 0.915787
vt 0.989556 0.922437
vt 0.333358 0.900807
vt 0.333358 0.895824
vt 0.335093 0.894939
vt 0.335093 0.901692
vt 0.212825 0.877400
vt 0.206174 0.877400
vt 0.206174 0.870647
vt 0.212825 0.870647
vt 0.493004 0.905527
vt 0.490607 0.905524
vt 0.490607 0.900644
vt 0.493004 0.900647
vt 0.566984 0.907826
vt 0.566984 0.902946
vt 0.568720 0.902060
vt 0.568720 0.908711
vt 0.204730 0.891792
vt 0.204730 0.896774
vt 0.202994 0.897660
vt 0.202994 0.890906
vt 0.990035 0.477893
vt 0.990035 0.473014
vt 0.991385 0.472146
vt 0.991385 0.478796
vt 0.880209 0.900299
vt 0.880209 0.895316
vt 0.881944 0.894431
vt 0.881944 0.901184
vt 0.152968 0.884153
vt 0.146317 0.884153
vt 0.146317 0.877400
vt 0.152968 0.877400
vt 0.889548 0.906067
vt 0.887152 0.906064
vt 0.887152 0.901184
vt 0.889548 0.901187
vt 0.513654 0.907237
vt 0.513654 0.902357
vt 0.515390 0.901471
vt 0.515390 0.908122
vt 0.206465 0.891792
vt 0.206465 0.896774
vt 0.204730 0.897660
vt 0.204730 0.890906
vt 0.990035 0.590943
vt 0.990035 0.586063
vt 0.991385 0.585195
vt 0.991385 0.591845
vt 0.548151 0.901658
vt 0.548151 0.896676
vt 0.549886 0.895790
vt 0.549886 0.902544
vt 0.133016 0.890906
vt 0.126365 0.890906
vt 0.126365 0.884153
vt 0.133016 0.884153
vt 0.880209 0.906067
vt 0.877812 0.906064
vt 0.877812 0.901184
vt 0.880209 0.901187
vt 0.725356 0.907045
vt 0.725356 0.902165
vt 0.727091 0.901279
vt 0.727091 0.907930
vt 0.098317 0.891792
vt 0.098317 0.896774
vt 0.096582 0.897660
vt 0.096582 0.890906
vt 0.990035 0.797091
vt 0.990035 0.792212
vt 0.991385 0.791344
vt 0.991385 0.797993
vt 0.241256 0.901487
vt 0.241256 0.896505
vt 0.242990 0.895619
vt 0.242990 0.902373
vt 0.106413 0.890906
vt 0.099762 0.890906
vt 0.099762 0.884153
vt 0.106412 0.884153
vt 0.522812 0.905952
vt 0.520415 0.905950
vt 0.520415 0.901070
vt 0.522812 0.901072
vt 0.741720 0.907045
vt 0.741720 0.902165
vt 0.743456 0.901279
vt 0.743456 0.907930
vt 0.482201 0.893719
vt 0.482201 0.898702
vt 0.480465 0.899587
vt 0.480465 0.892834
vt 0.990035 0.777141
vt 0.990035 0.772262
vt 0.991385 0.771394
vt 0.991385 0.778044
vt 0.520415 0.900184
vt 0.520415 0.895202
vt 0.522150 0.894316
vt 0.522150 0.901070
vt 0.206174 0.884153
vt 0.199524 0.884153
vt 0.199524 0.877400
vt 0.206174 0.877400
vt 0.905014 0.567336
vt 0.902617 0.567333
vt 0.902617 0.562453
vt 0.905014 0.562456
vt 0.906883 0.793954
vt 0.906883 0.789074
vt 0.908618 0.788189
vt 0.908618 0.794839
vt 0.208201 0.891792
vt 0.208201 0.896774
vt 0.206465 0.897660
vt 0.206465 0.890906
vt 0.990035 0.743892
vt 0.990035 0.739012
vt 0.991385 0.738144
vt 0.991385 0.744794
vt 0.598592 0.900334
vt 0.598592 0.895352
vt 0.600326 0.894466
vt 0.600326 0.901220
vt 0.093111 0.890906
vt 0.086460 0.890906
vt 0.086460 0.884153
vt 0.892357 0.906067
vt 0.889961 0.906064
vt 0.889961 0.901184
vt 0.892357 0.901187
vt 0.515638 0.907237
vt 0.515638 0.902357
vt 0.517374 0.901471
vt 0.517374 0.908122
vt 0.857387 0.894411
vt 0.857387 0.899393
vt 0.855651 0.900279
vt 0.855651 0.893525
vt 0.990035 0.936739
vt 0.990035 0.931860
vt 0.991385 0.937641
vt 0.876739 0.900299
vt 0.876739 0.895316
vt 0.878473 0.894431
vt 0.878473 0.901184
vt 0.152968 0.877400
vt 0.146317 0.877400
vt 0.146317 0.870647
vt 0.152968 0.870647
vt 0.197957 0.902542
vt 0.195560 0.902540
vt 0.195560 0.897660
vt 0.197957 0.897662
vt 0.988206 0.477969
vt 0.988206 0.473089
vt 0.989941 0.472204
vt 0.989941 0.478855
vt 0.172058 0.891792
vt 0.172058 0.896774
vt 0.170322 0.890906
vt 0.990035 0.437994
vt 0.990035 0.433114
vt 0.991385 0.432246
vt 0.991385 0.438896
vt 0.670915 0.902265
vt 0.670915 0.897283
vt 0.672650 0.896397
vt 0.672650 0.903151
vt 0.327473 0.888185
vt 0.320822 0.888185
vt 0.320822 0.881432
vt 0.327473 0.881432
vt 0.307333 0.901757
vt 0.307333 0.896877
vt 0.309730 0.896880
vt 0.988206 0.118828
vt 0.988206 0.113948
vt 0.989941 0.113063
vt 0.989941 0.119714
vt 0.179571 0.891792
vt 0.179571 0.896774
vt 0.177836 0.897660
vt 0.177836 0.890906
vt 0.990035 0.557693
vt 0.990035 0.552814
vt 0.991385 0.551946
vt 0.991385 0.558595
vt 0.751033 0.901753
vt 0.751033 0.896771
vt 0.752767 0.895885
vt 0.752767 0.902639
vt 0.226127 0.890906
vt 0.219476 0.890906
vt 0.219476 0.884153
vt 0.226127 0.884153
vt 0.216296 0.902542
vt 0.213899 0.902540
vt 0.213899 0.897660
vt 0.216296 0.897662
vt 0.157100 0.903425
vt 0.157100 0.898545
vt 0.158836 0.897660
vt 0.158836 0.904311
vt 0.510845 0.890721
vt 0.510845 0.895704
vt 0.509109 0.896589
vt 0.509109 0.889835
vt 0.990035 0.537743
vt 0.990035 0.532864
vt 0.991385 0.538646
vt 0.558559 0.901658
vt 0.558559 0.896676
vt 0.560294 0.895790
vt 0.560294 0.902544
vt 0.334123 0.888185
vt 0.327473 0.888185
vt 0.327473 0.881432
vt 0.334123 0.881432
vt 0.106413 0.902542
vt 0.104016 0.902540
vt 0.104016 0.897660
vt 0.106413 0.897662
vt 0.733207 0.907045
vt 0.733207 0.902165
vt 0.734943 0.901279
vt 0.734943 0.907930
vt 0.058703 0.891792
vt 0.058703 0.896774
vt 0.056968 0.897660
vt 0.056968 0.890906
vt 0.990035 0.624192
vt 0.990035 0.619313
vt 0.991385 0.618445
vt 0.991385 0.625095
vt 0.900883 0.568321
vt 0.900883 0.563339
vt 0.902617 0.562453
vt 0.902617 0.569207
vt 0.192873 0.877400
vt 0.186222 0.877400
vt 0.186222 0.870647
vt 0.192873 0.870647
vt 0.717092 0.901279
vt 0.714695 0.901277
vt 0.714695 0.896397
vt 0.717092 0.896400
vt 0.499176 0.907652
vt 0.499176 0.902772
vt 0.500912 0.901887
vt 0.500912 0.908538
vt 0.121450 0.891792
vt 0.121450 0.896774
vt 0.119714 0.897660
vt 0.119714 0.890906
vt 0.990035 0.171996
vt 0.990035 0.167117
vt 0.991385 0.166249
vt 0.991385 0.172899
vt 0.553355 0.901658
vt 0.553355 0.896676
vt 0.555090 0.895790
vt 0.555090 0.902544
vt 0.569380 0.882284
vt 0.562729 0.875531
vt 0.569380 0.875531
vt 0.016360 0.902542
vt 0.013963 0.902540
vt 0.013963 0.897660
vt 0.016360 0.897662
vt 0.988206 0.391509
vt 0.988206 0.386630
vt 0.989941 0.385744
vt 0.989941 0.392395
vt 0.491199 0.892657
vt 0.491199 0.897640
vt 0.489464 0.898525
vt 0.489464 0.891772
vt 0.990035 0.810391
vt 0.990035 0.805511
vt 0.991385 0.804643
vt 0.991385 0.811293
vt 0.555090 0.901658
vt 0.555090 0.896676
vt 0.556825 0.895790
vt 0.556825 0.902544
vt 0.365920 0.890912
vt 0.359269 0.890912
vt 0.359269 0.884159
vt 0.365920 0.884159
vt 0.200354 0.902542
vt 0.197957 0.902540
vt 0.197957 0.897660
vt 0.200354 0.897662
vt 0.349386 0.907457
vt 0.349386 0.902578
vt 0.351121 0.901692
vt 0.351121 0.908343
vt 0.053497 0.891792
vt 0.053497 0.896774
vt 0.051762 0.897660
vt 0.051762 0.890906
vt 0.990035 0.038997
vt 0.990035 0.034118
vt 0.991385 0.033250
vt 0.991385 0.039900
vt 0.899148 0.568321
vt 0.899148 0.563339
vt 0.900883 0.562453
vt 0.900883 0.569207
vt 0.615936 0.882284
vt 0.609285 0.882284
vt 0.609285 0.875531
vt 0.615936 0.875531
vt 0.701067 0.901279
vt 0.698671 0.901277
vt 0.698671 0.896397
vt 0.701067 0.896400
vt 0.714695 0.907045
vt 0.714695 0.902165
vt 0.716430 0.901279
vt 0.716430 0.907930
vt 0.038169 0.891792
vt 0.038169 0.896774
vt 0.036434 0.897660
vt 0.036434 0.890906
vt 0.990035 0.045647
vt 0.990035 0.040768
vt 0.991385 0.039900
vt 0.991385 0.046550
vt 0.591558 0.900334
vt 0.591558 0.895351
vt 0.593292 0.894466
vt 0.593292 0.901220
vt 0.113063 0.877400
vt 0.113063 0.870647
vt 0.119714 0.870647
vt 0.901545 0.574089
vt 0.899148 0.574087
vt 0.899148 0.569207
vt 0.901545 0.569209
vt 0.988206 0.531175
vt 0.988206 0.526295
vt 0.989941 0.525410
vt 0.989941 0.532061
vt 0.863503 0.894411
vt 0.863503 0.899394
vt 0.861768 0.900279
vt 0.861768 0.893525
vt 0.990035 0.610893
vt 0.990035 0.606013
vt 0.991385 0.605145
vt 0.768380 0.901753
vt 0.768380 0.896771
vt 0.770115 0.895885
vt 0.770115 0.902639
vt 0.126365 0.890906
vt 0.119714 0.890906
vt 0.119714 0.884153
vt 0.877400 0.906067
vt 0.875003 0.906064
vt 0.875003 0.901184
vt 0.877400 0.901187
vt 0.988206 0.105527
vt 0.988206 0.100647
vt 0.989941 0.106412
vt 0.154703 0.891792
vt 0.154703 0.896774
vt 0.152968 0.897660
vt 0.990035 0.684042
vt 0.990035 0.679163
vt 0.991385 0.678295
vt 0.991385 0.684944
vt 0.560294 0.901658
vt 0.560294 0.896676
vt 0.562029 0.895790
vt 0.562029 0.902544
vt 0.086460 0.890906
vt 0.079809 0.890906
vt 0.079809 0.884153
vt 0.086460 0.884153
vt 0.024084 0.902542
vt 0.021688 0.902540
vt 0.021688 0.897660
vt 0.024084 0.897662
vt 0.988206 0.005765
vt 0.988206 0.000885
vt 0.989941 0.000000
vt 0.989941 0.006651
vt 0.088196 0.891792
vt 0.088196 0.896774
vt 0.086460 0.897660
vt 0.086460 0.890906
vt 0.990035 0.324945
vt 0.990035 0.320065
vt 0.991385 0.319197
vt 0.991385 0.325847
vt 0.487117 0.899799
vt 0.487117 0.894816
vt 0.488852 0.893930
vt 0.488852 0.900684
vt 0.595983 0.882284
vt 0.589332 0.882284
vt 0.595983 0.875531
vt 0.195560 0.902542
vt 0.193164 0.902540
vt 0.193164 0.897660
vt 0.195560 0.897662
vt 0.988206 0.145431
vt 0.988206 0.140551
vt 0.989941 0.139666
vt 0.989941 0.146317
vt 0.372570 0.891798
vt 0.372570 0.896780
vt 0.370835 0.897666
vt 0.370835 0.890912
vt 0.990035 0.338245
vt 0.990035 0.333365
vt 0.991385 0.339147
vt 0.888886 0.900299
vt 0.888886 0.895316
vt 0.890621 0.894431
vt 0.890621 0.901184
vt 0.119714 0.890906
vt 0.113063 0.890906
vt 0.113063 0.884153
vt 0.119714 0.884153
vt 0.302548 0.906008
vt 0.300151 0.906006
vt 0.300151 0.901126
vt 0.302548 0.901129
vt 0.905920 0.900480
vt 0.905920 0.895600
vt 0.907656 0.894714
vt 0.907656 0.901365
vt 0.613245 0.889922
vt 0.613245 0.894905
vt 0.611510 0.895790
vt 0.611510 0.889037
vt 0.990035 0.019047
vt 0.990035 0.014168
vt 0.991385 0.013300
vt 0.991385 0.019950
vt 0.354076 0.900766
vt 0.354076 0.895784
vt 0.355811 0.894898
vt 0.355811 0.901652
vt 0.569380 0.875531
vt 0.569380 0.868778
vt 0.281149 0.906008
vt 0.278752 0.906006
vt 0.278752 0.901126
vt 0.281149 0.901128
vt 0.988206 0.544477
vt 0.988206 0.539597
vt 0.989941 0.538712
vt 0.475250 0.891924
vt 0.475250 0.896907
vt 0.473514 0.897792
vt 0.473514 0.891039
vt 0.990035 0.285045
vt 0.990035 0.280166
vt 0.991385 0.285948
vt 0.265542 0.901487
vt 0.265542 0.896505
vt 0.267277 0.895619
vt 0.267277 0.902373
vt 0.488852 0.893930
vt 0.482201 0.893930
vt 0.482201 0.887178
vt 0.488852 0.887178
vt 0.501573 0.901887
vt 0.499176 0.901884
vt 0.499176 0.897005
vt 0.501573 0.897007
vt 0.988206 0.085574
vt 0.988206 0.080695
vt 0.989941 0.079809
vt 0.989941 0.086460
vt 0.083280 0.891792
vt 0.083280 0.896774
vt 0.081545 0.897660
vt 0.081545 0.890906
vt 0.990035 0.424694
vt 0.990035 0.419815
vt 0.991385 0.418946
vt 0.275945 0.901487
vt 0.275945 0.896505
vt 0.277680 0.895619
vt 0.277680 0.902373
vt 0.019952 0.884153
vt 0.013302 0.884153
vt 0.013302 0.877401
vt 0.019952 0.877401
vt 0.011566 0.902542
vt 0.009169 0.902540
vt 0.009169 0.897660
vt 0.011566 0.897662
vt 0.988206 0.464668
vt 0.988206 0.459788
vt 0.989941 0.458903
vt 0.989941 0.465553
vt 0.380957 0.891798
vt 0.380957 0.896780
vt 0.379221 0.897666
vt 0.990035 0.644142
vt 0.990035 0.639263
vt 0.991385 0.638395
vt 0.991385 0.645045
vt 0.900265 0.587890
vt 0.900265 0.582908
vt 0.902000 0.582022
vt 0.902000 0.588776
vt 0.504092 0.890251
vt 0.497441 0.890251
vt 0.497441 0.883498
vt 0.504092 0.883498
vt 0.287512 0.906008
vt 0.285115 0.906006
vt 0.285115 0.901126
vt 0.287512 0.901129
vt 0.716430 0.907045
vt 0.716430 0.902165
vt 0.718166 0.901279
vt 0.718166 0.907930
vt 0.364475 0.891798
vt 0.364475 0.896781
vt 0.362740 0.897666
vt 0.362740 0.890912
vt 0.990035 0.876890
vt 0.990035 0.872010
vt 0.991385 0.871142
vt 0.991385 0.877792
vt 0.339039 0.900323
vt 0.339039 0.895340
vt 0.340774 0.894455
vt 0.340774 0.901208
vt 0.119714 0.884153
vt 0.113063 0.884153
vt 0.113063 0.877400
vt 0.119714 0.877400
vt 0.207788 0.902542
vt 0.205391 0.902540
vt 0.205391 0.897660
vt 0.207788 0.897662
vt 0.988206 0.364906
vt 0.988206 0.360027
vt 0.989941 0.359141
vt 0.989941 0.365792
vt 0.880210 0.888563
vt 0.880210 0.893545
vt 0.878474 0.894431
vt 0.878474 0.887677
vt 0.990035 0.916789
vt 0.990035 0.911910
vt 0.991385 0.911042
vt 0.770114 0.901753
vt 0.770114 0.896771
vt 0.771849 0.895885
vt 0.771849 0.902639
vt 0.079809 0.884153
vt 0.079809 0.877400
vt 0.086460 0.877400
vt 0.227449 0.902542
vt 0.225052 0.902540
vt 0.225052 0.897660
vt 0.227449 0.897662
vt 0.527058 0.907082
vt 0.527058 0.902202
vt 0.528794 0.901316
vt 0.528794 0.907967
vt 0.142846 0.891792
vt 0.142846 0.896774
vt 0.141111 0.897660
vt 0.141111 0.890906
vt 0.990035 0.364844
vt 0.990035 0.359965
vt 0.991385 0.359097
vt 0.991385 0.365747
vt 0.232582 0.901487
vt 0.232582 0.896505
vt 0.234317 0.895619
vt 0.234317 0.902373
vt 0.510845 0.883083
vt 0.504194 0.883083
vt 0.504194 0.876330
vt 0.510845 0.876330
vt 0.038169 0.902542
vt 0.035772 0.902540
vt 0.035772 0.897660
vt 0.038169 0.897662
vt 0.721885 0.907045
vt 0.721885 0.902165
vt 0.723620 0.901279
vt 0.723620 0.907930
vt 0.367655 0.891798
vt 0.367655 0.896780
vt 0.365920 0.897666
vt 0.365920 0.890912
vt 0.990035 0.444644
vt 0.990035 0.439764
vt 0.991385 0.438896
vt 0.549886 0.901658
vt 0.549886 0.896676
vt 0.551620 0.895790
vt 0.551620 0.902544
vt 0.340774 0.888185
vt 0.334123 0.888185
vt 0.334123 0.881432
vt 0.340774 0.881432
vt 0.373232 0.902548
vt 0.370835 0.902546
vt 0.370835 0.897666
vt 0.373232 0.897668
vt 0.988206 0.344954
vt 0.988206 0.340074
vt 0.989941 0.339189
vt 0.989941 0.345840
vt 0.499176 0.891137
vt 0.499176 0.896119
vt 0.497441 0.897005
vt 0.497441 0.890251
vt 0.990035 0.251795
vt 0.990035 0.246916
vt 0.991385 0.246048
vt 0.315907 0.902020
vt 0.315907 0.897038
vt 0.317641 0.896152
vt 0.317641 0.902906
vt 0.059857 0.890906
vt 0.053206 0.890906
vt 0.053206 0.884153
vt 0.059857 0.884153
vt 0.528794 0.901316
vt 0.526397 0.901314
vt 0.526397 0.896434
vt 0.528794 0.896436
vt 0.988206 0.285097
vt 0.988206 0.280217
vt 0.989941 0.279332
vt 0.032100 0.891792
vt 0.032100 0.896774
vt 0.030365 0.897660
vt 0.030365 0.890906
vt 0.990035 0.570993
vt 0.990035 0.566114
vt 0.991385 0.565245
vt 0.991385 0.571895
vt 0.681323 0.902265
vt 0.681323 0.897283
vt 0.683058 0.896397
vt 0.683058 0.903151
vt 0.589332 0.889037
vt 0.582682 0.889037
vt 0.582682 0.882284
vt 0.589332 0.882284
vt 0.483936 0.905566
vt 0.481539 0.905564
vt 0.481539 0.900684
vt 0.483936 0.900686
vt 0.534079 0.907082
vt 0.534079 0.902202
vt 0.535815 0.901316
vt 0.535815 0.907967
vt 0.001735 0.891792
vt 0.001735 0.896774
vt 0.000000 0.897660
vt 0.000000 0.890906
vt 0.990035 0.298345
vt 0.990035 0.293466
vt 0.991385 0.292598
vt 0.991385 0.299248
vt 0.775319 0.901753
vt 0.775319 0.896771
vt 0.777053 0.895885
vt 0.777053 0.902639
vt 0.013302 0.890906
vt 0.006651 0.890906
vt 0.006651 0.884153
vt 0.013302 0.884153
vt 0.862842 0.905161
vt 0.860445 0.905159
vt 0.860445 0.900279
vt 0.862842 0.900281
vt 0.591558 0.906985
vt 0.591558 0.902105
vt 0.593293 0.901220
vt 0.593293 0.907870
vt 0.878474 0.888563
vt 0.878474 0.893545
vt 0.876739 0.894431
vt 0.876739 0.887677
vt 0.990035 0.078897
vt 0.990035 0.074018
vt 0.991385 0.073149
vt 0.991385 0.079799
vt 0.900265 0.581137
vt 0.900265 0.576154
vt 0.902000 0.575269
vt 0.902000 0.582022
vt 0.615936 0.889037
vt 0.609285 0.889037
vt 0.615936 0.882284
vt 0.054158 0.902542
vt 0.051762 0.902540
vt 0.051762 0.897660
vt 0.054158 0.897662
vt 0.988206 0.358256
vt 0.988206 0.353376
vt 0.156439 0.891792
vt 0.156439 0.896774
vt 0.154703 0.890906
vt 0.990035 0.597593
vt 0.990035 0.592713
vt 0.991385 0.591845
vt 0.991385 0.598495
vt 0.679589 0.902265
vt 0.679589 0.897283
vt 0.681323 0.896397
vt 0.681323 0.903151
vt 0.889600 0.707232
vt 0.882949 0.707232
vt 0.882949 0.700480
vt 0.889600 0.700480
vt 0.063037 0.902542
vt 0.060640 0.902540
vt 0.060640 0.897660
vt 0.063037 0.897662
vt 0.988206 0.132130
vt 0.988206 0.127250
vt 0.989941 0.126364
vt 0.989941 0.133015
vt 0.194899 0.891792
vt 0.194899 0.896774
vt 0.193164 0.890906
vt 0.988206 0.994685
vt 0.988206 0.989806
vt 0.989556 0.988937
vt 0.989556 0.995587
vt 0.766645 0.901753
vt 0.766645 0.896771
vt 0.768380 0.895885
vt 0.768380 0.902639
vt 0.304283 0.894373
vt 0.297632 0.894373
vt 0.297632 0.887620
vt 0.304283 0.887620
vt 0.362541 0.665020
vt 0.362541 0.659563
vt 0.367421 0.659558
vt 0.367421 0.665015
vt 0.580862 0.894802
vt 0.580862 0.889922
vt 0.582682 0.895687
vt 0.896283 0.563514
vt 0.896283 0.574859
vt 0.894547 0.575920
vt 0.894547 0.562454
vt 0.991385 0.005745
vt 0.991385 0.000865
vt 0.992711 0.000000
vt 0.992711 0.006650
vt 0.537573 0.895333
vt 0.537573 0.883988
vt 0.539308 0.882927
vt 0.539308 0.896394
vt 0.780299 0.777384
vt 0.773649 0.777384
vt 0.773649 0.763919
vt 0.780299 0.763919
vt 0.372301 0.665020
vt 0.372301 0.659563
vt 0.377181 0.659558
vt 0.377181 0.665015
vt 0.579042 0.894802
vt 0.579042 0.889922
vt 0.580862 0.889037
vt 0.580862 0.895687
vt 0.359269 0.882493
vt 0.359269 0.893837
vt 0.357533 0.894898
vt 0.357533 0.881432
vt 0.991385 0.012395
vt 0.991385 0.007515
vt 0.992711 0.006650
vt 0.992711 0.013300
vt 0.894671 0.592409
vt 0.894671 0.581064
vt 0.896406 0.580003
vt 0.896406 0.593470
vt 0.773649 0.777384
vt 0.766998 0.777384
vt 0.491199 0.880427
vt 0.491199 0.891771
vt 0.488852 0.891769
vt 0.488852 0.880425
vt 0.600817 0.894802
vt 0.600817 0.889922
vt 0.602634 0.895687
vt 0.493004 0.892830
vt 0.493004 0.881486
vt 0.494740 0.880425
vt 0.494740 0.893891
vt 0.579042 0.889922
vt 0.579042 0.894802
vt 0.577222 0.895687
vt 0.577222 0.889037
vt 0.385872 0.896546
vt 0.385872 0.885203
vt 0.387223 0.884159
vt 0.387223 0.897624
vt 0.786950 0.763919
vt 0.793600 0.763919
vt 0.793600 0.777385
vt 0.786950 0.777385
vt 0.777322 0.763919
vt 0.753696 0.597914
vt 0.777322 0.597937
vt 0.753696 0.763895
vt 0.385966 0.500154
vt 0.387355 0.666119
vt 0.385966 0.666115
vt 0.387355 0.500157
vt 0.924664 0.656706
vt 0.925363 0.822669
vt 0.924664 0.822667
vt 0.925363 0.656707
vt 0.922725 0.656706
vt 0.923344 0.822688
vt 0.922725 0.822688
vt 0.923344 0.656706
vt 0.385258 0.667452
vt 0.385882 0.716567
vt 0.385258 0.716568
vt 0.385882 0.667452
vt 0.805516 0.826542
vt 0.805516 0.777426
vt 0.806140 0.777426
vt 0.806140 0.826542
vt 0.313430 0.666136
vt 0.362541 0.500154
vt 0.362541 0.666136
vt 0.313430 0.500154
vt 0.386125 0.666119
vt 0.387355 0.832100
vt 0.386125 0.832101
vt 0.387355 0.666119
vt 0.667453 0.813012
vt 0.668691 0.862127
vt 0.667453 0.862128
vt 0.668691 0.813012
vt 0.804887 0.549684
vt 0.804887 0.500569
vt 0.806125 0.500568
vt 0.806125 0.549684
vt 0.171679 0.000089
vt 0.171679 0.500033
vt 0.125876 0.500010
vt 0.125876 0.000065
vt 0.174476 0.867630
vt 0.174476 0.660677
vt 0.232582 0.659264
vt 0.232582 0.866217
vt 0.405725 0.500154
vt 0.405725 0.000210
vt 0.894569 0.499970
vt 0.806200 0.499963
vt 0.806200 -0.000000
vt 0.894569 0.000007
vt 0.620069 0.500543
vt 0.405725 0.499953
vt 0.405725 -0.000000
vt 0.620069 0.000589
vt 0.481157 0.867106
vt 0.481157 0.661116
vt 0.569679 0.662788
vt 0.569679 0.868778
vt -0.000000 0.499944
vt -0.000000 0.000000
vt 0.853255 0.500037
vt 0.853255 1.000000
vt 0.806200 0.999941
vt 0.806200 0.499978
vt 0.445496 0.660443
vt 0.387358 0.659345
vt 0.387358 0.619032
vt 0.469119 0.620576
vt 0.138835 0.661543
vt 0.050362 0.663694
vt 0.000000 0.624417
vt 0.112925 0.621671
vt 0.313430 0.739594
vt 0.232582 0.754014
vt 0.232582 0.514575
vt 0.313430 0.500154
vt 0.000000 0.609243
vt 0.112925 0.597338
vt 0.387358 0.508245
vt 0.469119 0.500543
vt 0.806200 0.000043
vt 0.806200 0.499997
vt 0.790484 0.499953
vt 0.790484 0.000000
vt 0.507081 0.621293
vt 0.507081 0.597072
vt 0.232582 0.618762
vt 0.150866 0.620749
vt 0.150866 0.500154
vt 0.232582 0.507457
vt 0.735166 0.500568
vt 0.620069 0.500510
vt 0.620069 0.000556
vt 0.735166 0.000615
vt 0.387358 0.865335
vt 0.445496 0.866433
vt 0.988206 0.499978
vt 0.930168 0.499973
vt 0.930168 0.000011
vt 0.988206 0.000015
vt 0.138835 0.868497
vt 0.050362 0.870647
vt 0.620069 0.623426
vt 0.620069 0.608323
vt 0.884674 0.562454
vt 0.885320 0.506175
vt 0.906124 0.504424
vt 0.905478 0.560702
vt 0.686437 0.837809
vt 0.720793 0.837873
vt 0.730252 0.847690
vt 0.676504 0.847590
vt 0.711862 0.828822
vt 0.695655 0.828792
vt 0.695689 0.803757
vt 0.711896 0.803787
vt 0.875090 0.533181
vt 0.854240 0.534764
vt 0.863824 0.501561
vt 0.884674 0.499978
vt 0.800947 0.597914
vt 0.805884 0.597916
vt 0.805884 0.676082
vt 0.800947 0.676080
vt 0.863824 0.593644
vt 0.854314 0.538514
vt 0.875165 0.536931
vt 0.884674 0.592061
vt 0.686495 0.794726
vt 0.676589 0.784943
vt 0.720852 0.794790
vt 0.730336 0.785042
vt 0.894107 0.813883
vt 0.895180 0.810433
vt 0.895828 0.813743
vt 0.620441 0.724296
vt 0.620069 0.719722
vt 0.621415 0.720917
vt 0.894225 0.885295
vt 0.895828 0.885063
vt 0.895188 0.887677
vt 0.853255 0.535774
vt 0.669581 0.851932
vt 0.672423 0.854599
vt 0.736954 0.852288
vt 0.734522 0.854669
vt 0.734646 0.777426
vt 0.737348 0.780878
vt 0.669181 0.780612
vt 0.672607 0.777426
vt 0.665389 0.763895
vt 0.668587 0.762314
vt 0.667601 0.666550
vt 0.668587 0.667429
vt 0.753442 0.686471
vt 0.753396 0.746432
vt 0.750770 0.747797
vt 0.750770 0.685037
vt 0.874660 0.885284
vt 0.875623 0.887667
vt 0.874541 0.813873
vt 0.875615 0.810423
vt 0.884674 0.501729
vt 0.905478 0.499978
vt 0.876680 0.711048
vt 0.865920 0.711825
vt 0.853255 0.636719
vt 0.864015 0.635941
vt 0.750770 0.685037
vt 0.750770 0.777227
vt 0.669180 0.777426
vt 0.669180 0.685236
vt 0.916642 0.887031
vt 0.905920 0.888064
vt 0.905920 0.811455
vt 0.916642 0.810423
vt 0.895828 0.902616
vt 0.895828 0.810423
vt 0.905920 0.810428
vt 0.905920 0.902622
vt 0.865920 0.594422
vt 0.876680 0.593644
vt 0.747349 0.599856
vt 0.753696 0.592845
vt 0.753696 0.685037
vt 0.747349 0.678021
vt 0.675528 0.599819
vt 0.669181 0.592803
vt 0.675528 0.677984
vt 0.669181 0.684994
vt 0.385251 0.666173
vt 0.385251 0.744338
vt 0.313430 0.744301
vt 0.656749 0.863601
vt 0.651488 0.863978
vt 0.662192 0.828106
vt 0.667453 0.827729
vt 0.798968 0.855172
vt 0.804210 0.854669
vt 0.804210 0.919768
vt 0.798968 0.920271
vt 0.651488 0.764272
vt 0.656749 0.763895
vt 0.387358 0.902115
vt 0.387703 0.872085
vt 0.398804 0.871150
vt 0.398459 0.901181
vt 0.286888 0.878623
vt 0.305220 0.878658
vt 0.310267 0.883896
vt 0.281588 0.883842
vt 0.300454 0.873828
vt 0.291806 0.873812
vt 0.291824 0.860453
vt 0.300472 0.860469
vt 0.904296 0.673837
vt 0.893170 0.674681
vt 0.898284 0.656965
vt 0.909410 0.656120
vt 0.450370 0.868778
vt 0.453005 0.868779
vt 0.453005 0.910489
vt 0.450370 0.910487
vt 0.898284 0.706100
vt 0.893210 0.676683
vt 0.904336 0.675838
vt 0.909410 0.705255
vt 0.286919 0.855634
vt 0.281633 0.850414
vt 0.305251 0.855668
vt 0.310312 0.850467
vt 0.384340 0.620182
vt 0.384912 0.618341
vt 0.385258 0.620107
vt 0.620267 0.888375
vt 0.620069 0.885934
vt 0.620787 0.886572
vt 0.384403 0.658287
vt 0.385258 0.658163
vt 0.384916 0.659558
vt 0.892645 0.675220
vt 0.277893 0.886159
vt 0.279410 0.887583
vt 0.313844 0.886349
vt 0.312546 0.887620
vt 0.312612 0.846403
vt 0.314054 0.848245
vt 0.277680 0.848103
vt 0.279508 0.846403
vt 0.644252 0.909505
vt 0.645958 0.908661
vt 0.645432 0.857561
vt 0.645958 0.858031
vt 0.803640 0.564094
vt 0.803616 0.596089
vt 0.802214 0.596818
vt 0.802214 0.563329
vt 0.373962 0.658282
vt 0.374476 0.659553
vt 0.373899 0.620176
vt 0.374472 0.618335
vt 0.387358 0.869712
vt 0.398459 0.868778
vt 0.919383 0.774472
vt 0.913641 0.774887
vt 0.906883 0.734810
vt 0.912624 0.734395
vt 0.896791 0.711825
vt 0.896791 0.761018
vt 0.853255 0.761124
vt 0.853255 0.711932
vt 0.429476 0.909656
vt 0.423755 0.910207
vt 0.423755 0.869329
vt 0.429476 0.868778
vt 0.646103 0.906756
vt 0.646103 0.857562
vt 0.651488 0.857564
vt 0.651488 0.906759
vt 0.913641 0.712240
vt 0.919383 0.711825
vt 0.355882 0.835980
vt 0.359269 0.832239
vt 0.359269 0.881432
vt 0.355882 0.877688
vt 0.317558 0.835960
vt 0.314171 0.832216
vt 0.317558 0.877669
vt 0.314171 0.881409
vt 0.745829 0.854688
vt 0.745829 0.896397
vt 0.707505 0.896377
vt 0.707505 0.854669
vt 0.654296 0.917180
vt 0.651488 0.917381
vt 0.657200 0.898240
vt 0.660007 0.898039
vt 0.460596 0.869046
vt 0.463393 0.868778
vt 0.463393 0.903515
vt 0.460596 0.903784
vt 0.651488 0.864179
vt 0.654296 0.863978
vt 0.398804 0.902115
vt 0.399148 0.872084
vt 0.410249 0.871150
vt 0.409905 0.901180
vt 0.755037 0.886889
vt 0.773369 0.886923
vt 0.778416 0.892161
vt 0.749737 0.892108
vt 0.768603 0.882094
vt 0.759955 0.882078
vt 0.759973 0.868719
vt 0.768621 0.868735
vt 0.793854 0.872385
vt 0.782728 0.873230
vt 0.787843 0.855514
vt 0.798968 0.854669
vt 0.447736 0.868778
vt 0.450370 0.868779
vt 0.450370 0.910489
vt 0.447736 0.910487
vt 0.787843 0.904649
vt 0.782768 0.875232
vt 0.793894 0.874387
vt 0.798968 0.903804
vt 0.755068 0.863900
vt 0.749782 0.858679
vt 0.773400 0.863934
vt 0.778461 0.858733
vt 0.372981 0.620182
vt 0.373554 0.618341
vt 0.373900 0.620107
vt 0.359467 0.863029
vt 0.359269 0.860589
vt 0.359987 0.861226
vt 0.373044 0.658287
vt 0.373900 0.658163
vt 0.373558 0.659558
vt 0.782203 0.873769
vt 0.746042 0.894425
vt 0.747559 0.895848
vt 0.781993 0.894615
vt 0.780695 0.895885
vt 0.780761 0.854669
vt 0.782203 0.856510
vt 0.745829 0.856369
vt 0.747657 0.854669
vt 0.383451 0.884159
vt 0.385158 0.883316
vt 0.384632 0.832216
vt 0.385158 0.832685
vt 0.805066 0.564094
vt 0.805042 0.596089
vt 0.803640 0.596818
vt 0.803640 0.563329
vt 0.362604 0.658282
vt 0.363118 0.659553
vt 0.362541 0.620176
vt 0.363114 0.618336
vt 0.398804 0.869712
vt 0.409905 0.868778
vt 0.926594 0.656291
vt 0.920853 0.656706
vt 0.914094 0.616629
vt 0.919836 0.616214
vt 0.896791 0.761124
vt 0.896791 0.810317
vt 0.853255 0.810423
vt 0.853255 0.761230
vt 0.435197 0.909656
vt 0.429476 0.910207
vt 0.429476 0.869329
vt 0.435197 0.868778
vt 0.909410 0.706097
vt 0.909410 0.656903
vt 0.914795 0.656906
vt 0.914795 0.706100
vt 0.920853 0.594059
vt 0.926594 0.593644
vt 0.274293 0.850167
vt 0.277680 0.846426
vt 0.277680 0.895619
vt 0.274293 0.891875
vt 0.235969 0.850147
vt 0.232582 0.846403
vt 0.235969 0.891856
vt 0.232582 0.895596
vt 0.707505 0.854688
vt 0.707505 0.896397
vt 0.669181 0.896377
vt 0.669181 0.854669
vt 0.662814 0.917181
vt 0.660007 0.917382
vt 0.665718 0.898240
vt 0.668526 0.898039
vt 0.457798 0.869046
vt 0.460596 0.868778
vt 0.460596 0.903515
vt 0.457798 0.903784
vt 0.660007 0.864179
vt 0.662814 0.863978
vt 0.777053 0.901753
vt 0.778788 0.895885
vt 0.778788 0.902639
vt 0.892645 0.656120
vt 0.893290 0.599841
vt 0.914094 0.598090
vt 0.913449 0.654369
vt 0.754605 0.837809
vt 0.788961 0.837873
vt 0.798420 0.847690
vt 0.744672 0.847590
vt 0.780030 0.828822
vt 0.763823 0.828792
vt 0.763857 0.803757
vt 0.780064 0.803787
vt 0.641904 0.797098
vt 0.621054 0.798681
vt 0.630638 0.765479
vt 0.651488 0.763895
vt 0.800947 0.676082
vt 0.805884 0.676085
vt 0.805884 0.754251
vt 0.800947 0.754249
vt 0.630638 0.857562
vt 0.621129 0.802432
vt 0.641979 0.800848
vt 0.651488 0.855978
vt 0.754663 0.794726
vt 0.744757 0.784942
vt 0.789020 0.794790
vt 0.798504 0.785042
vt 0.872820 0.813883
vt 0.873893 0.810433
vt 0.874541 0.813743
vt 0.754068 0.558314
vt 0.753696 0.553740
vt 0.755042 0.554936
vt 0.872938 0.885295
vt 0.874541 0.885063
vt 0.873901 0.887677
vt 0.620069 0.799691
vt 0.737749 0.851932
vt 0.740591 0.854599
vt 0.805122 0.852288
vt 0.802690 0.854669
vt 0.802814 0.777426
vt 0.805516 0.780878
vt 0.737348 0.780612
vt 0.740775 0.777426
vt 0.799016 0.597914
vt 0.802214 0.596333
vt 0.801228 0.500568
vt 0.802214 0.501447
vt 0.804887 0.502002
vt 0.804841 0.561963
vt 0.802214 0.563329
vt 0.802214 0.500568
vt 0.853373 0.885284
vt 0.854336 0.887667
vt 0.853255 0.813873
vt 0.854328 0.810423
vt 0.892645 0.595395
vt 0.913449 0.593644
vt 0.385966 0.617558
vt 0.375206 0.618335
vt 0.362541 0.543229
vt 0.373301 0.542451
vt 0.314171 0.754014
vt 0.314171 0.846204
vt 0.232582 0.846403
vt 0.232582 0.754213
vt 0.916845 0.576586
vt 0.906124 0.577619
vt 0.906124 0.501010
vt 0.916845 0.499978
vt 0.896791 0.804019
vt 0.896791 0.711826
vt 0.906883 0.711831
vt 0.906883 0.804024
vt 0.375206 0.500932
vt 0.385966 0.500154
vt 0.747349 0.507622
vt 0.753696 0.500611
vt 0.753696 0.592803
vt 0.747349 0.585786
vt 0.675528 0.507585
vt 0.675528 0.585749
vt 0.669180 0.592760
vt 0.385993 0.754051
vt 0.385993 0.832216
vt 0.314171 0.832179
vt 0.314171 0.754014
vt 0.881941 0.693350
vt 0.876680 0.693727
vt 0.887383 0.657854
vt 0.892644 0.657478
vt 0.916642 0.810926
vt 0.921884 0.810423
vt 0.921884 0.875522
vt 0.916642 0.876026
vt 0.876680 0.594021
vt 0.881941 0.593644
s 0
usemtl Material
f 14/1/1 19/2/1 23/3/1
f 14/1/1 23/3/1 18/4/1
f 13/5/2 16/6/2 7/7/2
s 1
f 13/5/2 7/7/2 1/8/2
s 0
f 20/9/3 15/10/3 3/11/3
f 20/9/4 3/11/4 5/12/4
f 24/13/5 21/14/5 6/15/5
f 24/13/5 6/15/5 12/16/5
f 17/17/6 22/18/6 10/19/6
f 17/17/7 10/19/7 8/20/7
f 2/21/8 9/22/8 11/23/8
f 2/21/8 11/23/8 4/24/8
f 38/25/1 43/26/1 47/27/1
f 38/25/1 47/27/1 42/28/1
f 37/29/2 40/30/2 31/31/2
f 37/29/2 31/31/2 25/32/2
f 44/33/4 39/34/4 27/35/4
f 44/33/9 27/35/9 29/36/9
f 48/37/5 45/38/5 30/39/5
f 48/37/5 30/39/5 36/40/5
s 1
f 41/41/6 46/42/6 34/43/6
s 0
f 41/41/7 34/43/7 32/44/7
f 26/45/8 33/46/8 35/47/8
f 26/45/8 35/47/8 28/48/8
f 62/49/1 67/50/1 71/51/1
f 62/49/1 71/51/1 66/52/1
s 1
f 61/53/2 64/54/2 55/55/2
s 0
f 61/53/2 55/55/2 49/56/2
f 68/57/3 63/58/3 51/59/3
f 68/57/10 51/59/10 53/60/10
f 72/61/5 69/62/5 54/63/5
f 72/61/5 54/63/5 60/64/5
f 65/65/7 70/66/7 58/67/7
f 65/65/7 58/67/7 56/68/7
f 50/69/8 57/70/8 59/71/8
f 50/69/8 59/71/8 52/72/8
f 86/73/1 91/74/1 95/75/1
f 86/73/1 95/75/1 90/76/1
f 85/77/2 88/78/2 79/79/2
f 85/77/2 79/79/2 73/80/2
f 92/81/4 87/82/4 75/83/4
f 92/81/3 75/83/3 77/84/3
f 96/85/5 93/86/5 78/87/5
f 96/85/5 78/87/5 84/88/5
f 89/89/7 94/90/7 82/91/7
f 89/89/6 82/91/6 80/92/6
f 74/93/8 81/94/8 83/95/8
f 74/93/8 83/95/8 76/96/8
f 110/97/1 115/98/1 119/99/1
f 110/97/1 119/99/1 114/100/1
f 109/101/2 112/102/2 103/103/2
f 109/101/2 103/103/2 97/104/2
f 116/105/4 111/106/4 99/107/4
f 116/105/4 99/107/4 101/108/4
f 120/109/5 117/110/5 102/111/5
f 120/109/5 102/111/5 108/112/5
s 1
f 113/113/7 118/114/7 106/115/7
s 0
f 113/113/6 106/115/6 104/116/6
f 98/117/8 105/118/8 107/119/8
f 98/117/8 107/119/8 100/120/8
f 134/121/1 139/122/1 143/123/1
f 134/121/1 143/123/1 138/124/1
f 133/125/2 136/126/2 127/127/2
s 1
f 133/125/2 127/127/2 121/128/2
s 0
f 140/129/4 135/130/4 123/131/4
f 140/129/9 123/131/9 125/132/9
f 144/133/5 141/134/5 126/135/5
f 144/133/5 126/135/5 132/136/5
f 137/137/7 142/138/7 130/139/7
f 137/137/7 130/139/7 128/140/7
f 122/141/8 129/142/8 131/143/8
f 122/141/8 131/143/8 124/144/8
f 158/145/1 163/146/1 167/147/1
f 158/145/1 167/147/1 162/148/1
f 157/149/2 160/150/2 151/151/2
f 157/149/2 151/151/2 145/152/2
f 164/153/9 159/154/9 147/155/9
f 164/153/4 147/155/4 149/156/4
f 168/157/5 165/158/5 150/159/5
f 168/157/5 150/159/5 156/160/5
s 1
f 161/161/7 166/162/7 154/163/7
s 0
f 161/161/7 154/163/7 152/164/7
f 146/165/8 153/166/8 155/167/8
f 146/165/8 155/167/8 148/168/8
f 182/169/1 187/170/1 191/171/1
f 182/169/1 191/171/1 186/172/1
f 181/173/2 184/174/2 175/175/2
f 181/173/2 175/175/2 169/176/2
f 188/177/4 183/178/4 171/179/4
f 188/177/10 171/179/10 173/180/10
f 192/181/5 189/182/5 174/183/5
s 1
f 192/181/5 174/183/5 180/184/5
f 185/185/7 190/186/7 178/187/7
s 0
f 185/185/6 178/187/6 176/188/6
f 170/189/8 177/190/8 179/191/8
f 170/189/8 179/191/8 172/192/8
f 206/193/1 211/194/1 215/195/1
f 206/193/1 215/195/1 210/196/1
f 205/197/2 208/198/2 199/199/2
f 205/197/2 199/199/2 193/200/2
f 212/201/4 207/202/4 195/203/4
f 212/201/3 195/203/3 197/204/3
f 216/205/5 213/206/5 198/207/5
f 216/205/5 198/207/5 204/208/5
f 209/209/7 214/210/7 202/211/7
f 209/209/6 202/211/6 200/212/6
f 194/213/8 201/214/8 203/215/8
f 194/213/8 203/215/8 196/216/8
f 230/217/1 235/218/1 239/219/1
f 230/217/1 239/219/1 234/220/1
f 229/221/2 232/222/2 223/223/2
f 229/221/11 223/223/11 217/224/11
f 236/225/4 231/226/4 219/227/4
f 236/225/9 219/227/9 221/228/9
f 240/229/5 237/230/5 222/40/5
f 240/229/5 222/40/5 228/231/5
f 233/232/7 238/233/7 226/234/7
f 233/232/7 226/234/7 224/235/7
f 218/236/8 225/237/8 227/238/8
f 218/236/8 227/238/8 220/239/8
f 254/240/1 259/241/1 263/242/1
f 254/240/1 263/242/1 258/243/1
f 253/244/2 256/245/2 247/246/2
f 253/244/2 247/246/2 241/247/2
f 260/248/4 255/249/4 243/250/4
f 260/248/9 243/250/9 245/251/9
f 264/252/5 261/253/5 246/254/5
s 1
f 264/252/5 246/254/5 252/255/5
s 0
f 257/256/7 262/257/7 250/258/7
f 257/256/7 250/258/7 248/259/7
f 242/260/8 249/261/8 251/262/8
f 242/260/8 251/262/8 244/263/8
f 278/264/1 283/265/1 287/266/1
f 278/264/1 287/266/1 282/267/1
f 277/268/2 280/269/2 271/270/2
s 1
f 277/268/2 271/270/2 265/271/2
s 0
f 284/272/3 279/273/3 267/274/3
f 284/272/4 267/274/4 269/275/4
f 288/276/5 285/277/5 270/278/5
f 288/276/5 270/278/5 276/279/5
f 281/280/7 286/281/7 274/282/7
f 281/280/7 274/282/7 272/283/7
f 266/284/8 273/285/8 275/286/8
f 266/284/8 275/286/8 268/287/8
f 302/288/1 307/289/1 311/290/1
f 302/288/1 311/290/1 306/291/1
f 301/292/11 304/293/11 295/294/11
f 301/292/2 295/294/2 289/295/2
f 308/296/4 303/297/4 291/298/4
f 308/296/4 291/298/4 293/299/4
f 312/300/12 309/301/12 294/302/12
f 312/300/5 294/302/5 300/303/5
f 305/304/6 310/305/6 298/306/6
f 305/304/7 298/306/7 296/307/7
f 290/308/8 297/309/8 299/310/8
f 290/308/8 299/310/8 292/311/8
f 326/312/1 331/313/1 335/314/1
f 326/312/1 335/314/1 330/315/1
f 325/316/2 328/317/2 319/318/2
f 325/316/2 319/318/2 313/319/2
f 332/320/4 327/321/4 315/322/4
f 332/320/4 315/322/4 317/323/4
f 336/324/5 333/325/5 318/326/5
f 336/324/5 318/326/5 324/327/5
s 1
f 329/328/7 334/329/7 322/330/7
s 0
f 329/328/7 322/330/7 320/331/7
f 314/332/8 321/333/8 323/334/8
f 314/332/8 323/334/8 316/335/8
f 350/336/1 355/337/1 359/338/1
f 350/336/1 359/338/1 354/339/1
f 349/340/2 352/341/2 343/342/2
f 349/340/2 343/342/2 337/343/2
f 356/344/13 351/345/13 339/346/13
f 356/344/13 339/346/13 341/347/13
f 360/348/5 357/349/5 342/350/5
f 360/348/5 342/350/5 348/351/5
s 1
f 353/352/14 358/353/14 346/354/14
s 0
f 353/352/15 346/354/15 344/355/15
f 338/356/8 345/357/8 347/358/8
f 338/356/8 347/358/8 340/359/8
f 374/360/1 379/361/1 383/362/1
f 374/360/1 383/362/1 378/363/1
s 1
f 373/364/2 376/365/2 367/366/2
s 0
f 373/364/2 367/366/2 361/367/2
s 1
f 380/368/16 375/369/16 363/370/16
f 380/368/16 363/370/16 365/371/16
s 0
f 384/372/5 381/373/5 366/374/5
f 384/372/5 366/374/5 372/375/5
f 377/376/17 382/377/17 370/378/17
f 377/376/17 370/378/17 368/379/17
f 362/380/8 369/381/8 371/382/8
f 362/380/8 371/382/8 364/383/8
f 398/384/1 403/385/1 407/386/1
f 398/384/1 407/386/1 402/387/1
f 397/388/2 400/389/2 391/390/2
f 397/388/2 391/390/2 385/391/2
f 404/392/16 399/393/16 387/394/16
f 404/392/16 387/394/16 389/395/16
f 408/396/5 405/397/5 390/398/5
s 1
f 408/396/5 390/398/5 396/399/5
s 0
f 401/400/17 406/401/17 394/402/17
f 401/400/17 394/402/17 392/403/17
f 386/404/8 393/405/8 395/406/8
f 386/404/8 395/406/8 388/407/8
f 422/408/1 427/409/1 431/410/1
f 422/408/1 431/410/1 426/411/1
f 421/412/2 424/413/2 415/414/2
f 421/412/2 415/414/2 409/415/2
f 428/416/16 423/417/16 411/418/16
f 428/416/16 411/418/16 413/419/16
s 1
f 432/420/5 429/421/5 414/422/5
s 0
f 432/420/5 414/422/5 420/423/5
f 425/424/17 430/425/17 418/426/17
f 425/424/17 418/426/17 416/427/17
f 410/428/8 417/429/8 419/430/8
f 410/428/8 419/430/8 412/431/8
f 446/432/1 451/433/1 455/434/1
f 446/432/1 455/434/1 450/435/1
f 445/436/2 448/437/2 439/438/2
f 445/436/2 439/438/2 433/439/2
f 452/440/16 447/441/16 435/442/16
f 452/440/16 435/442/16 437/443/16
f 456/444/5 453/445/5 438/446/5
f 456/444/5 438/446/5 444/447/5
s 1
f 449/448/17 454/449/17 442/450/17
s 0
f 449/448/17 442/450/17 440/451/17
s 1
f 434/452/8 441/453/8 443/454/8
f 434/452/8 443/454/8 436/455/8
s 0
f 470/456/1 475/457/1 479/458/1
f 470/456/1 479/458/1 474/459/1
f 469/460/2 472/461/2 463/462/2
f 469/460/2 463/462/2 457/463/2
f 476/464/16 471/465/16 459/466/16
f 476/464/18 459/466/18 461/467/18
f 480/468/5 477/469/5 462/470/5
f 480/468/5 462/470/5 468/471/5
f 473/472/17 478/473/17 466/474/17
f 473/472/17 466/474/17 464/475/17
f 458/476/8 465/477/8 467/478/8
f 458/476/8 467/478/8 460/479/8
f 494/480/1 499/481/1 503/482/1
f 494/480/1 503/482/1 498/483/1
f 493/484/2 496/485/2 487/486/2
f 493/484/2 487/486/2 481/487/2
f 500/488/16 495/489/16 483/490/16
f 500/488/16 483/490/16 485/491/16
f 504/492/5 501/493/5 486/494/5
f 504/492/5 486/494/5 492/495/5
f 497/496/17 502/497/17 490/498/17
f 497/496/17 490/498/17 488/499/17
f 482/500/8 489/501/8 491/502/8
f 482/500/8 491/502/8 484/503/8
f 518/504/1 523/505/1 527/506/1
f 518/504/1 527/506/1 522/507/1
f 517/508/2 520/509/2 511/510/2
f 517/508/2 511/510/2 505/511/2
f 524/512/19 519/513/19 507/514/19
f 524/512/19 507/514/19 509/515/19
s 1
f 528/516/5 525/517/5 510/518/5
f 528/516/5 510/518/5 516/519/5
s 0
f 521/520/20 526/521/20 514/522/20
f 521/520/20 514/522/20 512/523/20
f 506/524/8 513/525/8 515/526/8
f 506/524/8 515/526/8 508/527/8
f 542/528/1 547/529/1 551/530/1
f 542/528/1 551/530/1 546/531/1
f 541/532/2 544/533/2 535/534/2
f 541/532/2 535/534/2 529/535/2
f 548/536/19 543/537/19 531/538/19
f 548/536/19 531/538/19 533/539/19
s 1
f 552/540/5 549/541/5 534/542/5
f 552/540/5 534/542/5 540/543/5
s 0
f 545/544/20 550/545/20 538/546/20
f 545/544/20 538/546/20 536/547/20
f 530/548/8 537/549/8 539/550/8
f 530/548/8 539/550/8 532/551/8
f 566/552/1 571/553/1 575/554/1
f 566/552/1 575/554/1 570/555/1
f 565/556/2 568/557/2 559/558/2
f 565/556/2 559/558/2 553/559/2
f 572/560/21 567/561/21 555/562/21
f 572/560/21 555/562/21 557/563/21
f 576/564/5 573/565/5 558/566/5
f 576/564/5 558/566/5 564/567/5
f 569/568/22 574/569/22 562/570/22
f 569/568/22 562/570/22 560/571/22
f 554/572/8 561/573/8 563/574/8
f 554/572/8 563/574/8 556/575/8
f 590/576/1 595/577/1 599/578/1
f 590/576/1 599/578/1 594/579/1
f 589/580/2 592/581/2 583/582/2
f 589/580/2 583/582/2 577/583/2
f 596/584/23 591/585/23 579/586/23
f 596/584/23 579/586/23 581/587/23
f 600/588/5 597/589/5 582/590/5
f 600/588/5 582/590/5 588/591/5
f 593/592/24 598/593/24 586/594/24
f 593/592/24 586/594/24 584/595/24
f 578/596/8 585/597/8 587/598/8
f 578/596/8 587/598/8 580/599/8
f 614/600/1 619/601/1 623/602/1
f 614/600/1 623/602/1 618/603/1
f 613/604/2 616/605/2 607/606/2
f 613/604/2 607/606/2 601/607/2
f 620/608/23 615/609/23 603/610/23
s 1
f 620/608/23 603/610/23 605/611/23
s 0
f 624/612/5 621/613/5 606/614/5
s 1
f 624/612/5 606/614/5 612/615/5
s 0
f 617/616/24 622/617/24 610/618/24
s 1
f 617/616/24 610/618/24 608/619/24
s 0
f 602/620/8 609/621/8 611/622/8
f 602/620/8 611/622/8 604/623/8
f 638/624/1 643/625/1 647/626/1
f 638/624/1 647/626/1 642/627/1
f 637/628/2 640/629/2 631/630/2
f 637/628/2 631/630/2 625/631/2
s 1
f 644/632/25 639/633/25 627/634/25
s 0
f 644/632/25 627/634/25 629/635/25
f 648/636/5 645/637/5 630/638/5
f 648/636/5 630/638/5 636/639/5
s 1
f 641/640/26 646/641/26 634/642/26
s 0
f 641/640/26 634/642/26 632/643/26
f 626/644/8 633/645/8 635/646/8
f 626/644/8 635/646/8 628/647/8
f 662/648/1 667/649/1 671/650/1
f 662/648/1 671/650/1 666/651/1
f 661/652/2 664/653/2 655/654/2
f 661/652/2 655/654/2 649/655/2
f 668/656/27 663/657/27 651/658/27
f 668/656/27 651/658/27 653/659/27
f 672/660/5 669/661/5 654/662/5
f 672/660/5 654/662/5 660/663/5
s 1
f 665/664/28 670/665/28 658/666/28
f 665/664/28 658/666/28 656/667/28
s 0
f 650/668/8 657/669/8 659/670/8
f 650/668/8 659/670/8 652/671/8
f 686/672/1 691/673/1 695/674/1
f 686/672/1 695/674/1 690/675/1
f 685/676/2 688/677/2 679/678/2
f 685/676/2 679/678/2 673/679/2
f 692/680/4 687/681/4 675/682/4
s 1
f 692/680/4 675/682/4 677/683/4
s 0
f 696/684/5 693/685/5 678/686/5
f 696/684/5 678/686/5 684/687/5
f 689/688/7 694/689/7 682/690/7
f 689/688/7 682/690/7 680/691/7
f 674/692/8 681/693/8 683/694/8
f 674/692/8 683/694/8 676/695/8
f 710/696/1 715/697/1 719/698/1
f 710/696/1 719/698/1 714/699/1
f 709/700/2 712/701/2 703/702/2
f 709/700/2 703/702/2 697/703/2
f 716/704/4 711/705/4 699/706/4
f 716/704/4 699/706/4 701/707/4
f 720/708/12 717/709/12 702/710/12
s 1
f 720/708/5 702/710/5 708/711/5
s 0
f 713/712/7 718/713/7 706/714/7
f 713/712/7 706/714/7 704/715/7
s 1
f 698/716/8 705/717/8 707/718/8
s 0
f 698/716/8 707/718/8 700/719/8
f 734/720/1 739/721/1 743/722/1
f 734/720/1 743/722/1 738/723/1
f 733/724/2 736/725/2 727/726/2
f 733/724/2 727/726/2 721/727/2
f 740/728/4 735/729/4 723/730/4
f 740/728/4 723/730/4 725/731/4
f 744/732/5 741/733/5 726/734/5
f 744/732/5 726/734/5 732/735/5
s 1
f 737/736/7 742/737/6 730/738/7
f 737/736/7 730/738/7 728/739/7
s 0
f 722/740/8 729/741/8 731/742/8
f 722/740/8 731/742/8 724/743/8
s 1
f 758/744/1 763/745/1 767/746/1
s 0
f 758/744/1 767/746/1 762/747/1
f 757/748/2 760/749/2 751/750/2
f 757/748/2 751/750/2 745/751/2
f 764/752/4 759/753/4 747/754/4
f 764/752/9 747/754/9 749/755/9
f 768/756/5 765/757/5 750/758/5
f 768/756/5 750/758/5 756/759/5
f 761/760/7 766/761/7 754/762/7
f 761/760/7 754/762/7 752/763/7
f 746/764/8 753/765/8 755/766/8
f 746/764/8 755/766/8 748/767/8
f 782/768/1 787/769/1 791/770/1
s 1
f 782/768/1 791/770/1 786/771/1
s 0
f 781/772/2 784/773/2 775/774/2
f 781/772/11 775/774/11 769/775/11
s 1
f 788/776/4 783/777/4 771/778/4
s 0
f 788/776/9 771/778/9 773/779/9
f 792/780/5 789/781/5 774/782/5
f 792/780/5 774/782/5 780/783/5
f 785/784/7 790/785/7 778/786/7
f 785/784/7 778/786/7 776/787/7
f 770/788/8 777/789/8 779/790/8
s 1
f 770/788/8 779/790/8 772/791/8
f 806/792/1 811/793/1 815/794/1
f 806/792/1 815/794/1 810/795/1
s 0
f 805/796/2 808/797/2 799/798/2
f 805/796/2 799/798/2 793/799/2
f 812/800/4 807/801/4 795/802/4
f 812/800/4 795/802/4 797/803/4
f 816/804/5 813/805/5 798/806/5
f 816/804/5 798/806/5 804/807/5
s 1
f 809/808/6 814/809/6 802/810/6
s 0
f 809/808/7 802/810/7 800/811/7
f 794/812/8 801/813/8 803/814/8
f 794/812/8 803/814/8 796/815/8
f 830/816/1 835/817/1 839/818/1
f 830/816/1 839/818/1 834/819/1
f 829/820/2 832/821/2 823/822/2
f 829/820/2 823/822/2 817/823/2
s 1
f 836/824/4 831/825/4 819/826/4
s 0
f 836/824/9 819/826/9 821/827/9
f 840/828/5 837/829/5 822/830/5
f 840/828/5 822/830/5 828/831/5
f 833/832/7 838/833/7 826/834/7
f 833/832/7 826/834/7 824/835/7
s 1
f 818/836/8 825/837/8 827/838/8
f 818/836/8 827/838/8 820/839/8
s 0
f 854/840/1 859/841/1 863/842/1
f 854/840/1 863/842/1 858/843/1
f 853/844/2 856/845/2 847/846/2
f 853/844/2 847/846/2 841/847/2
f 860/848/9 855/849/9 843/850/9
f 860/848/3 843/850/3 845/851/3
f 864/852/5 861/853/5 846/854/5
f 864/852/5 846/854/5 852/855/5
f 857/856/7 862/857/7 850/858/7
f 857/856/7 850/858/7 848/859/7
f 842/860/8 849/861/8 851/862/8
f 842/860/8 851/862/8 844/863/8
f 878/864/1 883/865/1 887/866/1
f 878/864/1 887/866/1 882/867/1
f 877/868/2 880/869/2 871/870/2
f 877/868/2 871/870/2 865/871/2
s 1
f 884/872/4 879/873/4 867/874/4
s 0
f 884/872/9 867/874/9 869/875/9
f 888/876/5 885/877/5 870/878/5
f 888/876/5 870/878/5 876/879/5
f 881/880/7 886/881/7 874/882/7
f 881/880/7 874/882/7 872/883/7
f 866/884/8 873/885/8 875/886/8
f 866/884/8 875/886/8 868/887/8
f 902/888/1 907/889/1 911/890/1
f 902/888/1 911/890/1 906/891/1
f 901/892/2 904/893/2 895/894/2
f 901/892/2 895/894/2 889/895/2
f 908/896/10 903/897/10 891/898/10
f 908/896/4 891/898/4 893/899/4
f 912/900/5 909/901/5 894/902/5
f 912/900/5 894/902/5 900/903/5
f 905/904/7 910/905/7 898/906/7
f 905/904/7 898/906/7 896/907/7
f 890/908/8 897/909/8 899/910/8
f 890/908/8 899/910/8 892/911/8
f 926/912/1 931/913/1 935/914/1
f 926/912/1 935/914/1 930/915/1
f 925/916/2 928/917/2 919/918/2
f 925/916/2 919/918/2 913/919/2
f 932/920/4 927/921/4 915/922/4
f 932/920/4 915/922/4 917/923/4
f 936/924/5 933/925/5 918/926/5
f 936/924/5 918/926/5 924/927/5
f 929/928/7 934/929/7 922/930/7
f 929/928/7 922/930/7 920/931/7
f 914/932/8 921/933/8 923/934/8
f 914/932/8 923/934/8 916/935/8
f 950/936/1 955/937/1 959/938/1
f 950/936/1 959/938/1 954/939/1
f 949/940/2 952/941/2 943/942/2
f 949/940/2 943/942/2 937/943/2
f 956/944/4 951/945/4 939/946/4
f 956/944/4 939/946/4 941/947/4
f 960/948/5 957/949/5 942/950/5
f 960/948/5 942/950/5 948/951/5
f 953/952/7 958/953/7 946/954/7
f 953/952/7 946/954/7 944/955/7
f 938/956/8 945/957/8 947/958/8
f 938/956/8 947/958/8 940/959/8
f 974/960/1 979/961/1 983/962/1
f 974/960/1 983/962/1 978/963/1
f 973/964/2 976/965/2 967/966/2
f 973/964/2 967/966/2 961/967/2
f 980/968/4 975/969/4 963/970/4
f 980/968/3 963/970/3 965/971/3
f 984/972/5 981/973/5 966/974/5
f 984/972/5 966/974/5 972/975/5
f 977/976/7 982/977/7 970/978/7
f 977/976/7 970/978/7 968/979/7
f 962/980/8 969/981/8 971/982/8
f 962/980/8 971/982/8 964/983/8
f 998/984/1 1003/985/1 1007/986/1
f 998/984/1 1007/986/1 1002/987/1
f 997/988/2 1000/989/2 991/990/2
s 1
f 997/988/2 991/990/2 985/991/2
s 0
f 1004/992/4 999/993/4 987/994/4
f 1004/992/4 987/994/4 989/995/4
f 1008/996/12 1005/997/12 990/998/12
f 1008/996/5 990/998/5 996/999/5
f 1001/1000/6 1006/1001/6 994/1002/6
f 1001/1000/7 994/1002/7 992/1003/7
f 986/1004/8 993/1005/8 995/1006/8
f 986/1004/8 995/1006/8 988/1007/8
f 1022/1008/1 1027/1009/1 1031/1010/1
f 1022/1008/1 1031/1010/1 1026/1011/1
f 1021/1012/2 1024/1013/2 1015/1014/2
f 1021/1012/2 1015/1014/2 1009/1015/2
f 1028/1016/4 1023/1017/4 1011/1018/4
f 1028/1016/3 1011/1018/3 1013/1019/3
f 1032/1020/5 1029/1021/5 1014/1022/5
f 1032/1020/5 1014/1022/5 1020/1023/5
f 1025/1024/7 1030/1025/7 1018/1026/7
f 1025/1024/7 1018/1026/7 1016/1027/7
s 1
f 1010/1028/8 1017/1029/8 1019/1030/8
f 1010/1028/8 1019/1030/8 1012/1031/8
s 0
f 1046/1032/1 1051/1033/1 1055/1034/1
f 1046/1032/1 1055/1034/1 1050/1035/1
f 1045/1036/2 1048/1037/2 1039/1038/2
f 1045/1036/2 1039/1038/2 1033/1039/2
f 1052/1040/3 1047/1041/3 1035/1042/3
f 1052/1040/9 1035/1042/9 1037/1043/9
f 1056/1044/5 1053/1045/5 1038/1046/5
f 1056/1044/5 1038/1046/5 1044/1047/5
f 1049/1048/7 1054/1049/7 1042/1050/7
f 1049/1048/7 1042/1050/7 1040/1051/7
f 1034/1052/8 1041/1053/8 1043/1054/8
f 1034/1052/8 1043/1054/8 1036/1055/8
f 1070/1056/1 1075/1057/1 1079/1058/1
f 1070/1056/1 1079/1058/1 1074/1059/1
f 1069/1060/2 1072/1061/2 1063/1062/2
f 1069/1060/2 1063/1062/2 1057/1063/2
f 1076/1064/4 1071/1065/4 1059/1066/4
f 1076/1064/4 1059/1066/4 1061/1067/4
f 1080/1068/5 1077/1069/5 1062/1070/5
f 1080/1068/5 1062/1070/5 1068/1071/5
f 1073/1072/7 1078/1073/7 1066/1074/7
f 1073/1072/7 1066/1074/7 1064/1075/7
f 1058/1076/8 1065/1077/8 1067/1078/8
f 1058/1076/8 1067/1078/8 1060/1079/8
f 1094/1080/1 1099/1081/1 1103/1082/1
s 1
f 1094/1080/1 1103/1082/1 1098/1083/1
s 0
f 1093/1084/2 1096/1085/2 1087/1086/2
f 1093/1084/2 1087/1086/2 1081/1087/2
f 1100/1088/4 1095/1089/4 1083/1090/4
f 1100/1088/9 1083/1090/9 1085/1091/9
f 1104/1092/5 1101/1093/5 1086/1094/5
f 1104/1092/5 1086/1094/5 1092/1095/5
f 1097/1096/7 1102/1097/7 1090/1098/7
f 1097/1096/7 1090/1098/7 1088/1099/7
f 1082/1100/8 1089/1101/8 1091/1102/8
f 1082/1100/8 1091/1102/8 1084/1103/8
f 1118/1104/1 1123/1105/1 1127/1106/1
f 1118/1104/1 1127/1106/1 1122/1107/1
f 1117/1108/2 1120/1109/2 1111/1110/2
f 1117/1108/2 1111/1110/2 1105/1111/2
f 1124/1112/4 1119/1113/4 1107/1114/4
f 1124/1112/4 1107/1114/4 1109/1115/4
f 1128/1116/5 1125/1117/5 1110/1118/5
f 1128/1116/5 1110/1118/5 1116/1119/5
f 1121/1120/7 1126/1121/7 1114/1122/7
f 1121/1120/7 1114/1122/7 1112/1123/7
f 1106/1124/8 1113/1125/8 1115/1126/8
f 1106/1124/8 1115/1126/8 1108/1127/8
f 1142/1128/1 1147/1129/1 1151/1130/1
f 1142/1128/1 1151/1130/1 1146/1131/1
f 1141/1132/2 1144/1133/2 1135/1134/2
f 1141/1132/2 1135/1134/2 1129/1135/2
f 1148/1136/4 1143/1137/4 1131/1138/4
f 1148/1136/4 1131/1138/4 1133/1139/4
f 1152/1140/5 1149/1141/5 1134/1142/5
f 1152/1140/5 1134/1142/5 1140/1143/5
s 1
f 1145/1144/7 1150/1145/7 1138/1146/7
s 0
f 1145/1144/7 1138/1146/7 1136/1147/7
f 1130/1148/8 1137/1149/8 1139/1150/8
f 1130/1148/8 1139/1150/8 1132/1151/8
f 1166/1152/1 1171/1153/1 1175/1154/1
f 1166/1152/1 1175/1154/1 1170/1155/1
f 1165/1156/2 1168/1157/2 1159/1158/2
f 1165/1156/2 1159/1158/2 1153/1159/2
f 1172/1160/4 1167/1161/4 1155/1162/4
f 1172/1160/4 1155/1162/4 1157/1163/4
f 1176/1164/12 1173/1165/12 1158/231/12
f 1176/1164/5 1158/231/5 1164/1166/5
f 1169/1167/7 1174/1168/7 1162/1169/7
s 1
f 1169/1167/7 1162/1169/7 1160/1170/7
s 0
f 1154/1171/8 1161/1172/8 1163/1173/8
f 1154/1171/8 1163/1173/8 1156/1174/8
f 1190/1175/1 1195/1176/1 1199/1177/1
f 1190/1175/1 1199/1177/1 1194/1178/1
f 1189/1179/2 1192/1180/2 1183/1181/2
f 1189/1179/2 1183/1181/2 1177/1182/2
f 1196/1183/3 1191/1184/3 1179/1185/3
f 1196/1183/9 1179/1185/9 1181/1186/9
f 1200/1187/5 1197/1188/5 1182/1143/5
f 1200/1187/5 1182/1143/5 1188/1189/5
f 1193/1190/7 1198/1191/7 1186/1192/7
f 1193/1190/7 1186/1192/7 1184/1193/7
f 1178/1194/8 1185/1195/8 1187/1196/8
f 1178/1194/8 1187/1196/8 1180/1197/8
f 1214/1198/1 1219/1199/1 1223/1200/1
f 1214/1198/1 1223/1200/1 1218/1201/1
f 1213/1202/2 1216/1203/2 1207/1204/2
f 1213/1202/2 1207/1204/2 1201/1205/2
f 1220/1206/4 1215/1207/4 1203/1208/4
f 1220/1206/4 1203/1208/4 1205/1209/4
f 1224/1210/12 1221/1211/12 1206/1212/12
f 1224/1210/5 1206/1212/5 1212/1213/5
f 1217/1214/7 1222/1215/7 1210/1216/7
f 1217/1214/7 1210/1216/7 1208/1217/7
f 1202/1218/8 1209/1219/8 1211/1220/8
f 1202/1218/8 1211/1220/8 1204/1221/8
f 1238/1222/1 1243/1223/1 1247/1224/1
f 1238/1222/1 1247/1224/1 1242/1225/1
f 1237/1226/2 1240/1227/2 1231/1228/2
f 1237/1226/2 1231/1228/2 1225/1229/2
s 1
f 1244/1230/4 1239/1231/4 1227/1232/4
s 0
f 1244/1230/4 1227/1232/4 1229/1233/4
f 1248/1234/5 1245/1235/5 1230/1236/5
f 1248/1234/5 1230/1236/5 1236/1237/5
f 1241/1238/7 1246/1239/7 1234/1240/7
f 1241/1238/7 1234/1240/7 1232/1241/7
f 1226/1242/8 1233/1243/8 1235/1244/8
f 1226/1242/8 1235/1244/8 1228/1245/8
f 1262/1246/1 1267/1247/1 1271/1248/1
f 1262/1246/1 1271/1248/1 1266/1249/1
f 1261/1250/2 1264/1251/2 1255/1252/2
f 1261/1250/2 1255/1252/2 1249/1253/2
f 1268/1254/29 1263/1255/29 1251/1256/29
f 1268/1254/29 1251/1256/29 1253/1257/29
f 1272/1258/5 1269/1259/5 1254/1260/5
f 1272/1258/5 1254/1260/5 1260/1261/5
f 1265/1262/30 1270/1263/30 1258/1264/30
f 1265/1262/30 1258/1264/30 1256/1265/30
f 1250/1266/8 1257/1267/8 1259/1268/8
f 1250/1266/8 1259/1268/8 1252/1269/8
f 1286/1270/1 1291/1271/1 1295/1272/1
f 1286/1270/1 1295/1272/1 1290/1273/1
f 1285/1274/2 1288/1275/2 1279/1276/2
f 1285/1274/2 1279/1276/2 1273/1277/2
f 1292/1278/4 1287/1279/4 1275/1280/4
f 1292/1278/4 1275/1280/4 1277/1281/4
f 1296/1282/5 1293/1283/5 1278/1284/5
f 1296/1282/5 1278/1284/5 1284/1285/5
f 1289/1286/7 1294/1287/7 1282/1288/7
f 1289/1286/7 1282/1288/7 1280/1289/7
f 1274/1290/8 1281/1291/8 1283/1292/8
f 1274/1290/8 1283/1292/8 1276/1293/8
f 1310/1294/1 1315/1295/1 1319/706/1
f 1310/1294/1 1319/706/1 1314/1296/1
f 1309/1297/2 1312/1298/2 1303/1299/2
f 1309/1297/2 1303/1299/2 1297/1300/2
f 1316/1301/4 1311/1302/4 1299/1303/4
f 1316/1301/4 1299/1303/4 1301/1304/4
f 1320/1305/5 1317/1306/5 1302/1307/5
f 1320/1305/5 1302/1307/5 1308/1308/5
s 1
f 1313/1309/7 1318/1310/7 1306/1311/7
s 0
f 1313/1309/7 1306/1311/7 1304/1312/7
f 1298/1313/8 1305/1314/8 1307/1315/8
f 1298/1313/8 1307/1315/8 1300/1316/8
f 1334/1317/1 1339/1318/1 1343/1319/1
f 1334/1317/1 1343/1319/1 1338/1320/1
f 1333/1321/2 1336/1322/2 1327/1323/2
f 1333/1321/2 1327/1323/2 1321/1324/2
f 1340/1325/4 1335/1326/4 1323/1327/4
s 1
f 1340/1325/4 1323/1327/4 1325/1328/4
f 1344/1329/5 1341/1330/5 1326/1331/5
s 0
f 1344/1329/5 1326/1331/5 1332/1332/5
f 1337/1333/7 1342/1334/7 1330/1335/7
f 1337/1333/7 1330/1335/7 1328/1336/7
f 1322/1337/8 1329/1338/8 1331/1339/8
f 1322/1337/8 1331/1339/8 1324/1340/8
f 1358/1341/1 1363/1342/1 1367/1343/1
f 1358/1341/1 1367/1343/1 1362/1344/1
f 1357/1345/2 1360/1346/2 1351/1347/2
f 1357/1345/2 1351/1347/2 1345/1348/2
f 1364/1349/4 1359/1350/4 1347/1351/4
f 1364/1349/4 1347/1351/4 1349/1352/4
f 1368/1353/5 1365/1354/5 1350/279/5
f 1368/1353/5 1350/279/5 1356/1355/5
f 1361/1356/7 1366/1357/7 1354/1358/7
f 1361/1356/7 1354/1358/7 1352/1359/7
f 1346/1360/8 1353/1361/8 1355/1362/8
f 1346/1360/8 1355/1362/8 1348/1363/8
f 1382/1364/1 1387/1365/1 1391/1366/1
f 1382/1364/1 1391/1366/1 1386/1367/1
f 1381/1368/2 1384/1369/2 1375/1370/2
s 1
f 1381/1368/2 1375/1370/2 1369/1371/2
s 0
f 1388/1372/9 1383/1373/9 1371/1374/9
f 1388/1372/4 1371/1374/4 1373/1338/4
f 1392/1375/5 1389/1376/5 1374/1377/5
f 1392/1375/5 1374/1377/5 1380/1378/5
f 1385/1379/7 1390/1380/7 1378/1381/7
f 1385/1379/7 1378/1381/7 1376/1382/7
f 1370/1383/8 1377/1384/8 1379/1385/8
f 1370/1383/8 1379/1385/8 1372/1386/8
f 1406/1387/1 1411/1388/1 1415/1389/1
f 1406/1387/1 1415/1389/1 1410/1390/1
f 1405/1391/2 1408/1392/2 1399/1393/2
f 1405/1391/2 1399/1393/2 1393/1394/2
s 1
f 1412/1395/4 1407/1396/4 1395/1397/4
f 1412/1395/4 1395/1397/4 1397/1398/4
s 0
f 1416/1399/5 1413/1400/5 1398/1401/5
f 1416/1399/5 1398/1401/5 1404/1402/5
f 1409/1403/6 1414/1404/6 1402/1405/6
f 1409/1403/6 1402/1405/6 1400/1406/6
f 1394/1407/8 1401/1408/8 1403/1409/8
f 1394/1407/8 1403/1409/8 1396/1410/8
f 1430/1411/1 1435/1412/1 1439/1413/1
f 1430/1411/1 1439/1413/1 1434/1414/1
f 1429/1415/2 1432/1416/2 1423/1417/2
f 1429/1415/2 1423/1417/2 1417/1418/2
f 1436/1419/4 1431/1420/4 1419/1421/4
f 1436/1419/9 1419/1421/9 1421/1422/9
f 1440/1423/5 1437/1424/5 1422/1425/5
f 1440/1423/5 1422/1425/5 1428/1426/5
f 1433/1427/7 1438/1428/7 1426/1429/7
f 1433/1427/7 1426/1429/7 1424/1430/7
s 1
f 1418/1431/8 1425/1432/8 1427/1433/8
s 0
f 1418/1431/8 1427/1433/8 1420/1434/8
f 1454/1435/1 1459/1436/1 1463/1437/1
f 1454/1435/1 1463/1437/1 1458/1438/1
f 1453/1439/2 1456/1440/2 1447/1441/2
f 1453/1439/2 1447/1441/2 1441/1442/2
f 1460/1443/4 1455/1444/4 1443/1445/4
f 1460/1443/4 1443/1445/4 1445/1446/4
s 1
f 1464/1447/5 1461/1448/5 1446/1449/5
s 0
f 1464/1447/5 1446/1449/5 1452/1450/5
f 1457/1451/7 1462/1452/7 1450/1453/7
f 1457/1451/7 1450/1453/7 1448/1454/7
f 1442/1455/8 1449/1456/8 1451/1457/8
f 1442/1455/8 1451/1457/8 1444/1458/8
f 1478/1459/1 1483/1460/1 1487/1461/1
f 1478/1459/1 1487/1461/1 1482/1462/1
f 1477/1463/2 1480/1464/2 1471/720/2
f 1477/1463/2 1471/720/2 1465/1465/2
f 1484/1466/4 1479/1467/4 1467/1468/4
f 1484/1466/9 1467/1468/9 1469/1469/9
f 1488/1470/5 1485/1471/5 1470/1472/5
f 1488/1470/5 1470/1472/5 1476/1473/5
f 1481/1474/7 1486/1475/7 1474/1476/7
f 1481/1474/6 1474/1476/6 1472/1477/6
f 1466/1478/8 1473/1479/8 1475/285/8
f 1466/1478/8 1475/285/8 1468/284/8
f 1502/1480/1 1507/1481/1 1511/1482/1
f 1502/1480/1 1511/1482/1 1506/1483/1
f 1501/1484/2 1504/1485/2 1495/1486/2
s 1
f 1501/1484/2 1495/1486/2 1489/1487/2
s 0
f 1508/1488/4 1503/1489/4 1491/1490/4
f 1508/1488/3 1491/1490/3 1493/1491/3
f 1512/1492/5 1509/1493/5 1494/1494/5
s 1
f 1512/1492/5 1494/1494/5 1500/1495/5
s 0
f 1505/1496/7 1510/1497/7 1498/1498/7
f 1505/1496/6 1498/1498/6 1496/1499/6
f 1490/1500/8 1497/1501/8 1499/1502/8
f 1490/1500/8 1499/1502/8 1492/1503/8
f 1526/1504/1 1531/1505/1 1535/1506/1
f 1526/1504/1 1535/1506/1 1530/1507/1
f 1525/1508/2 1528/1509/2 1519/1510/2
f 1525/1508/2 1519/1510/2 1513/1511/2
f 1532/1512/4 1527/1513/4 1515/1514/4
f 1532/1512/3 1515/1514/3 1517/1515/3
s 1
f 1536/1516/5 1533/1517/5 1518/1518/5
s 0
f 1536/1516/5 1518/1518/5 1524/1519/5
f 1529/1520/7 1534/1521/7 1522/1522/7
f 1529/1520/7 1522/1522/7 1520/1523/7
f 1514/1524/8 1521/1525/8 1523/1526/8
f 1514/1524/8 1523/1526/8 1516/1527/8
f 1550/1528/1 1555/1529/1 1559/1530/1
f 1550/1528/1 1559/1530/1 1554/1531/1
f 1549/1532/2 1552/1533/2 1543/1534/2
f 1549/1532/2 1543/1534/2 1537/1535/2
f 1556/1536/4 1551/1537/4 1539/1538/4
f 1556/1536/4 1539/1538/4 1541/1539/4
f 1560/1540/12 1557/1541/12 1542/1542/12
f 1560/1540/5 1542/1542/5 1548/1543/5
s 1
f 1553/1544/7 1558/1545/7 1546/1546/7
f 1553/1544/7 1546/1546/7 1544/1547/7
s 0
f 1538/1548/8 1545/1549/8 1547/1550/8
f 1538/1548/8 1547/1550/8 1540/1551/8
f 1574/1552/1 1579/1553/1 1583/1554/1
f 1574/1552/1 1583/1554/1 1578/1555/1
f 1573/1556/2 1576/1557/2 1567/1558/2
f 1573/1556/2 1567/1558/2 1561/1559/2
s 1
f 1580/1560/9 1575/1561/9 1563/1562/9
f 1580/1560/9 1563/1562/9 1565/1563/9
s 0
f 1584/1564/5 1581/1565/5 1566/1566/5
f 1584/1564/5 1566/1566/5 1572/1567/5
f 1577/1568/7 1582/1569/7 1570/1570/7
f 1577/1568/6 1570/1570/6 1568/1571/6
f 1562/1572/8 1569/1524/8 1571/1527/8
f 1562/1572/8 1571/1527/8 1564/1573/8
f 1598/1574/1 1603/1575/1 1607/1576/1
f 1598/1574/1 1607/1576/1 1602/1577/1
f 1597/1578/2 1600/1579/2 1591/1580/2
f 1597/1578/2 1591/1580/2 1585/1581/2
f 1604/1582/3 1599/1583/3 1587/1584/3
f 1604/1582/4 1587/1584/4 1589/1585/4
f 1608/1586/5 1605/1587/5 1590/1588/5
f 1608/1586/5 1590/1588/5 1596/278/5
f 1601/1589/7 1606/1590/7 1594/1591/7
f 1601/1589/7 1594/1591/7 1592/1592/7
f 1586/1593/8 1593/1594/8 1595/1595/8
f 1586/1593/8 1595/1595/8 1588/1596/8
f 1622/1597/1 1627/1598/1 1631/1599/1
f 1622/1597/1 1631/1599/1 1626/1600/1
f 1621/1601/2 1624/1602/2 1615/1603/2
f 1621/1601/2 1615/1603/2 1609/1604/2
f 1628/1605/4 1623/1606/4 1611/1607/4
f 1628/1605/9 1611/1607/9 1613/1608/9
f 1632/1609/5 1629/1610/5 1614/1611/5
f 1632/1609/5 1614/1611/5 1620/1612/5
f 1625/1613/7 1630/1614/7 1618/1615/7
f 1625/1613/6 1618/1615/6 1616/1616/6
f 1610/1617/8 1617/1618/8 1619/1195/8
f 1610/1617/8 1619/1195/8 1612/1619/8
f 1646/1620/1 1651/1621/1 1655/1622/1
f 1646/1620/1 1655/1622/1 1650/1623/1
f 1645/1624/2 1648/1625/2 1639/1205/2
f 1645/1624/2 1639/1205/2 1633/1626/2
f 1652/1627/4 1647/1628/4 1635/1629/4
s 1
f 1652/1627/4 1635/1629/4 1637/1630/4
s 0
f 1656/1631/5 1653/1632/5 1638/1633/5
f 1656/1631/5 1638/1633/5 1644/1634/5
f 1649/1635/7 1654/1636/7 1642/1637/7
f 1649/1635/7 1642/1637/7 1640/1638/7
f 1634/1639/8 1641/1640/8 1643/1641/8
f 1634/1639/8 1643/1641/8 1636/1642/8
s 1
f 1670/1643/1 1675/1644/1 1679/1645/1
f 1670/1643/1 1679/1645/1 1674/1646/1
s 0
f 1669/1647/2 1672/1648/2 1663/1649/2
f 1669/1647/2 1663/1649/2 1657/1650/2
f 1676/1651/3 1671/1652/3 1659/1653/3
f 1676/1651/4 1659/1653/4 1661/1654/4
f 1680/1655/5 1677/1656/5 1662/1657/5
f 1680/1655/5 1662/1657/5 1668/1658/5
f 1673/1659/7 1678/1660/7 1666/1661/7
f 1673/1659/7 1666/1661/7 1664/1662/7
f 1658/1663/8 1665/1664/8 1667/1665/8
f 1658/1663/8 1667/1665/8 1660/1666/8
f 1694/1667/1 1699/1668/1 1703/1669/1
f 1694/1667/1 1703/1669/1 1698/1670/1
f 1693/1671/2 1696/1672/2 1687/1673/2
f 1693/1671/2 1687/1673/2 1681/1674/2
f 1700/1675/4 1695/1676/4 1683/1677/4
f 1700/1675/10 1683/1677/10 1685/1678/10
f 1704/1679/5 1701/1680/5 1686/1681/5
f 1704/1679/5 1686/1681/5 1692/1682/5
f 1697/1683/7 1702/1684/7 1690/1685/7
f 1697/1683/7 1690/1685/7 1688/1686/7
f 1682/1687/8 1689/1688/8 1691/1689/8
f 1682/1687/8 1691/1689/8 1684/1690/8
f 1718/1691/1 1723/1692/1 1727/1693/1
f 1718/1691/1 1727/1693/1 1722/1694/1
f 1717/1695/2 1720/1696/2 1711/1697/2
f 1717/1695/2 1711/1697/2 1705/1698/2
f 1724/1699/4 1719/1700/4 1707/1701/4
f 1724/1699/4 1707/1701/4 1709/1702/4
f 1728/1703/5 1725/1704/5 1710/1705/5
f 1728/1703/5 1710/1705/5 1716/1706/5
f 1721/1707/6 1726/1708/6 1714/1709/6
f 1721/1707/7 1714/1709/7 1712/1710/7
f 1706/1711/8 1713/1712/8 1715/1713/8
f 1706/1711/8 1715/1713/8 1708/1714/8
f 1742/1715/1 1747/1716/1 1751/1717/1
f 1742/1715/1 1751/1717/1 1746/1718/1
f 1741/1719/2 1744/1720/2 1735/1721/2
f 1741/1719/2 1735/1721/2 1729/1722/2
f 1748/1723/4 1743/1724/4 1731/1725/4
f 1748/1723/9 1731/1725/9 1733/1726/9
s 1
f 1752/1727/5 1749/1728/5 1734/1729/5
s 0
f 1752/1727/5 1734/1729/5 1740/1730/5
f 1745/1731/7 1750/1732/7 1738/1733/7
f 1745/1731/7 1738/1733/7 1736/1734/7
f 1730/1735/8 1737/1736/8 1739/1737/8
f 1730/1735/8 1739/1737/8 1732/1738/8
f 1766/1739/1 1771/1740/1 1775/1741/1
f 1766/1739/1 1775/1741/1 1770/1742/1
f 1765/1743/2 1768/1744/2 1759/1745/2
f 1765/1743/2 1759/1745/2 1753/1746/2
s 1
f 1772/1747/4 1767/1748/4 1755/1749/4
f 1772/1747/4 1755/1749/4 1757/1750/4
s 0
f 1776/1751/5 1773/1752/5 1758/1753/5
f 1776/1751/5 1758/1753/5 1764/1754/5
f 1769/1755/6 1774/1756/6 1762/1757/6
f 1769/1755/7 1762/1757/7 1760/1758/7
f 1754/1759/8 1761/1760/8 1763/1761/8
f 1754/1759/8 1763/1761/8 1756/1762/8
f 1790/1763/1 1795/1764/1 1799/1765/1
f 1790/1763/1 1799/1765/1 1794/1766/1
f 1789/1767/2 1792/1768/2 1783/1769/2
f 1789/1767/2 1783/1769/2 1777/1770/2
f 1796/1771/4 1791/1772/4 1779/1773/4
f 1796/1771/4 1779/1773/4 1781/1774/4
f 1800/1775/5 1797/1776/5 1782/1777/5
f 1800/1775/5 1782/1777/5 1788/1778/5
f 1793/1779/7 1798/1780/7 1786/1781/7
f 1793/1779/7 1786/1781/7 1784/1782/7
f 1778/1783/8 1785/1784/8 1787/1785/8
f 1778/1783/8 1787/1785/8 1780/1786/8
f 1814/1787/1 1819/1788/1 1823/1789/1
f 1814/1787/1 1823/1789/1 1818/1790/1
f 1813/1791/2 1816/1792/2 1807/1793/2
f 1813/1791/2 1807/1793/2 1801/1794/2
f 1820/1795/9 1815/1796/9 1803/1797/9
f 1820/1795/3 1803/1797/3 1805/1798/3
f 1824/1799/5 1821/1800/5 1806/1801/5
f 1824/1799/5 1806/1801/5 1812/1802/5
s 1
f 1817/1803/7 1822/1804/7 1810/1805/7
f 1817/1803/7 1810/1805/7 1808/1806/7
s 0
f 1802/1807/8 1809/1808/8 1811/1809/8
f 1802/1807/8 1811/1809/8 1804/1810/8
f 1838/1811/1 1843/1812/1 1847/1813/1
f 1838/1811/1 1847/1813/1 1842/1814/1
f 1837/1815/2 1840/1816/2 1831/1817/2
f 1837/1815/2 1831/1817/2 1825/1818/2
s 1
f 1844/1819/9 1839/1820/9 1827/1821/9
s 0
f 1844/1819/4 1827/1821/4 1829/1822/4
f 1848/1823/5 1845/1824/5 1830/1825/5
f 1848/1823/5 1830/1825/5 1836/1826/5
f 1841/1827/7 1846/1828/7 1834/1829/7
f 1841/1827/7 1834/1829/7 1832/1830/7
f 1826/1831/8 1833/1832/8 1835/1833/8
f 1826/1831/8 1835/1833/8 1828/1834/8
f 1862/1835/1 1867/1836/1 1871/1837/1
f 1862/1835/1 1871/1837/1 1866/1838/1
f 1861/1839/2 1864/1840/2 1855/1841/2
f 1861/1839/2 1855/1841/2 1849/1842/2
f 1868/1843/9 1863/1844/9 1851/1845/9
f 1868/1843/4 1851/1845/4 1853/1846/4
s 1
f 1872/1847/5 1869/1848/5 1854/1849/5
s 0
f 1872/1847/5 1854/1849/5 1860/1850/5
f 1865/1851/7 1870/1852/7 1858/1853/7
f 1865/1851/7 1858/1853/7 1856/1854/7
f 1850/1855/8 1857/1856/8 1859/1857/8
f 1850/1855/8 1859/1857/8 1852/1858/8
f 1886/1859/1 1891/1860/1 1895/1861/1
f 1886/1859/1 1895/1861/1 1890/1862/1
f 1885/1863/2 1888/1864/2 1879/1865/2
f 1885/1863/2 1879/1865/2 1873/1866/2
s 1
f 1892/1867/4 1887/1868/4 1875/1869/4
s 0
f 1892/1867/3 1875/1869/3 1877/1870/3
f 1896/1871/5 1893/1872/5 1878/1873/5
f 1896/1871/5 1878/1873/5 1884/1874/5
f 1889/1875/7 1894/1876/7 1882/1877/7
s 1
f 1889/1875/7 1882/1877/7 1880/1878/7
s 0
f 1874/1879/8 1881/1880/8 1883/1881/8
f 1874/1879/8 1883/1881/8 1876/1882/8
f 1910/1883/1 1915/1884/1 1919/1885/1
f 1910/1883/1 1919/1885/1 1914/1886/1
f 1909/1887/2 1912/1888/2 1903/1889/2
f 1909/1887/2 1903/1889/2 1897/1890/2
s 1
f 1916/1891/3 1911/1892/3 1899/1893/3
s 0
f 1916/1891/4 1899/1893/4 1901/1894/4
f 1920/1895/5 1917/1896/5 1902/1897/5
s 1
f 1920/1895/5 1902/1897/5 1908/1898/5
s 0
f 1913/1899/7 1918/1900/7 1906/1901/7
f 1913/1899/7 1906/1901/7 1904/1902/7
f 1898/1903/8 1905/1904/8 1907/1905/8
f 1898/1903/8 1907/1905/8 1900/1906/8
f 1934/1907/1 1939/1908/1 1943/1909/1
f 1934/1907/1 1943/1909/1 1938/1910/1
f 1933/1911/2 1936/1912/2 1927/1913/2
f 1933/1911/2 1927/1913/2 1921/1914/2
f 1940/1915/3 1935/1916/3 1923/1917/3
f 1940/1915/4 1923/1917/4 1925/1918/4
f 1944/1919/5 1941/1920/5 1926/1921/5
f 1944/1919/5 1926/1921/5 1932/1922/5
f 1937/1923/7 1942/1924/7 1930/1925/7
f 1937/1923/7 1930/1925/7 1928/1926/7
f 1922/1927/8 1929/1928/8 1931/1929/8
f 1922/1927/8 1931/1929/8 1924/1930/8
s 1
f 1958/1931/1 1963/1932/1 1967/1933/1
s 0
f 1958/1931/1 1967/1933/1 1962/1934/1
f 1957/1935/2 1960/1936/2 1951/1937/2
f 1957/1935/2 1951/1937/2 1945/1938/2
f 1964/1939/3 1959/1940/3 1947/1941/3
s 1
f 1964/1939/4 1947/1941/4 1949/1942/4
s 0
f 1968/1943/5 1965/1944/5 1950/1945/5
f 1968/1943/5 1950/1945/5 1956/1946/5
f 1961/1947/7 1966/1948/7 1954/1949/7
f 1961/1947/6 1954/1949/6 1952/1950/6
f 1946/1951/8 1953/1952/8 1955/1953/8
f 1946/1951/8 1955/1953/8 1948/1954/8
f 1982/1955/1 1987/1956/1 1991/1957/1
f 1982/1955/1 1991/1957/1 1986/1958/1
f 1981/1959/2 1984/1960/2 1975/1961/2
f 1981/1959/2 1975/1961/2 1969/1962/2
s 1
f 1988/1963/4 1983/1964/4 1971/1965/4
s 0
f 1988/1963/4 1971/1965/4 1973/1966/4
f 1992/1967/5 1989/1968/5 1974/1969/5
f 1992/1967/5 1974/1969/5 1980/1970/5
f 1985/1971/6 1990/1972/6 1978/1973/6
f 1985/1971/7 1978/1973/7 1976/1974/7
s 1
f 1970/1975/8 1977/1976/8 1979/1977/8
f 1970/1975/8 1979/1977/8 1972/1978/8
s 0
f 2006/1979/1 2011/1980/1 2015/1981/1
f 2006/1979/1 2015/1981/1 2010/1982/1
f 2005/1983/2 2008/1984/2 1999/1985/2
f 2005/1983/2 1999/1985/2 1993/1986/2
f 2012/1987/4 2007/1988/4 1995/1989/4
f 2012/1987/4 1995/1989/4 1997/1990/4
f 2016/1991/5 2013/1992/5 1998/1993/5
f 2016/1991/5 1998/1993/5 2004/1994/5
f 2009/1995/6 2014/1996/6 2002/1997/6
f 2009/1995/7 2002/1997/7 2000/1998/7
f 1994/1999/8 2001/2000/8 2003/2001/8
f 1994/1999/8 2003/2001/8 1996/2002/8
f 2030/2003/1 2035/2004/1 2039/2005/1
f 2030/2003/1 2039/2005/1 2034/2006/1
f 2029/2007/2 2032/2008/2 2023/2009/2
f 2029/2007/2 2023/2009/2 2017/2010/2
f 2036/2011/3 2031/2012/3 2019/2013/3
f 2036/2011/4 2019/2013/4 2021/2014/4
f 2040/2015/5 2037/2016/5 2022/2017/5
f 2040/2015/5 2022/2017/5 2028/2018/5
f 2033/2019/7 2038/2020/7 2026/2021/7
f 2033/2019/7 2026/2021/7 2024/2022/7
f 2018/2023/8 2025/2024/8 2027/2025/8
f 2018/2023/8 2027/2025/8 2020/2026/8
f 2054/2027/1 2059/2028/1 2063/2029/1
f 2054/2027/1 2063/2029/1 2058/2030/1
f 2053/2031/2 2056/2032/2 2047/2033/2
f 2053/2031/2 2047/2033/2 2041/2034/2
f 2060/2035/4 2055/2036/4 2043/2037/4
f 2060/2035/4 2043/2037/4 2045/2038/4
f 2064/2039/5 2061/2040/5 2046/2041/5
f 2064/2039/5 2046/2041/5 2052/2042/5
s 1
f 2057/2043/6 2062/2044/6 2050/2045/6
s 0
f 2057/2043/6 2050/2045/6 2048/2046/6
f 2042/2047/8 2049/2048/8 2051/2049/8
f 2042/2047/8 2051/2049/8 2044/1339/8
f 2078/2050/1 2083/2051/1 2087/2052/1
f 2078/2050/1 2087/2052/1 2082/2053/1
f 2077/2054/2 2080/2055/2 2071/2056/2
s 1
f 2077/2054/11 2071/2056/11 2065/2057/11
f 2084/2058/3 2079/2059/3 2067/2060/3
s 0
f 2084/2058/4 2067/2060/4 2069/2061/4
f 2088/2062/5 2085/2063/5 2070/2064/5
f 2088/2062/5 2070/2064/5 2076/2065/5
f 2081/2066/7 2086/2067/7 2074/2068/7
f 2081/2066/7 2074/2068/7 2072/2069/7
f 2066/2070/8 2073/2071/8 2075/2072/8
f 2066/2070/8 2075/2072/8 2068/2073/8
f 2102/2074/1 2107/2075/1 2111/2076/1
f 2102/2074/1 2111/2076/1 2106/2077/1
f 2101/2078/2 2104/2079/2 2095/2080/2
f 2101/2078/2 2095/2080/2 2089/2081/2
f 2108/2082/4 2103/2083/4 2091/2084/4
f 2108/2082/9 2091/2084/9 2093/2085/9
f 2112/2086/5 2109/2087/5 2094/2088/5
f 2112/2086/5 2094/2088/5 2100/2089/5
f 2105/2090/7 2110/2091/7 2098/2092/7
f 2105/2090/7 2098/2092/7 2096/2093/7
f 2090/2094/8 2097/2095/8 2099/2096/8
f 2090/2094/8 2099/2096/8 2092/2097/8
f 2126/2098/1 2131/2099/1 2135/2100/1
f 2126/2098/1 2135/2100/1 2130/2101/1
f 2125/2102/2 2128/2103/2 2119/2104/2
f 2125/2102/2 2119/2104/2 2113/2105/2
f 2132/2106/4 2127/2107/4 2115/2108/4
f 2132/2106/4 2115/2108/4 2117/2109/4
f 2136/2110/5 2133/2111/5 2118/1567/5
f 2136/2110/5 2118/1567/5 2124/2112/5
f 2129/2113/7 2134/2114/7 2122/2115/7
f 2129/2113/6 2122/2115/6 2120/2116/6
f 2114/2117/8 2121/2118/8 2123/2119/8
f 2114/2117/8 2123/2119/8 2116/2120/8
f 2150/2121/1 2155/2122/1 2159/2123/1
f 2150/2121/1 2159/2123/1 2154/2124/1
s 1
f 2149/2125/2 2152/2126/2 2143/2127/2
s 0
f 2149/2125/2 2143/2127/2 2137/2128/2
f 2156/2129/9 2151/2130/9 2139/2131/9
f 2156/2129/3 2139/2131/3 2141/2132/3
f 2160/2133/5 2157/2134/5 2142/2135/5
f 2160/2133/5 2142/2135/5 2148/2136/5
f 2153/2137/7 2158/2138/7 2146/2139/7
f 2153/2137/7 2146/2139/7 2144/2140/7
f 2138/2141/8 2145/2142/8 2147/2143/8
f 2138/2141/8 2147/2143/8 2140/2144/8
f 2174/2145/1 2179/2146/1 2183/2147/1
f 2174/2145/1 2183/2147/1 2178/2148/1
f 2173/2149/2 2176/2150/2 2167/2151/2
s 1
f 2173/2149/2 2167/2151/2 2161/2152/2
s 0
f 2180/2153/4 2175/2154/4 2163/2155/4
f 2180/2153/3 2163/2155/3 2165/2156/3
f 2184/2157/5 2181/2158/5 2166/2159/5
f 2184/2157/5 2166/2159/5 2172/2160/5
f 2177/2161/7 2182/2162/7 2170/2163/7
f 2177/2161/7 2170/2163/7 2168/2164/7
f 2162/2165/8 2169/2166/8 2171/2167/8
f 2162/2165/8 2171/2167/8 2164/2168/8
f 2198/2169/1 2203/2170/1 2207/2171/1
f 2198/2169/1 2207/2171/1 2202/2172/1
s 1
f 2197/2173/2 2200/2174/2 2191/2175/2
s 0
f 2197/2173/2 2191/2175/2 2185/2176/2
f 2204/2177/10 2199/2178/10 2187/2179/10
f 2204/2177/3 2187/2179/3 2189/2180/3
f 2208/2181/5 2205/2182/5 2190/2183/5
f 2208/2181/5 2190/2183/5 2196/2184/5
f 2201/2185/6 2206/2186/6 2194/2187/6
f 2201/2185/7 2194/2187/7 2192/2188/7
f 2186/2189/8 2193/2190/8 2195/2191/8
f 2186/2189/8 2195/2191/8 2188/650/8
f 2222/2192/1 2227/2193/1 2231/2194/1
f 2222/2192/1 2231/2194/1 2226/2195/1
f 2221/2196/2 2224/2197/2 2215/2198/2
f 2221/2196/2 2215/2198/2 2209/2199/2
f 2228/2200/9 2223/2201/9 2211/2202/9
f 2228/2200/3 2211/2202/3 2213/2203/3
s 1
f 2232/2204/5 2229/2205/5 2214/2206/5
s 0
f 2232/2204/5 2214/2206/5 2220/2207/5
f 2225/2208/6 2230/2209/6 2218/2210/6
f 2225/2208/7 2218/2210/7 2216/2211/7
f 2210/2212/8 2217/2213/8 2219/2214/8
f 2210/2212/8 2219/2214/8 2212/2215/8
f 2246/2216/1 2251/2217/1 2255/2218/1
f 2246/2216/1 2255/2218/1 2250/2219/1
f 2245/2220/2 2248/2221/2 2239/2222/2
f 2245/2220/2 2239/2222/2 2233/2223/2
f 2252/2224/9 2247/2225/9 2235/2226/9
f 2252/2224/3 2235/2226/3 2237/2227/3
f 2256/2228/5 2253/2229/5 2238/2230/5
f 2256/2228/5 2238/2230/5 2244/2231/5
f 2249/2232/7 2254/2233/7 2242/2234/7
f 2249/2232/7 2242/2234/7 2240/2235/7
f 2234/2236/8 2241/2237/8 2243/2238/8
f 2234/2236/8 2243/2238/8 2236/2239/8
f 2270/2240/1 2275/2241/1 2279/2242/1
f 2270/2240/1 2279/2242/1 2274/2243/1
f 2269/2244/2 2272/2245/2 2263/2246/2
s 1
f 2269/2244/2 2263/2246/2 2257/2247/2
s 0
f 2276/2248/10 2271/2249/10 2259/2250/10
f 2276/2248/3 2259/2250/3 2261/2251/3
f 2280/2252/5 2277/2253/5 2262/2254/5
f 2280/2252/5 2262/2254/5 2268/2255/5
s 1
f 2273/2256/6 2278/2257/6 2266/2258/6
s 0
f 2273/2256/7 2266/2258/7 2264/2259/7
f 2258/2260/8 2265/2261/8 2267/2262/8
f 2258/2260/8 2267/2262/8 2260/2263/8
s 1
f 2294/2264/1 2299/2265/1 2303/2266/1
s 0
f 2294/2264/1 2303/2266/1 2298/2267/1
f 2293/2268/2 2296/2269/2 2287/2270/2
f 2293/2268/2 2287/2270/2 2281/2104/2
f 2300/2271/4 2295/2272/4 2283/2273/4
f 2300/2271/10 2283/2273/10 2285/2274/10
f 2304/2275/5 2301/2276/5 2286/2277/5
f 2304/2275/5 2286/2277/5 2292/2278/5
f 2297/2279/6 2302/2280/6 2290/2281/6
f 2297/2279/7 2290/2281/7 2288/2282/7
f 2282/2283/8 2289/2284/8 2291/1690/8
f 2282/2283/8 2291/1690/8 2284/2285/8
f 2318/2286/1 2323/2287/1 2327/2288/1
f 2318/2286/1 2327/2288/1 2322/2289/1
f 2317/2290/2 2320/2291/2 2311/2292/2
f 2317/2290/2 2311/2292/2 2305/2293/2
f 2324/2294/4 2319/2295/4 2307/2296/4
f 2324/2294/3 2307/2296/3 2309/2297/3
f 2328/2298/5 2325/2299/5 2310/2300/5
s 1
f 2328/2298/5 2310/2300/5 2316/2301/5
s 0
f 2321/2302/7 2326/2303/7 2314/2304/7
f 2321/2302/6 2314/2304/6 2312/2305/6
f 2306/2306/8 2313/2307/8 2315/1549/8
f 2306/2306/8 2315/1549/8 2308/2308/8
f 2342/2309/1 2347/2310/1 2351/2311/1
f 2342/2309/1 2351/2311/1 2346/2312/1
f 2341/2313/2 2344/2314/2 2335/2315/2
f 2341/2313/2 2335/2315/2 2329/2316/2
f 2348/2317/3 2343/2318/3 2331/2319/3
f 2348/2317/3 2331/2319/3 2333/2320/3
f 2352/2321/5 2349/2322/5 2334/2323/5
f 2352/2321/5 2334/2323/5 2340/2324/5
s 1
f 2345/2325/7 2350/2326/7 2338/2327/7
s 0
f 2345/2325/6 2338/2327/6 2336/2328/6
f 2330/2329/8 2337/1221/8 2339/2330/8
f 2330/2329/8 2339/2330/8 2332/2331/8
f 2366/2332/1 2371/2333/1 2375/2334/1
f 2366/2332/1 2375/2334/1 2370/2335/1
f 2365/2336/2 2368/2337/2 2359/2338/2
f 2365/2336/2 2359/2338/2 2353/2339/2
f 2372/2340/10 2367/2341/10 2355/2342/10
f 2372/2340/4 2355/2342/4 2357/2343/4
f 2376/2344/5 2373/2345/5 2358/2346/5
f 2376/2344/5 2358/2346/5 2364/2347/5
f 2369/2348/6 2374/2349/6 2362/2350/6
f 2369/2348/7 2362/2350/7 2360/2351/7
f 2354/2352/8 2361/2353/8 2363/2354/8
f 2354/2352/8 2363/2354/8 2356/2355/8
f 2390/2356/1 2395/2357/1 2399/2358/1
f 2390/2356/1 2399/2358/1 2394/2359/1
s 1
f 2389/2360/2 2392/2361/2 2383/2362/2
f 2389/2360/2 2383/2362/2 2377/2363/2
s 0
f 2396/2364/4 2391/2365/4 2379/2366/4
f 2396/2364/10 2379/2366/10 2381/2367/10
f 2400/2368/12 2397/2369/12 2382/2370/12
f 2400/2368/5 2382/2370/5 2388/710/5
f 2393/2371/7 2398/2372/7 2386/2373/7
f 2393/2371/7 2386/2373/7 2384/2374/7
f 2378/2375/8 2385/2376/8 2387/2377/8
f 2378/2375/8 2387/2377/8 2380/2378/8
f 2414/2379/1 2419/2380/1 2423/2381/1
f 2414/2379/1 2423/2381/1 2418/2382/1
f 2413/2383/31 2416/2384/31 2407/2385/31
f 2413/2383/31 2407/2385/31 2401/2386/31
f 2420/2387/9 2415/2388/9 2403/2389/9
f 2420/2387/3 2403/2389/3 2405/2390/3
f 2424/2391/32 2421/2392/32 2406/2393/32
s 1
f 2424/2391/33 2406/2393/33 2412/2394/33
s 0
f 2417/2395/7 2422/2396/7 2410/2397/7
f 2417/2395/6 2410/2397/6 2408/2398/6
f 2402/2399/8 2409/2400/8 2411/2401/8
f 2402/2399/8 2411/2401/8 2404/2402/8
f 2438/2403/1 2443/2404/1 2447/2405/1
f 2438/2403/1 2447/2405/1 2442/2406/1
f 2437/2407/31 2440/2408/31 2431/2409/31
f 2437/2407/31 2431/2409/31 2425/2410/31
f 2444/2411/9 2439/2412/9 2427/2413/9
f 2444/2411/4 2427/2413/4 2429/2414/4
f 2448/2415/32 2445/2416/32 2430/2417/32
f 2448/2415/33 2430/2417/33 2436/2418/33
f 2441/2419/7 2446/2420/7 2434/2421/7
f 2441/2419/7 2434/2421/7 2432/2422/7
f 2426/2423/8 2433/2424/8 2435/2425/8
f 2426/2423/8 2435/2425/8 2428/2426/8
f 2463/2427/1 2468/2428/1 2470/2429/1
f 2463/2427/1 2470/2429/1 2465/2430/1
f 2462/2431/34 2464/2432/34 2455/2433/34
f 2462/2431/34 2455/2433/34 2450/2434/34
f 2467/2435/2 2461/2436/2 2449/2437/2
f 2467/2435/2 2449/2437/2 2452/2438/2
f 2471/2439/35 2469/2440/35 2454/2441/35
f 2471/2439/35 2454/2441/35 2459/2442/35
f 2466/2443/5 2472/2444/5 2460/2445/5
f 2466/2443/5 2460/2445/5 2457/2446/5
f 2451/2447/8 2456/2448/8 2458/2449/8
f 2451/2447/8 2458/2449/8 2453/2450/8
f 2474/2451/1 2483/2452/1 2479/2453/1
f 2474/2451/1 2478/2454/1 2483/2452/1
f 2494/2455/36 2510/2456/36 2498/2457/36
f 2494/2455/36 2507/2458/36 2510/2456/36
f 2476/2459/36 2497/2460/36 2482/2461/36
f 2476/2459/36 2493/2462/36 2497/2460/36
f 2481/2463/37 2492/2464/37 2475/2465/37
f 2481/2463/37 2488/2466/37 2492/2464/37
f 2484/2467/38 2485/2468/38 2480/2469/38
f 2484/2467/38 2499/2470/38 2485/2468/38
f 2473/2471/39 2495/2472/39 2477/2473/39
f 2473/2471/40 2489/2474/40 2495/2472/40
f 2505/2475/8 2511/2476/8 2509/2477/8
f 2505/2475/8 2501/2478/8 2511/2476/8
f 2487/2479/37 2506/2480/37 2491/2481/37
f 2487/2479/37 2503/2482/37 2506/2480/37
f 2500/2483/38 2502/2484/38 2486/2485/38
f 2500/2483/38 2512/2486/38 2502/2484/38
f 2490/2487/39 2508/2488/39 2496/2489/39
f 2490/2487/40 2504/2490/40 2508/2488/40
f 2526/2491/1 2531/2492/1 2535/2493/1
f 2526/2491/1 2535/2493/1 2530/2494/1
f 2525/2495/2 2528/2496/2 2519/2497/2
s 1
f 2525/2495/2 2519/2497/2 2513/2498/2
s 0
f 2532/2499/4 2527/2500/4 2515/2501/4
f 2532/2499/9 2515/2501/9 2517/2502/9
f 2536/2503/5 2533/2504/5 2518/2505/5
f 2536/2503/5 2518/2505/5 2524/2506/5
f 2529/2507/7 2534/2508/7 2522/2509/7
f 2529/2507/7 2522/2509/7 2520/2510/7
f 2514/2511/8 2521/2512/8 2523/2513/8
f 2514/2511/8 2523/2513/8 2516/2514/8
f 2550/2515/1 2555/2516/1 2559/2517/1
f 2550/2515/1 2559/2517/1 2554/2518/1
f 2549/2519/2 2552/2520/2 2543/2521/2
f 2549/2519/2 2543/2521/2 2537/2522/2
f 2556/2523/9 2551/2524/9 2539/2525/9
f 2556/2523/9 2539/2525/9 2541/2526/9
f 2560/2527/5 2557/2528/5 2542/2529/5
f 2560/2527/5 2542/2529/5 2548/2530/5
s 1
f 2553/2531/7 2558/2532/7 2546/2533/7
s 0
f 2553/2531/6 2546/2533/6 2544/2534/6
f 2538/2535/8 2545/2536/8 2547/2537/8
f 2538/2535/8 2547/2537/8 2540/2538/8
f 2574/2539/1 2579/2540/1 2583/2541/1
f 2574/2539/1 2583/2541/1 2578/2542/1
s 1
f 2573/2543/2 2576/2544/2 2567/2545/2
s 0
f 2573/2543/2 2567/2545/2 2561/2546/2
f 2580/2547/4 2575/2548/4 2563/2549/4
f 2580/2547/9 2563/2549/9 2565/2550/9
f 2584/2551/5 2581/2552/5 2566/2553/5
f 2584/2551/5 2566/2553/5 2572/2554/5
f 2577/2555/7 2582/2556/7 2570/2557/7
f 2577/2555/7 2570/2557/7 2568/2558/7
f 2562/2559/8 2569/2560/8 2571/2561/8
f 2562/2559/8 2571/2561/8 2564/2562/8
f 2598/2563/1 2603/2564/1 2607/2565/1
f 2598/2563/1 2607/2565/1 2602/2566/1
f 2597/2567/2 2600/2568/2 2591/2569/2
f 2597/2567/2 2591/2569/2 2585/2570/2
f 2604/2571/4 2599/2572/4 2587/2573/4
f 2604/2571/4 2587/2573/4 2589/1976/4
f 2608/2574/5 2605/2575/5 2590/2576/5
f 2608/2574/5 2590/2576/5 2596/2577/5
f 2601/2578/7 2606/2579/7 2594/2580/7
f 2601/2578/7 2594/2580/7 2592/2581/7
f 2586/1315/8 2593/2561/8 2595/2582/8
f 2586/1315/8 2595/2582/8 2588/479/8
f 2622/2583/1 2627/2584/1 2631/2585/1
f 2622/2583/1 2631/2585/1 2626/2586/1
f 2621/2587/2 2624/2588/2 2615/2589/2
f 2621/2587/2 2615/2589/2 2609/2590/2
f 2628/2591/4 2623/2592/4 2611/2593/4
f 2628/2591/4 2611/2593/4 2613/2594/4
f 2632/2595/5 2629/2596/5 2614/2597/5
f 2632/2595/5 2614/2597/5 2620/2598/5
s 1
f 2625/2599/7 2630/2600/7 2618/2601/7
s 0
f 2625/2599/7 2618/2601/7 2616/2602/7
f 2610/2603/8 2617/2604/8 2619/2605/8
f 2610/2603/8 2619/2605/8 2612/2606/8
f 2646/2607/1 2651/2608/1 2655/2609/1
f 2646/2607/1 2655/2609/1 2650/2610/1
f 2645/2611/2 2648/2612/2 2639/2613/2
s 1
f 2645/2611/2 2639/2613/2 2633/2614/2
s 0
f 2652/2615/4 2647/2616/4 2635/2617/4
f 2652/2615/4 2635/2617/4 2637/2618/4
f 2656/2619/5 2653/2620/5 2638/2621/5
f 2656/2619/12 2638/2621/12 2644/2622/12
f 2649/2623/7 2654/2624/7 2642/2625/7
f 2649/2623/7 2642/2625/7 2640/2626/7
f 2634/2627/8 2641/2628/8 2643/2629/8
f 2634/2627/8 2643/2629/8 2636/2630/8
f 2670/2631/1 2675/2632/1 2679/2633/1
f 2670/2631/1 2679/2633/1 2674/2634/1
f 2669/2635/2 2672/2636/2 2663/2637/2
f 2669/2635/2 2663/2637/2 2657/2638/2
f 2676/2639/9 2671/2640/9 2659/2641/9
f 2676/2639/4 2659/2641/4 2661/2642/4
f 2680/2643/5 2677/2644/5 2662/2645/5
f 2680/2643/5 2662/2645/5 2668/2646/5
s 1
f 2673/2647/7 2678/2648/7 2666/2649/7
s 0
f 2673/2647/7 2666/2649/7 2664/2650/7
f 2658/2651/8 2665/2652/8 2667/2653/8
f 2658/2651/8 2667/2653/8 2660/2654/8
f 2694/2655/1 2699/2656/1 2703/2657/1
f 2694/2655/1 2703/2657/1 2698/2658/1
f 2693/2659/2 2696/2660/2 2687/2661/2
f 2693/2659/2 2687/2661/2 2681/2662/2
f 2700/2663/4 2695/2664/4 2683/2665/4
f 2700/2663/9 2683/2665/9 2685/2666/9
f 2704/2667/5 2701/2668/5 2686/2669/5
s 1
f 2704/2667/5 2686/2669/5 2692/2670/5
f 2697/2671/7 2702/2672/7 2690/2673/7
s 0
f 2697/2671/7 2690/2673/7 2688/2674/7
f 2682/767/8 2689/766/8 2691/2675/8
f 2682/767/8 2691/2675/8 2684/2676/8
f 2718/2677/1 2723/2678/1 2727/2679/1
f 2718/2677/1 2727/2679/1 2722/2680/1
f 2717/2681/2 2720/2682/2 2711/2683/2
f 2717/2681/2 2711/2683/2 2705/2684/2
f 2724/2685/4 2719/2686/4 2707/2687/4
f 2724/2685/4 2707/2687/4 2709/2688/4
f 2728/2689/5 2725/2690/5 2710/2691/5
f 2728/2689/5 2710/2691/5 2716/2692/5
f 2721/2693/7 2726/2694/7 2714/2695/7
f 2721/2693/7 2714/2695/7 2712/2696/7
f 2706/2697/8 2713/2698/8 2715/2699/8
f 2706/2697/8 2715/2699/8 2708/2700/8
f 2742/2701/1 2747/2702/1 2751/2703/1
f 2742/2701/1 2751/2703/1 2746/2704/1
f 2741/2705/2 2744/2706/2 2735/2707/2
f 2741/2705/2 2735/2707/2 2729/2708/2
f 2748/2709/9 2743/2710/9 2731/2711/9
f 2748/2709/4 2731/2711/4 2733/2712/4
f 2752/2713/5 2749/2714/5 2734/2554/5
f 2752/2713/5 2734/2554/5 2740/2715/5
f 2745/2716/7 2750/2717/7 2738/2718/7
f 2745/2716/7 2738/2718/7 2736/2719/7
f 2730/2720/8 2737/2721/8 2739/2722/8
f 2730/2720/8 2739/2722/8 2732/2723/8
f 2766/2724/1 2771/2725/1 2775/2726/1
f 2766/2724/1 2775/2726/1 2770/2727/1
f 2765/2728/2 2768/2729/2 2759/2730/2
f 2765/2728/2 2759/2730/2 2753/1204/2
f 2772/2731/4 2767/2732/4 2755/2733/4
f 2772/2731/9 2755/2733/9 2757/2734/9
f 2776/2735/5 2773/2736/5 2758/2737/5
s 1
f 2776/2735/5 2758/2737/5 2764/2738/5
s 0
f 2769/2739/7 2774/2740/7 2762/2741/7
f 2769/2739/7 2762/2741/7 2760/2742/7
f 2754/2743/8 2761/2744/8 2763/2745/8
f 2754/2743/8 2763/2745/8 2756/2746/8
f 2790/2747/1 2795/2748/1 2799/2749/1
f 2790/2747/1 2799/2749/1 2794/2750/1
f 2789/2751/2 2792/2752/2 2783/2753/2
s 1
f 2789/2751/2 2783/2753/2 2777/2754/2
s 0
f 2796/2755/4 2791/2756/4 2779/2757/4
f 2796/2755/4 2779/2757/4 2781/2758/4
f 2800/2759/5 2797/2760/5 2782/2761/5
f 2800/2759/5 2782/2761/5 2788/2762/5
f 2793/2763/7 2798/2764/7 2786/2765/7
f 2793/2763/7 2786/2765/7 2784/2766/7
f 2778/2767/8 2785/2768/8 2787/2769/8
f 2778/2767/8 2787/2769/8 2780/2770/8
f 2814/2771/1 2819/2772/1 2823/2773/1
f 2814/2771/1 2823/2773/1 2818/2774/1
f 2813/2775/2 2816/2776/2 2807/2777/2
f 2813/2775/2 2807/2777/2 2801/2778/2
f 2820/2779/4 2815/2780/4 2803/2781/4
f 2820/2779/4 2803/2781/4 2805/2782/4
f 2824/2783/12 2821/2784/12 2806/2785/12
f 2824/2783/5 2806/2785/5 2812/2786/5
f 2817/2787/7 2822/2788/7 2810/2789/7
f 2817/2787/7 2810/2789/7 2808/2790/7
f 2802/2791/8 2809/2792/8 2811/311/8
f 2802/2791/8 2811/311/8 2804/2793/8
f 2838/2794/1 2843/2795/1 2847/2796/1
f 2838/2794/1 2847/2796/1 2842/2797/1
f 2837/2798/2 2840/2799/2 2831/2800/2
f 2837/2798/2 2831/2800/2 2825/2801/2
f 2844/2802/9 2839/2803/9 2827/2804/9
f 2844/2802/9 2827/2804/9 2829/2805/9
f 2848/2806/5 2845/2807/5 2830/2808/5
f 2848/2806/5 2830/2808/5 2836/2809/5
s 1
f 2841/2810/7 2846/2811/7 2834/2812/7
s 0
f 2841/2810/7 2834/2812/7 2832/2813/7
f 2826/2814/8 2833/2815/8 2835/2816/8
f 2826/2814/8 2835/2816/8 2828/2817/8
f 2862/2818/1 2867/2819/1 2871/2820/1
f 2862/2818/1 2871/2820/1 2866/2821/1
f 2861/2822/2 2864/2823/2 2855/2824/2
f 2861/2822/2 2855/2824/2 2849/2825/2
f 2868/2826/13 2863/2827/13 2851/2828/13
f 2868/2826/13 2851/2828/13 2853/2829/13
f 2872/2830/5 2869/2831/5 2854/2832/5
f 2872/2830/5 2854/2832/5 2860/2833/5
s 1
f 2865/2834/15 2870/2835/15 2858/2836/15
s 0
f 2865/2834/14 2858/2836/14 2856/2837/14
f 2850/2838/8 2857/2839/8 2859/2840/8
f 2850/2838/8 2859/2840/8 2852/2841/8
f 2886/2842/1 2891/2843/1 2895/2844/1
f 2886/2842/1 2895/2844/1 2890/2845/1
s 1
f 2885/2846/2 2888/2847/2 2879/2848/2
s 0
f 2885/2846/2 2879/2848/2 2873/2849/2
s 1
f 2892/2850/18 2887/2851/18 2875/2852/18
f 2892/2850/18 2875/2852/18 2877/2853/18
s 0
f 2896/2854/5 2893/2855/5 2878/2856/5
f 2896/2854/5 2878/2856/5 2884/2857/5
f 2889/2858/17 2894/2859/17 2882/2860/17
f 2889/2858/17 2882/2860/17 2880/2861/17
f 2874/2862/8 2881/2863/8 2883/2864/8
f 2874/2862/8 2883/2864/8 2876/2865/8
f 2910/2866/1 2915/2867/1 2919/2868/1
f 2910/2866/1 2919/2868/1 2914/2869/1
f 2909/2870/2 2912/2871/2 2903/2872/2
f 2909/2870/2 2903/2872/2 2897/2873/2
f 2916/2874/16 2911/2875/16 2899/2876/16
f 2916/2874/16 2899/2876/16 2901/2877/16
f 2920/2878/5 2917/2879/5 2902/375/5
s 1
f 2920/2878/5 2902/375/5 2908/2880/5
s 0
f 2913/2881/17 2918/2882/17 2906/2883/17
f 2913/2881/17 2906/2883/17 2904/2884/17
f 2898/2885/8 2905/2886/8 2907/2887/8
f 2898/2885/8 2907/2887/8 2900/2888/8
f 2934/2889/1 2939/2890/1 2943/2891/1
f 2934/2889/1 2943/2891/1 2938/2892/1
f 2933/2893/2 2936/2894/2 2927/2895/2
f 2933/2893/2 2927/2895/2 2921/2896/2
f 2940/2897/16 2935/2898/16 2923/2899/16
f 2940/2897/18 2923/2899/18 2925/957/18
s 1
f 2944/2900/5 2941/2901/5 2926/2902/5
s 0
f 2944/2900/5 2926/2902/5 2932/2903/5
f 2937/2904/17 2942/2905/17 2930/2906/17
f 2937/2904/17 2930/2906/17 2928/2907/17
f 2922/2908/8 2929/2909/8 2931/2910/8
f 2922/2908/8 2931/2910/8 2924/2911/8
f 2958/2912/1 2963/2913/1 2967/2914/1
f 2958/2912/1 2967/2914/1 2962/2915/1
f 2957/2916/2 2960/2917/2 2951/2918/2
f 2957/2916/2 2951/2918/2 2945/2919/2
f 2964/2920/18 2959/2921/18 2947/2922/18
f 2964/2920/18 2947/2922/18 2949/2923/18
f 2968/2924/5 2965/2925/5 2950/2926/5
f 2968/2924/5 2950/2926/5 2956/2927/5
s 1
f 2961/2928/17 2966/2929/17 2954/2930/17
s 0
f 2961/2928/17 2954/2930/17 2952/2931/17
s 1
f 2946/2932/8 2953/2933/8 2955/2934/8
f 2946/2932/8 2955/2934/8 2948/2935/8
s 0
f 2982/2936/1 2987/2937/1 2991/2938/1
f 2982/2936/1 2991/2938/1 2986/2939/1
f 2981/2940/2 2984/2941/2 2975/2942/2
f 2981/2940/2 2975/2942/2 2969/2943/2
f 2988/2944/18 2983/2945/18 2971/2946/18
f 2988/2944/16 2971/2946/16 2973/2947/16
f 2992/2948/5 2989/2949/5 2974/2950/5
f 2992/2948/5 2974/2950/5 2980/2951/5
f 2985/2952/17 2990/2953/17 2978/2954/17
f 2985/2952/17 2978/2954/17 2976/2955/17
f 2970/2956/8 2977/358/8 2979/2957/8
f 2970/2956/8 2979/2957/8 2972/2958/8
f 3006/2959/1 3011/2960/1 3015/2961/1
f 3006/2959/1 3015/2961/1 3010/2962/1
f 3005/2963/2 3008/2964/2 2999/2283/2
f 3005/2963/2 2999/2283/2 2993/2965/2
f 3012/2966/18 3007/2967/18 2995/2968/18
f 3012/2966/16 2995/2968/16 2997/2969/16
f 3016/2970/5 3013/2971/5 2998/2972/5
f 3016/2970/5 2998/2972/5 3004/2973/5
f 3009/2974/17 3014/2975/17 3002/2976/17
f 3009/2974/17 3002/2976/17 3000/2977/17
f 2994/2978/8 3001/2979/8 3003/2980/8
f 2994/2978/8 3003/2980/8 2996/2981/8
f 3030/2982/1 3035/2983/1 3039/2378/1
f 3030/2982/1 3039/2378/1 3034/2984/1
f 3029/2985/2 3032/2986/2 3023/2987/2
f 3029/2985/2 3023/2987/2 3017/2988/2
f 3036/2989/19 3031/2990/19 3019/2991/19
f 3036/2989/19 3019/2991/19 3021/2992/19
s 1
f 3040/2993/5 3037/2994/5 3022/2995/5
f 3040/2993/5 3022/2995/5 3028/2996/5
s 0
f 3033/2997/41 3038/2998/41 3026/2999/41
f 3033/2997/42 3026/2999/42 3024/3000/42
f 3018/3001/8 3025/3002/8 3027/3003/8
f 3018/3001/8 3027/3003/8 3020/3004/8
f 3054/2765/1 3059/3005/1 3063/3006/1
f 3054/2765/1 3063/3006/1 3058/3007/1
f 3053/3008/2 3056/3009/2 3047/3010/2
f 3053/3008/2 3047/3010/2 3041/3011/2
f 3060/3012/19 3055/3013/19 3043/3014/19
f 3060/3012/19 3043/3014/19 3045/3015/19
s 1
f 3064/3016/5 3061/3017/5 3046/3018/5
f 3064/3016/5 3046/3018/5 3052/3019/5
s 0
f 3057/3020/41 3062/3021/41 3050/3022/41
f 3057/3020/20 3050/3022/20 3048/3023/20
f 3042/3024/8 3049/3025/8 3051/3026/8
f 3042/3024/8 3051/3026/8 3044/3027/8
f 3078/3028/1 3083/3029/1 3087/3030/1
f 3078/3028/1 3087/3030/1 3082/3031/1
f 3077/3032/2 3080/3033/2 3071/3034/2
f 3077/3032/2 3071/3034/2 3065/3035/2
f 3084/3036/21 3079/3037/21 3067/3038/21
f 3084/3036/21 3067/3038/21 3069/1264/21
f 3088/3039/5 3085/3040/5 3070/3041/5
f 3088/3039/5 3070/3041/5 3076/3042/5
f 3081/3043/22 3086/3044/22 3074/3045/22
f 3081/3043/22 3074/3045/22 3072/3046/22
f 3066/3047/8 3073/3048/8 3075/3049/8
f 3066/3047/8 3075/3049/8 3068/3050/8
f 3102/3051/1 3107/3052/1 3111/3053/1
f 3102/3051/1 3111/3053/1 3106/3054/1
f 3101/3055/2 3104/3056/2 3095/3057/2
f 3101/3055/2 3095/3057/2 3089/3058/2
f 3108/3059/23 3103/3060/23 3091/3061/23
f 3108/3059/23 3091/3061/23 3093/3062/23
f 3112/3063/5 3109/3064/5 3094/3065/5
f 3112/3063/5 3094/3065/5 3100/3066/5
f 3105/3067/24 3110/3068/24 3098/3069/24
f 3105/3067/24 3098/3069/24 3096/3070/24
f 3090/3071/8 3097/3072/8 3099/597/8
f 3090/3071/8 3099/597/8 3092/596/8
f 3126/3073/1 3131/3074/1 3135/3075/1
f 3126/3073/1 3135/3075/1 3130/3076/1
f 3125/3077/2 3128/3078/2 3119/3079/2
f 3125/3077/2 3119/3079/2 3113/3080/2
f 3132/3081/23 3127/3082/23 3115/3083/23
s 1
f 3132/3081/23 3115/3083/23 3117/3084/23
s 0
f 3136/3085/5 3133/3086/5 3118/3087/5
s 1
f 3136/3085/5 3118/3087/5 3124/3088/5
s 0
f 3129/3089/43 3134/3090/43 3122/3091/43
s 1
f 3129/3089/43 3122/3091/43 3120/3092/43
s 0
f 3114/3093/8 3121/3094/8 3123/3095/8
f 3114/3093/8 3123/3095/8 3116/3096/8
f 3150/3097/1 3155/3098/1 3159/3099/1
f 3150/3097/1 3159/3099/1 3154/3100/1
f 3149/3101/2 3152/3102/2 3143/3103/2
f 3149/3101/2 3143/3103/2 3137/3104/2
s 1
f 3156/3105/44 3151/3106/44 3139/3107/44
s 0
f 3156/3105/25 3139/3107/25 3141/3108/25
f 3160/3109/5 3157/3110/5 3142/3111/5
f 3160/3109/5 3142/3111/5 3148/3112/5
s 1
f 3153/3113/26 3158/3114/26 3146/3115/26
s 0
f 3153/3113/26 3146/3115/26 3144/3116/26
f 3138/3117/8 3145/3118/8 3147/3119/8
f 3138/3117/8 3147/3119/8 3140/3120/8
f 3174/3121/1 3179/3122/1 3183/3123/1
f 3174/3121/1 3183/3123/1 3178/3124/1
f 3173/3125/2 3176/3126/2 3167/3127/2
f 3173/3125/2 3167/3127/2 3161/3128/2
f 3180/3129/27 3175/3130/27 3163/3131/27
f 3180/3129/27 3163/3131/27 3165/3132/27
f 3184/3133/5 3181/3134/5 3166/3135/5
f 3184/3133/5 3166/3135/5 3172/3136/5
s 1
f 3177/3137/28 3182/3138/28 3170/3139/28
f 3177/3137/28 3170/3139/28 3168/3140/28
s 0
f 3162/3141/8 3169/3142/8 3171/3143/8
f 3162/3141/8 3171/3143/8 3164/3144/8
f 3198/3145/1 3203/3146/1 3207/3147/1
f 3198/3145/1 3207/3147/1 3202/3148/1
f 3197/3149/2 3200/3150/2 3191/3151/2
f 3197/3149/2 3191/3151/2 3185/3152/2
f 3204/3153/4 3199/3154/4 3187/3155/4
s 1
f 3204/3153/9 3187/3155/9 3189/3156/9
s 0
f 3208/3157/5 3205/3158/5 3190/3159/5
f 3208/3157/5 3190/3159/5 3196/3160/5
f 3201/3161/7 3206/3162/7 3194/3163/7
f 3201/3161/7 3194/3163/7 3192/3164/7
f 3186/3165/8 3193/3166/8 3195/3167/8
f 3186/3165/8 3195/3167/8 3188/3168/8
f 3222/3169/1 3227/3170/1 3231/3171/1
f 3222/3169/1 3231/3171/1 3226/3172/1
f 3221/3173/2 3224/3174/2 3215/3175/2
f 3221/3173/2 3215/3175/2 3209/3176/2
f 3228/3177/3 3223/3178/3 3211/3179/3
f 3228/3177/9 3211/3179/9 3213/3180/9
f 3232/3181/12 3229/3182/12 3214/3183/12
s 1
f 3232/3181/5 3214/3183/5 3220/3184/5
s 0
f 3225/3185/7 3230/3186/7 3218/3187/7
f 3225/3185/7 3218/3187/7 3216/3188/7
s 1
f 3210/3189/8 3217/3190/8 3219/3191/8
s 0
f 3210/3189/8 3219/3191/8 3212/3192/8
f 3246/3193/1 3251/3194/1 3255/3195/1
f 3246/3193/1 3255/3195/1 3250/3196/1
f 3245/3197/2 3248/3198/2 3239/3199/2
f 3245/3197/2 3239/3199/2 3233/2080/2
f 3252/3200/9 3247/3201/9 3235/3202/9
f 3252/3200/4 3235/3202/4 3237/3203/4
f 3256/3204/5 3253/3205/5 3238/3206/5
f 3256/3204/5 3238/3206/5 3244/3207/5
s 1
f 3249/3208/7 3254/3209/7 3242/3210/7
f 3249/3208/7 3242/3210/7 3240/3211/7
s 0
f 3234/3212/8 3241/3213/8 3243/3214/8
f 3234/3212/8 3243/3214/8 3236/3215/8
s 1
f 3270/3216/1 3275/3217/1 3279/3218/1
s 0
f 3270/3216/1 3279/3218/1 3274/3219/1
f 3269/3220/2 3272/3221/2 3263/3222/2
f 3269/3220/2 3263/3222/2 3257/918/2
f 3276/3223/9 3271/3224/9 3259/3225/9
f 3276/3223/9 3259/3225/9 3261/3226/9
f 3280/3227/5 3277/3228/5 3262/3229/5
f 3280/3227/5 3262/3229/5 3268/3230/5
f 3273/3231/7 3278/3232/7 3266/3233/7
f 3273/3231/7 3266/3233/7 3264/3234/7
f 3258/3235/8 3265/3236/8 3267/3237/8
f 3258/3235/8 3267/3237/8 3260/3238/8
f 3294/3239/1 3299/3240/1 3303/3241/1
s 1
f 3294/3239/1 3303/3241/1 3298/3242/1
s 0
f 3293/3243/2 3296/3244/2 3287/3245/2
f 3293/3243/11 3287/3245/11 3281/3246/11
s 1
f 3300/3247/4 3295/3248/4 3283/3249/4
s 0
f 3300/3247/4 3283/3249/4 3285/3250/4
f 3304/3251/5 3301/3252/5 3286/3253/5
f 3304/3251/5 3286/3253/5 3292/3254/5
f 3297/3255/7 3302/3256/7 3290/3257/7
f 3297/3255/7 3290/3257/7 3288/3258/7
f 3282/3259/8 3289/2094/8 3291/3260/8
s 1
f 3282/3259/8 3291/3260/8 3284/1479/8
f 3318/3261/1 3323/3262/1 3327/3263/1
f 3318/3261/1 3327/3263/1 3322/3264/1
s 0
f 3317/3265/2 3320/3266/2 3311/3267/2
f 3317/3265/2 3311/3267/2 3305/3268/2
f 3324/3269/9 3319/3270/9 3307/1669/9
f 3324/3269/4 3307/1669/4 3309/3271/4
f 3328/3272/5 3325/3273/5 3310/3274/5
f 3328/3272/5 3310/3274/5 3316/3275/5
s 1
f 3321/3276/7 3326/3277/7 3314/3278/7
s 0
f 3321/3276/7 3314/3278/7 3312/3279/7
f 3306/3280/8 3313/3281/8 3315/3282/8
f 3306/3280/8 3315/3282/8 3308/3283/8
f 3342/3284/1 3347/3285/1 3351/3286/1
f 3342/3284/1 3351/3286/1 3346/3287/1
f 3341/3288/2 3344/3289/2 3335/3290/2
f 3341/3288/2 3335/3290/2 3329/3291/2
s 1
f 3348/3292/4 3343/3293/4 3331/3294/4
s 0
f 3348/3292/4 3331/3294/4 3333/3295/4
f 3352/3296/5 3349/3297/5 3334/3298/5
f 3352/3296/5 3334/3298/5 3340/3299/5
f 3345/3300/7 3350/3301/7 3338/3302/7
f 3345/3300/7 3338/3302/7 3336/3303/7
s 1
f 3330/3304/8 3337/836/8 3339/3305/8
f 3330/3304/8 3339/3305/8 3332/3306/8
s 0
f 3366/3307/1 3371/3308/1 3375/3309/1
f 3366/3307/1 3375/3309/1 3370/3310/1
f 3365/3311/2 3368/3312/2 3359/3313/2
f 3365/3311/2 3359/3313/2 3353/3314/2
f 3372/3315/4 3367/3316/4 3355/3317/4
f 3372/3315/3 3355/3317/3 3357/3318/3
f 3376/3319/5 3373/3320/5 3358/3321/5
f 3376/3319/5 3358/3321/5 3364/3322/5
f 3369/3323/7 3374/3324/7 3362/3325/7
f 3369/3323/7 3362/3325/7 3360/3326/7
f 3354/3327/8 3361/3328/8 3363/3329/8
f 3354/3327/8 3363/3329/8 3356/3330/8
f 3390/3331/1 3395/3332/1 3399/3333/1
f 3390/3331/1 3399/3333/1 3394/3334/1
f 3389/3335/2 3392/3336/2 3383/2081/2
f 3389/3335/2 3383/2081/2 3377/3337/2
s 1
f 3396/3338/4 3391/3339/4 3379/3340/4
s 0
f 3396/3338/4 3379/3340/4 3381/3341/4
f 3400/3342/5 3397/3343/5 3382/3344/5
f 3400/3342/5 3382/3344/5 3388/3345/5
f 3393/3346/7 3398/3347/7 3386/3348/7
f 3393/3346/7 3386/3348/7 3384/3349/7
f 3378/3350/8 3385/3351/8 3387/3352/8
f 3378/3350/8 3387/3352/8 3380/3353/8
f 3414/3354/1 3419/3355/1 3423/3356/1
f 3414/3354/1 3423/3356/1 3418/3357/1
f 3413/3358/2 3416/3359/2 3407/3360/2
f 3413/3358/11 3407/3360/11 3401/3361/11
f 3420/3362/4 3415/3363/4 3403/3364/4
f 3420/3362/9 3403/3364/9 3405/3365/9
f 3424/3366/5 3421/3367/5 3406/3368/5
f 3424/3366/5 3406/3368/5 3412/3369/5
f 3417/3370/7 3422/3371/7 3410/3372/7
f 3417/3370/7 3410/3372/7 3408/3373/7
f 3402/3374/8 3409/1148/8 3411/1151/8
f 3402/3374/8 3411/1151/8 3404/3375/8
f 3438/3376/1 3443/3377/1 3447/3378/1
f 3438/3376/1 3447/3378/1 3442/3379/1
f 3437/3380/2 3440/3381/2 3431/3382/2
f 3437/3380/2 3431/3382/2 3425/3383/2
f 3444/3384/9 3439/3385/9 3427/3386/9
f 3444/3384/4 3427/3386/4 3429/3387/4
f 3448/3388/5 3445/3389/5 3430/3390/5
f 3448/3388/5 3430/3390/5 3436/3391/5
f 3441/3392/7 3446/3393/7 3434/3394/7
f 3441/3392/7 3434/3394/7 3432/3395/7
f 3426/3396/8 3433/3397/8 3435/3398/8
f 3426/3396/8 3435/3398/8 3428/3399/8
f 3462/3400/1 3467/3401/1 3471/3402/1
f 3462/3400/1 3471/3402/1 3466/3403/1
f 3461/3404/2 3464/3405/2 3455/3406/2
f 3461/3404/2 3455/3406/2 3449/3407/2
f 3468/3408/4 3463/3409/4 3451/3410/4
f 3468/3408/4 3451/3410/4 3453/2190/4
f 3472/3411/5 3469/3412/5 3454/3413/5
f 3472/3411/5 3454/3413/5 3460/3414/5
f 3465/3415/7 3470/3416/7 3458/3417/7
f 3465/3415/7 3458/3417/7 3456/3418/7
f 3450/3419/8 3457/3420/8 3459/3421/8
f 3450/3419/8 3459/3421/8 3452/3422/8
f 3486/3423/1 3491/3424/1 3495/3425/1
f 3486/3423/1 3495/3425/1 3490/3426/1
f 3485/3427/2 3488/3428/2 3479/3429/2
f 3485/3427/2 3479/3429/2 3473/3430/2
f 3492/3431/9 3487/3432/9 3475/3433/9
f 3492/3431/4 3475/3433/4 3477/3434/4
f 3496/3435/5 3493/3436/5 3478/3437/5
f 3496/3435/5 3478/3437/5 3484/3438/5
f 3489/3439/7 3494/3440/7 3482/3441/7
f 3489/3439/7 3482/3441/7 3480/3442/7
f 3474/3443/8 3481/3444/8 3483/3445/8
f 3474/3443/8 3483/3445/8 3476/2214/8
f 3510/3446/1 3515/3447/1 3519/3448/1
f 3510/3446/1 3519/3448/1 3514/3449/1
f 3509/3450/2 3512/3451/2 3503/2128/2
s 1
f 3509/3450/2 3503/2128/2 3497/3452/2
s 0
f 3516/3453/9 3511/3454/9 3499/3455/9
f 3516/3453/4 3499/3455/4 3501/3456/4
f 3520/3457/12 3517/3458/12 3502/3459/12
f 3520/3457/5 3502/3459/5 3508/3460/5
f 3513/3461/7 3518/3462/7 3506/3463/7
f 3513/3461/7 3506/3463/7 3504/3464/7
f 3498/3465/8 3505/1363/8 3507/3466/8
f 3498/3465/8 3507/3466/8 3500/3467/8
f 3534/3468/1 3539/3469/1 3543/3340/1
f 3534/3468/1 3543/3340/1 3538/3470/1
f 3533/3471/2 3536/3472/2 3527/3473/2
f 3533/3471/2 3527/3473/2 3521/3474/2
f 3540/3475/3 3535/3476/3 3523/3477/3
f 3540/3475/9 3523/3477/9 3525/3478/9
f 3544/3479/5 3541/3480/5 3526/3481/5
f 3544/3479/5 3526/3481/5 3532/3482/5
f 3537/3483/7 3542/3484/7 3530/3485/7
f 3537/3483/7 3530/3485/7 3528/3486/7
s 1
f 3522/3487/8 3529/3488/8 3531/3489/8
f 3522/3487/8 3531/3489/8 3524/3490/8
s 0
f 3558/3491/1 3563/3492/1 3567/3493/1
f 3558/3491/1 3567/3493/1 3562/3494/1
f 3557/3495/2 3560/3496/2 3551/3497/2
f 3557/3495/2 3551/3497/2 3545/3498/2
f 3564/3499/4 3559/3500/4 3547/3501/4
f 3564/3499/9 3547/3501/9 3549/3502/9
f 3568/3503/5 3565/3504/5 3550/3505/5
f 3568/3503/5 3550/3505/5 3556/3506/5
f 3561/3507/7 3566/3508/7 3554/3509/7
f 3561/3507/7 3554/3509/7 3552/3510/7
f 3546/718/8 3553/1548/8 3555/3511/8
f 3546/718/8 3555/3511/8 3548/3512/8
f 3582/3513/1 3587/3514/1 3591/3515/1
f 3582/3513/1 3591/3515/1 3586/3516/1
f 3581/3517/2 3584/3518/2 3575/3519/2
f 3581/3517/2 3575/3519/2 3569/3520/2
f 3588/3521/9 3583/3522/9 3571/3523/9
f 3588/3521/9 3571/3523/9 3573/3524/9
f 3592/3525/5 3589/3526/5 3574/3527/5
f 3592/3525/5 3574/3527/5 3580/3528/5
f 3585/3529/7 3590/3530/7 3578/3531/7
f 3585/3529/7 3578/3531/7 3576/3532/7
f 3570/3533/8 3577/3534/8 3579/3535/8
f 3570/3533/8 3579/3535/8 3572/3536/8
f 3606/3537/1 3611/3538/1 3615/3539/1
s 1
f 3606/3537/1 3615/3539/1 3610/3540/1
s 0
f 3605/3541/2 3608/3542/2 3599/3543/2
f 3605/3541/2 3599/3543/2 3593/3544/2
f 3612/3545/3 3607/3546/3 3595/3547/3
f 3612/3545/4 3595/3547/4 3597/3548/4
f 3616/3549/5 3613/3550/5 3598/3551/5
f 3616/3549/5 3598/3551/5 3604/3552/5
f 3609/3553/7 3614/3554/7 3602/3555/7
f 3609/3553/7 3602/3555/7 3600/3556/7
f 3594/3557/8 3601/3558/8 3603/3559/8
f 3594/3557/8 3603/3559/8 3596/3560/8
f 3630/3561/1 3635/3562/1 3639/3563/1
f 3630/3561/1 3639/3563/1 3634/3564/1
f 3629/3565/2 3632/3566/2 3623/3567/2
f 3629/3565/2 3623/3567/2 3617/3568/2
f 3636/3569/9 3631/3570/9 3619/3571/9
f 3636/3569/4 3619/3571/4 3621/3572/4
f 3640/3573/5 3637/3574/5 3622/2577/5
f 3640/3573/5 3622/2577/5 3628/3575/5
f 3633/3576/7 3638/3577/7 3626/3578/7
f 3633/3576/7 3626/3578/7 3624/3579/7
f 3618/3580/8 3625/3581/8 3627/502/8
f 3618/3580/8 3627/502/8 3620/3582/8
f 3654/3583/1 3659/3584/1 3663/3585/1
f 3654/3583/1 3663/3585/1 3658/3586/1
f 3653/3587/2 3656/3588/2 3647/3589/2
f 3653/3587/2 3647/3589/2 3641/3590/2
f 3660/3591/9 3655/3592/9 3643/3593/9
f 3660/3591/9 3643/3593/9 3645/3594/9
f 3664/3595/5 3661/3596/5 3646/3597/5
f 3664/3595/5 3646/3597/5 3652/3598/5
s 1
f 3657/3599/7 3662/3600/7 3650/3601/7
s 0
f 3657/3599/7 3650/3601/7 3648/3602/7
f 3642/3603/8 3649/1954/8 3651/3604/8
f 3642/3603/8 3651/3604/8 3644/3605/8
f 3678/3606/1 3683/3607/1 3687/3608/1
f 3678/3606/1 3687/3608/1 3682/3609/1
f 3677/3610/2 3680/3611/2 3671/3612/2
f 3677/3610/2 3671/3612/2 3665/3613/2
f 3684/3614/9 3679/3615/9 3667/3616/9
f 3684/3614/4 3667/3616/4 3669/3617/4
f 3688/3618/12 3685/3619/12 3670/3620/12
f 3688/3618/5 3670/3620/5 3676/3621/5
f 3681/3622/7 3686/3623/7 3674/3624/7
s 1
f 3681/3622/7 3674/3624/7 3672/3625/7
s 0
f 3666/3626/8 3673/3627/8 3675/3628/8
f 3666/3626/8 3675/3628/8 3668/3629/8
f 3702/3630/1 3707/3631/1 3711/3632/1
f 3702/3630/1 3711/3632/1 3706/3633/1
f 3701/3634/2 3704/3635/2 3695/3636/2
f 3701/3634/2 3695/3636/2 3689/3637/2
f 3708/3638/4 3703/3639/4 3691/3640/4
f 3708/3638/4 3691/3640/4 3693/3641/4
f 3712/3642/5 3709/3643/5 3694/3644/5
f 3712/3642/5 3694/3644/5 3700/3645/5
f 3705/3646/7 3710/3647/7 3698/3648/7
f 3705/3646/7 3698/3648/7 3696/3649/7
f 3690/3650/8 3697/3651/8 3699/3652/8
f 3690/3650/8 3699/3652/8 3692/3653/8
f 3726/3654/1 3731/3655/1 3735/3656/1
f 3726/3654/1 3735/3656/1 3730/3657/1
f 3725/3658/2 3728/3659/2 3719/3660/2
f 3725/3658/2 3719/3660/2 3713/3661/2
f 3732/3662/9 3727/3663/9 3715/3664/9
f 3732/3662/10 3715/3664/10 3717/3665/10
f 3736/3666/5 3733/3667/5 3718/3668/5
f 3736/3666/5 3718/3668/5 3724/3669/5
f 3729/3670/7 3734/3671/7 3722/3672/7
f 3729/3670/7 3722/3672/7 3720/3673/7
f 3714/3674/8 3721/3675/8 3723/3071/8
f 3714/3674/8 3723/3071/8 3716/3676/8
f 3750/3677/1 3755/3678/1 3759/3679/1
f 3750/3677/1 3759/3679/1 3754/3680/1
f 3749/3681/2 3752/3682/2 3743/3683/2
f 3749/3681/2 3743/3683/2 3737/3684/2
s 1
f 3756/3685/9 3751/3686/9 3739/3687/9
s 0
f 3756/3685/9 3739/3687/9 3741/3688/9
f 3760/3689/5 3757/3690/5 3742/3691/5
f 3760/3689/5 3742/3691/5 3748/3692/5
f 3753/3693/7 3758/3694/7 3746/3695/7
f 3753/3693/7 3746/3695/7 3744/3696/7
f 3738/3697/8 3745/3698/8 3747/3699/8
f 3738/3697/8 3747/3699/8 3740/3700/8
f 3774/3701/1 3779/3702/1 3783/3703/1
f 3774/3701/1 3783/3703/1 3778/3704/1
f 3773/3705/2 3776/3706/2 3767/3707/2
f 3773/3705/2 3767/3707/2 3761/2895/2
f 3780/3708/29 3775/3709/29 3763/3710/29
f 3780/3708/29 3763/3710/29 3765/3711/29
f 3784/3712/5 3781/3713/5 3766/3714/5
f 3784/3712/5 3766/3714/5 3772/3715/5
f 3777/3716/30 3782/3717/30 3770/3718/30
f 3777/3716/45 3770/3718/45 3768/3719/45
f 3762/3720/8 3769/3721/8 3771/3722/8
f 3762/3720/8 3771/3722/8 3764/3723/8
f 3798/3724/1 3803/3725/1 3807/3726/1
f 3798/3724/1 3807/3726/1 3802/3727/1
f 3797/3728/2 3800/3729/2 3791/3730/2
f 3797/3728/2 3791/3730/2 3785/3731/2
f 3804/3732/4 3799/3733/4 3787/3734/4
f 3804/3732/9 3787/3734/9 3789/3735/9
f 3808/3736/5 3805/3737/5 3790/3738/5
f 3808/3736/5 3790/3738/5 3796/3739/5
f 3801/3740/7 3806/3741/7 3794/3742/7
f 3801/3740/7 3794/3742/7 3792/3743/7
f 3786/3744/8 3793/3745/8 3795/2237/8
f 3786/3744/8 3795/2237/8 3788/2236/8
f 3822/3746/1 3827/3747/1 3831/3748/1
f 3822/3746/1 3831/3748/1 3826/3749/1
f 3821/3750/2 3824/3751/2 3815/3752/2
f 3821/3750/2 3815/3752/2 3809/3753/2
f 3828/3754/9 3823/3755/9 3811/3756/9
f 3828/3754/9 3811/3756/9 3813/3757/9
f 3832/3758/5 3829/3759/5 3814/3760/5
f 3832/3758/5 3814/3760/5 3820/3761/5
s 1
f 3825/3762/7 3830/3763/7 3818/3764/7
s 0
f 3825/3762/7 3818/3764/7 3816/3765/7
f 3810/3766/8 3817/3767/8 3819/3768/8
f 3810/3766/8 3819/3768/8 3812/3769/8
f 3846/3770/1 3851/3771/1 3855/3772/1
f 3846/3770/1 3855/3772/1 3850/3773/1
f 3845/3774/2 3848/3775/2 3839/3776/2
f 3845/3774/2 3839/3776/2 3833/3777/2
f 3852/3778/4 3847/3779/4 3835/3780/4
s 1
f 3852/3778/9 3835/3780/9 3837/3781/9
f 3856/3782/5 3853/3783/5 3838/3784/5
s 0
f 3856/3782/5 3838/3784/5 3844/3785/5
f 3849/3786/7 3854/3787/7 3842/3788/7
f 3849/3786/7 3842/3788/7 3840/3789/7
f 3834/2630/8 3841/3790/8 3843/3791/8
f 3834/2630/8 3843/3791/8 3836/3792/8
f 3870/3793/1 3875/3794/1 3879/3795/1
f 3870/3793/1 3879/3795/1 3874/3796/1
f 3869/3797/2 3872/3798/2 3863/3799/2
f 3869/3797/2 3863/3799/2 3857/3800/2
f 3876/3801/9 3871/3802/9 3859/3803/9
f 3876/3801/4 3859/3803/4 3861/3804/4
f 3880/3805/5 3877/3806/5 3862/3807/5
f 3880/3805/5 3862/3807/5 3868/3808/5
f 3873/3809/7 3878/3810/7 3866/3811/7
f 3873/3809/7 3866/3811/7 3864/3812/7
f 3858/3813/8 3865/3814/8 3867/3815/8
f 3858/3813/8 3867/3815/8 3860/3816/8
f 3894/3817/1 3899/3818/1 3903/3819/1
f 3894/3817/1 3903/3819/1 3898/3820/1
f 3893/3821/2 3896/3822/2 3887/3823/2
s 1
f 3893/3821/2 3887/3823/2 3881/3824/2
s 0
f 3900/3825/9 3895/3826/9 3883/3827/9
f 3900/3825/4 3883/3827/4 3885/3828/4
f 3904/3829/5 3901/3830/5 3886/3831/5
f 3904/3829/5 3886/3831/5 3892/3832/5
f 3897/3833/7 3902/3834/7 3890/3835/7
f 3897/3833/7 3890/3835/7 3888/3836/7
f 3882/3837/8 3889/3838/8 3891/3839/8
f 3882/3837/8 3891/3839/8 3884/3840/8
f 3918/3841/1 3923/3842/1 3927/3843/1
f 3918/3841/1 3927/3843/1 3922/3844/1
f 3917/3845/2 3920/3846/2 3911/3847/2
f 3917/3845/2 3911/3847/2 3905/3848/2
s 1
f 3924/3849/4 3919/3850/9 3907/3851/9
f 3924/3849/4 3907/3851/9 3909/3852/4
s 0
f 3928/3853/5 3925/3854/5 3910/3855/5
f 3928/3853/5 3910/3855/5 3916/3856/5
f 3921/3857/6 3926/3858/6 3914/3859/6
f 3921/3857/7 3914/3859/7 3912/3860/7
f 3906/3861/8 3913/3862/8 3915/3863/8
f 3906/3861/8 3915/3863/8 3908/3864/8
f 3942/3865/1 3947/3866/1 3951/3867/1
f 3942/3865/1 3951/3867/1 3946/3868/1
f 3941/3869/2 3944/3870/2 3935/3871/2
f 3941/3869/2 3935/3871/2 3929/3872/2
f 3948/3873/9 3943/3874/9 3931/3875/9
f 3948/3873/4 3931/3875/4 3933/3876/4
f 3952/3877/5 3949/3878/5 3934/3879/5
f 3952/3877/5 3934/3879/5 3940/3880/5
f 3945/3881/7 3950/3882/7 3938/3883/7
f 3945/3881/7 3938/3883/7 3936/3884/7
s 1
f 3930/3885/8 3937/3886/8 3939/3887/8
s 0
f 3930/3885/8 3939/3887/8 3932/3888/8
f 3966/3889/1 3971/3890/1 3975/3891/1
f 3966/3889/1 3975/3891/1 3970/3892/1
f 3965/3893/2 3968/3894/2 3959/3895/2
f 3965/3893/2 3959/3895/2 3953/3896/2
f 3972/3897/9 3967/3898/9 3955/3899/9
f 3972/3897/4 3955/3899/4 3957/3900/4
s 1
f 3976/3901/5 3973/3902/5 3958/3903/5
s 0
f 3976/3901/5 3958/3903/5 3964/3904/5
f 3969/3905/7 3974/3906/7 3962/3907/7
f 3969/3905/7 3962/3907/7 3960/3908/7
f 3954/3909/8 3961/3910/8 3963/3911/8
f 3954/3909/8 3963/3911/8 3956/3912/8
f 3990/3913/1 3995/3914/1 3999/3915/1
f 3990/3913/1 3999/3915/1 3994/3916/1
f 3989/3917/2 3992/3918/2 3983/3919/2
f 3989/3917/2 3983/3919/2 3977/3920/2
f 3996/3921/4 3991/3922/4 3979/3923/4
f 3996/3921/4 3979/3923/4 3981/3924/4
f 4000/3925/5 3997/3926/5 3982/3927/5
f 4000/3925/5 3982/3927/5 3988/3928/5
f 3993/3929/7 3998/3930/7 3986/3931/7
f 3993/3929/7 3986/3931/7 3984/3932/7
f 3978/3933/8 3985/3934/8 3987/3935/8
f 3978/3933/8 3987/3935/8 3980/3936/8
f 4014/3937/1 4019/3938/1 4023/3939/1
f 4014/3937/1 4023/3939/1 4018/3940/1
f 4013/3941/2 4016/3942/2 4007/3943/2
s 1
f 4013/3941/2 4007/3943/2 4001/3944/2
s 0
f 4020/3945/4 4015/3946/4 4003/3947/4
f 4020/3945/4 4003/3947/4 4005/3948/4
f 4024/3949/5 4021/3950/5 4006/3951/5
s 1
f 4024/3949/5 4006/3951/5 4012/3952/5
s 0
f 4017/3953/7 4022/3954/7 4010/3955/7
f 4017/3953/7 4010/3955/7 4008/3956/7
f 4002/3957/8 4009/3958/8 4011/3959/8
f 4002/3957/8 4011/3959/8 4004/626/8
f 4038/3960/1 4043/3961/1 4047/3962/1
f 4038/3960/1 4047/3962/1 4042/3963/1
f 4037/3964/2 4040/3965/2 4031/3966/2
f 4037/3964/2 4031/3966/2 4025/3967/2
f 4044/3968/9 4039/3969/9 4027/3970/9
f 4044/3968/3 4027/3970/3 4029/3971/3
s 1
f 4048/3972/5 4045/3973/5 4030/3974/5
s 0
f 4048/3972/5 4030/3974/5 4036/3975/5
f 4041/3976/7 4046/3977/7 4034/3978/7
f 4041/3976/7 4034/3978/7 4032/3979/7
f 4026/3980/8 4033/3981/8 4035/3982/8
f 4026/3980/8 4035/3982/8 4028/3983/8
f 4062/3984/1 4067/3985/1 4071/3986/1
f 4062/3984/1 4071/3986/1 4066/3987/1
f 4061/3988/2 4064/3989/2 4055/3990/2
f 4061/3988/2 4055/3990/2 4049/3991/2
f 4068/3992/9 4063/3993/9 4051/3994/9
f 4068/3992/9 4051/3994/9 4053/3995/9
f 4072/3996/12 4069/3997/12 4054/3998/12
f 4072/3996/5 4054/3998/5 4060/3999/5
s 1
f 4065/4000/7 4070/4001/7 4058/4002/7
f 4065/4000/7 4058/4002/7 4056/4003/7
s 0
f 4050/4004/8 4057/4005/8 4059/4006/8
f 4050/4004/8 4059/4006/8 4052/4007/8
f 4086/4008/1 4091/4009/1 4095/4010/1
f 4086/4008/1 4095/4010/1 4090/4011/1
f 4085/4012/2 4088/4013/2 4079/4014/2
f 4085/4012/2 4079/4014/2 4073/4015/2
s 1
f 4092/4016/9 4087/4017/4 4075/4018/4
f 4092/4016/9 4075/4018/4 4077/4019/9
s 0
f 4096/4020/5 4093/4021/5 4078/4022/5
f 4096/4020/5 4078/4022/5 4084/4023/5
f 4089/4024/7 4094/4025/7 4082/4026/7
f 4089/4024/7 4082/4026/7 4080/4027/7
f 4074/4028/8 4081/4029/8 4083/4030/8
f 4074/4028/8 4083/4030/8 4076/4031/8
f 4110/4032/1 4115/4033/1 4119/4034/1
f 4110/4032/1 4119/4034/1 4114/4035/1
f 4109/4036/2 4112/4037/2 4103/4038/2
f 4109/4036/2 4103/4038/2 4097/4039/2
f 4116/4040/4 4111/4041/4 4099/4042/4
f 4116/4040/4 4099/4042/4 4101/4043/4
f 4120/4044/5 4117/4045/5 4102/4046/5
f 4120/4044/5 4102/4046/5 4108/4047/5
f 4113/4048/7 4118/4049/7 4106/336/7
f 4113/4048/7 4106/336/7 4104/4050/7
f 4098/4051/8 4105/4052/8 4107/4053/8
f 4098/4051/8 4107/4053/8 4100/4054/8
f 4134/4055/1 4139/4056/1 4143/4057/1
f 4134/4055/1 4143/4057/1 4138/4058/1
f 4133/4059/2 4136/4060/2 4127/4061/2
f 4133/4059/2 4127/4061/2 4121/4062/2
f 4140/4063/4 4135/4064/4 4123/4065/4
f 4140/4063/9 4123/4065/9 4125/4066/9
f 4144/4067/5 4141/4068/5 4126/4069/5
f 4144/4067/5 4126/4069/5 4132/4070/5
f 4137/4071/7 4142/4072/7 4130/4073/7
f 4137/4071/7 4130/4073/7 4128/4074/7
f 4122/4075/8 4129/4076/8 4131/4077/8
f 4122/4075/8 4131/4077/8 4124/4078/8
f 4158/4079/1 4163/4080/1 4167/4081/1
f 4158/4079/1 4167/4081/1 4162/4082/1
f 4157/4083/2 4160/4084/2 4151/4085/2
f 4157/4083/2 4151/4085/2 4145/4086/2
f 4164/4087/9 4159/4088/9 4147/4089/9
s 1
f 4164/4087/3 4147/4089/3 4149/4090/3
s 0
f 4168/4091/5 4165/4092/5 4150/4093/5
f 4168/4091/5 4150/4093/5 4156/4094/5
f 4161/4095/7 4166/4096/7 4154/4097/7
f 4161/4095/7 4154/4097/7 4152/4098/7
f 4146/4099/8 4153/4100/8 4155/4101/8
f 4146/4099/8 4155/4101/8 4148/4102/8
s 1
f 4182/4103/1 4187/4104/1 4191/4105/1
f 4182/4103/1 4191/4105/1 4186/4106/1
s 0
f 4181/4107/2 4184/4108/2 4175/4109/2
f 4181/4107/2 4175/4109/2 4169/4110/2
f 4188/4111/4 4183/4112/4 4171/4113/4
f 4188/4111/9 4171/4113/9 4173/4114/9
f 4192/4115/5 4189/4116/5 4174/4117/5
f 4192/4115/5 4174/4117/5 4180/4118/5
f 4185/4119/7 4190/4120/7 4178/4121/7
f 4185/4119/7 4178/4121/7 4176/4122/7
f 4170/4123/8 4177/4124/8 4179/4125/8
f 4170/4123/8 4179/4125/8 4172/4126/8
f 4206/4127/1 4211/4128/1 4215/4129/1
f 4206/4127/1 4215/4129/1 4210/4130/1
f 4205/4131/2 4208/4132/2 4199/4133/2
f 4205/4131/2 4199/4133/2 4193/4134/2
f 4212/4135/3 4207/4136/3 4195/4137/3
f 4212/4135/9 4195/4137/9 4197/4138/9
f 4216/4139/5 4213/4140/5 4198/4141/5
f 4216/4139/5 4198/4141/5 4204/4142/5
f 4209/4143/7 4214/4144/7 4202/4145/7
f 4209/4143/7 4202/4145/7 4200/4146/7
f 4194/4147/8 4201/4148/8 4203/4149/8
f 4194/4147/8 4203/4149/8 4196/4150/8
f 4230/4151/1 4235/4152/1 4239/4153/1
f 4230/4151/1 4239/4153/1 4234/4154/1
f 4229/4155/2 4232/4156/2 4223/4157/2
f 4229/4155/2 4223/4157/2 4217/4158/2
f 4236/4159/9 4231/4160/9 4219/4161/9
f 4236/4159/4 4219/4161/4 4221/4162/4
f 4240/4163/5 4237/4164/5 4222/4165/5
f 4240/4163/5 4222/4165/5 4228/4166/5
f 4233/4167/7 4238/4168/7 4226/4169/7
f 4233/4167/7 4226/4169/7 4224/4170/7
f 4218/4171/8 4225/4172/8 4227/4173/8
f 4218/4171/8 4227/4173/8 4220/4174/8
f 4254/4175/1 4259/4176/1 4263/4177/1
f 4254/4175/1 4263/4177/1 4258/4178/1
f 4253/4179/2 4256/4180/2 4247/4181/2
f 4253/4179/2 4247/4181/2 4241/4182/2
f 4260/4183/9 4255/4184/9 4243/4185/9
f 4260/4183/9 4243/4185/9 4245/4186/9
s 1
f 4264/4187/5 4261/4188/5 4246/4189/5
s 0
f 4264/4187/5 4246/4189/5 4252/4190/5
f 4257/4191/7 4262/4192/7 4250/4193/7
f 4257/4191/7 4250/4193/7 4248/4194/7
f 4242/4195/8 4249/4196/8 4251/4197/8
f 4242/4195/8 4251/4197/8 4244/2512/8
f 4278/4198/1 4283/4199/1 4287/4200/1
f 4278/4198/1 4287/4200/1 4282/4201/1
f 4277/4202/2 4280/4203/2 4271/4204/2
f 4277/4202/2 4271/4204/2 4265/4205/2
s 1
f 4284/4206/9 4279/4207/4 4267/4208/9
f 4284/4206/9 4267/4208/9 4269/4209/9
s 0
f 4288/4210/5 4285/4211/5 4270/3369/5
f 4288/4210/5 4270/3369/5 4276/4212/5
f 4281/4213/7 4286/4214/7 4274/4215/7
f 4281/4213/7 4274/4215/7 4272/4216/7
f 4266/4217/8 4273/4218/8 4275/4219/8
f 4266/4217/8 4275/4219/8 4268/4220/8
f 4302/4221/1 4307/4222/1 4311/4223/1
f 4302/4221/1 4311/4223/1 4306/4224/1
f 4301/4225/2 4304/4226/2 4295/4227/2
f 4301/4225/2 4295/4227/2 4289/4228/2
f 4308/4229/3 4303/4230/3 4291/1861/3
f 4308/4229/9 4291/1861/9 4293/4231/9
f 4312/4232/5 4309/4233/5 4294/4234/5
f 4312/4232/5 4294/4234/5 4300/4235/5
f 4305/4236/7 4310/4237/7 4298/4238/7
f 4305/4236/6 4298/4238/6 4296/4239/6
f 4290/4240/8 4297/4241/8 4299/4242/8
f 4290/4240/8 4299/4242/8 4292/4243/8
f 4326/822/1 4331/4244/1 4335/4245/1
f 4326/822/1 4335/4245/1 4330/4246/1
f 4325/4247/2 4328/4248/2 4319/4249/2
f 4325/4247/2 4319/4249/2 4313/4250/2
f 4332/4251/4 4327/4252/4 4315/4253/4
f 4332/4251/4 4315/4253/4 4317/4254/4
f 4336/4255/5 4333/4256/5 4318/4257/5
f 4336/4255/5 4318/4257/5 4324/4258/5
s 1
f 4329/4259/7 4334/4260/7 4322/4261/7
f 4329/4259/7 4322/4261/7 4320/4262/7
s 0
f 4314/4263/8 4321/4264/8 4323/4265/8
f 4314/4263/8 4323/4265/8 4316/4266/8
f 4350/4267/1 4355/4268/1 4359/4269/1
f 4350/4267/1 4359/4269/1 4354/4270/1
f 4349/4271/2 4352/4272/2 4343/4273/2
f 4349/4271/2 4343/4273/2 4337/4274/2
s 1
f 4356/4275/4 4351/4276/4 4339/4277/4
s 0
f 4356/4275/4 4339/4277/4 4341/4278/4
f 4360/4279/5 4357/4280/5 4342/3975/5
f 4360/4279/5 4342/3975/5 4348/4281/5
f 4353/4282/7 4358/4283/7 4346/4284/7
f 4353/4282/7 4346/4284/7 4344/4285/7
f 4338/4286/8 4345/4287/8 4347/4288/8
f 4338/4286/8 4347/4288/8 4340/4289/8
f 4374/4290/1 4379/4291/1 4383/4292/1
f 4374/4290/1 4383/4292/1 4378/4293/1
f 4373/4294/2 4376/4295/2 4367/4296/2
f 4373/4294/2 4367/4296/2 4361/4297/2
f 4380/4298/9 4375/4299/9 4363/4300/9
f 4380/4298/3 4363/4300/3 4365/4301/3
s 1
f 4384/4302/5 4381/4303/5 4366/4304/5
s 0
f 4384/4302/5 4366/4304/5 4372/4305/5
f 4377/4306/7 4382/4307/7 4370/4308/7
f 4377/4306/7 4370/4308/7 4368/4309/7
f 4362/4310/8 4369/4311/8 4371/4312/8
f 4362/4310/8 4371/4312/8 4364/4313/8
f 4398/4314/1 4403/4315/1 4407/4316/1
f 4398/4314/1 4407/4316/1 4402/4317/1
f 4397/4318/2 4400/4319/2 4391/4320/2
f 4397/4318/2 4391/4320/2 4385/4321/2
s 1
f 4404/4322/9 4399/4323/9 4387/4324/9
s 0
f 4404/4322/4 4387/4324/4 4389/4325/4
f 4408/4326/5 4405/4327/5 4390/4328/5
f 4408/4326/12 4390/4328/12 4396/4329/12
f 4401/4330/7 4406/4331/7 4394/4332/7
s 1
f 4401/4330/6 4394/4332/6 4392/4333/6
s 0
f 4386/4334/8 4393/1527/8 4395/4335/8
f 4386/4334/8 4395/4335/8 4388/4336/8
f 4422/4337/1 4427/4338/1 4431/4339/1
f 4422/4337/1 4431/4339/1 4426/4340/1
f 4421/4341/2 4424/4342/2 4415/4343/2
f 4421/4341/2 4415/4343/2 4409/4344/2
s 1
f 4428/4345/4 4423/4346/4 4411/4347/4
s 0
f 4428/4345/9 4411/4347/9 4413/4348/9
f 4432/4349/5 4429/4350/5 4414/4351/5
s 1
f 4432/4349/5 4414/4351/5 4420/4352/5
s 0
f 4425/4353/7 4430/4354/7 4418/4355/7
f 4425/4353/6 4418/4355/6 4416/4356/6
f 4410/4357/8 4417/4358/8 4419/4359/8
f 4410/4357/8 4419/4359/8 4412/4360/8
f 4446/4361/1 4451/4362/1 4455/4363/1
f 4446/4361/1 4455/4363/1 4450/4364/1
f 4445/4365/2 4448/4366/2 4439/4367/2
f 4445/4365/2 4439/4367/2 4433/4368/2
f 4452/4369/4 4447/4370/4 4435/4371/4
f 4452/4369/9 4435/4371/9 4437/4372/9
f 4456/4373/5 4453/4374/5 4438/4375/5
f 4456/4373/5 4438/4375/5 4444/4376/5
f 4449/4377/7 4454/4378/7 4442/4379/7
f 4449/4377/7 4442/4379/7 4440/4380/7
f 4434/4381/8 4441/4382/8 4443/4383/8
f 4434/4381/8 4443/4383/8 4436/4384/8
s 1
f 4470/4385/1 4475/4386/1 4479/4387/1
s 0
f 4470/4385/1 4479/4387/1 4474/4388/1
f 4469/4389/2 4472/4390/2 4463/4391/2
f 4469/4389/2 4463/4391/2 4457/4392/2
f 4476/4393/4 4471/4394/4 4459/4395/4
s 1
f 4476/4393/9 4459/4395/9 4461/4396/9
s 0
f 4480/4397/5 4477/4398/5 4462/4399/5
f 4480/4397/5 4462/4399/5 4468/4400/5
f 4473/4401/6 4478/4402/6 4466/4403/6
f 4473/4401/7 4466/4403/7 4464/4404/7
f 4458/3444/8 4465/4405/8 4467/4406/8
f 4458/3444/8 4467/4406/8 4460/4407/8
f 4494/4408/1 4499/4409/1 4503/4410/1
f 4494/4408/1 4503/4410/1 4498/4411/1
f 4493/4412/2 4496/4413/2 4487/4414/2
f 4493/4412/2 4487/4414/2 4481/4415/2
s 1
f 4500/4416/4 4495/4417/4 4483/4418/4
s 0
f 4500/4416/9 4483/4418/9 4485/4419/9
f 4504/4420/5 4501/4421/5 4486/4422/5
f 4504/4420/5 4486/4422/5 4492/1377/5
f 4497/4423/7 4502/4424/7 4490/4425/7
f 4497/4423/7 4490/4425/7 4488/4426/7
s 1
f 4482/4427/8 4489/4428/8 4491/4429/8
f 4482/4427/8 4491/4429/8 4484/3698/8
s 0
f 4518/4430/1 4523/4431/1 4527/4432/1
f 4518/4430/1 4527/4432/1 4522/4433/1
f 4517/4434/2 4520/4435/2 4511/871/2
f 4517/4434/2 4511/871/2 4505/4436/2
f 4524/4437/4 4519/4438/4 4507/4439/4
f 4524/4437/9 4507/4439/9 4509/1383/9
f 4528/4440/5 4525/4441/5 4510/4442/5
f 4528/4440/5 4510/4442/5 4516/4443/5
f 4521/4444/7 4526/4445/7 4514/4446/7
f 4521/4444/7 4514/4446/7 4512/4447/7
f 4506/4448/8 4513/4449/8 4515/4450/8
f 4506/4448/8 4515/4450/8 4508/4451/8
f 4542/4452/1 4547/4453/1 4551/4454/1
f 4542/4452/1 4551/4454/1 4546/4455/1
f 4541/4456/2 4544/4457/2 4535/4458/2
f 4541/4456/2 4535/4458/2 4529/4459/2
f 4548/4460/4 4543/4461/4 4531/4462/4
f 4548/4460/9 4531/4462/9 4533/4463/9
f 4552/4464/5 4549/4465/5 4534/4466/5
f 4552/4464/5 4534/4466/5 4540/4467/5
f 4545/4468/7 4550/4469/7 4538/4470/7
f 4545/4468/7 4538/4470/7 4536/4471/7
f 4530/4472/8 4537/4473/8 4539/933/8
f 4530/4472/8 4539/933/8 4532/4474/8
f 4566/4475/1 4571/4476/1 4575/4477/1
f 4566/4475/1 4575/4477/1 4570/4478/1
f 4565/4479/2 4568/4480/2 4559/4481/2
f 4565/4479/2 4559/4481/2 4553/4482/2
f 4572/4483/4 4567/4484/4 4555/4485/4
f 4572/4483/4 4555/4485/4 4557/4486/4
f 4576/4487/5 4573/4488/5 4558/2301/5
f 4576/4487/5 4558/2301/5 4564/4489/5
s 1
f 4569/4490/7 4574/4491/7 4562/4492/7
s 0
f 4569/4490/7 4562/4492/7 4560/4493/7
f 4554/4494/8 4561/4495/8 4563/4496/8
f 4554/4494/8 4563/4496/8 4556/4497/8
f 4590/4498/1 4595/4499/1 4599/4500/1
f 4590/4498/1 4599/4500/1 4594/4501/1
f 4589/4502/2 4592/4503/2 4583/4504/2
s 1
f 4589/4502/11 4583/4504/11 4577/4505/11
f 4596/4506/3 4591/4507/3 4579/4508/3
s 0
f 4596/4506/3 4579/4508/3 4581/4509/3
f 4600/4510/5 4597/4511/5 4582/4512/5
f 4600/4510/5 4582/4512/5 4588/4513/5
f 4593/4514/7 4598/4515/7 4586/4516/7
f 4593/4514/7 4586/4516/7 4584/4517/7
f 4578/909/8 4585/4518/8 4587/4519/8
f 4578/909/8 4587/4519/8 4580/910/8
f 4614/4520/1 4619/4521/1 4623/4522/1
f 4614/4520/1 4623/4522/1 4618/4523/1
f 4613/4524/2 4616/4525/2 4607/4526/2
f 4613/4524/2 4607/4526/2 4601/55/2
f 4620/4527/4 4615/4528/4 4603/4529/4
f 4620/4527/4 4603/4529/4 4605/4530/4
f 4624/4531/5 4621/4532/5 4606/1119/5
f 4624/4531/5 4606/1119/5 4612/4533/5
f 4617/4534/7 4622/4535/7 4610/4536/7
f 4617/4534/7 4610/4536/7 4608/4537/7
f 4602/4538/8 4609/4539/8 4611/4540/8
f 4602/4538/8 4611/4540/8 4604/4541/8
f 4638/4542/1 4643/4543/1 4647/4544/1
f 4638/4542/1 4647/4544/1 4642/4545/1
f 4637/4546/2 4640/4547/2 4631/4548/2
f 4637/4546/2 4631/4548/2 4625/4549/2
f 4644/4550/4 4639/4551/4 4627/4552/4
f 4644/4550/9 4627/4552/9 4629/4553/9
f 4648/4554/5 4645/4555/5 4630/4556/5
f 4648/4554/5 4630/4556/5 4636/998/5
f 4641/4557/6 4646/4558/6 4634/4559/6
f 4641/4557/7 4634/4559/7 4632/4560/7
f 4626/4561/8 4633/4562/8 4635/4563/8
f 4626/4561/8 4635/4563/8 4628/4564/8
f 4662/4565/1 4667/4566/1 4671/4567/1
f 4662/4565/1 4671/4567/1 4666/4568/1
s 1
f 4661/4569/2 4664/4570/2 4655/4571/2
s 0
f 4661/4569/2 4655/4571/2 4649/4572/2
f 4668/4573/9 4663/4574/9 4651/4575/9
f 4668/4573/4 4651/4575/4 4653/1640/4
f 4672/4576/5 4669/4577/5 4654/4578/5
f 4672/4576/5 4654/4578/5 4660/4579/5
f 4665/4580/7 4670/4581/7 4658/4582/7
f 4665/4580/7 4658/4582/7 4656/4583/7
f 4650/4584/8 4657/4585/8 4659/4586/8
f 4650/4584/8 4659/4586/8 4652/4587/8
f 4686/4588/1 4691/4589/1 4695/4590/1
f 4686/4588/1 4695/4590/1 4690/4591/1
f 4685/4592/2 4688/4593/2 4679/4594/2
s 1
f 4685/4592/2 4679/4594/2 4673/4595/2
s 0
f 4692/4596/9 4687/4597/9 4675/4598/9
f 4692/4596/9 4675/4598/9 4677/4599/9
f 4696/4600/5 4693/4601/5 4678/4602/5
f 4696/4600/5 4678/4602/5 4684/4603/5
f 4689/4604/7 4694/4605/7 4682/4606/7
f 4689/4604/7 4682/4606/7 4680/4607/7
f 4674/4608/8 4681/4609/8 4683/4610/8
f 4674/4608/8 4683/4610/8 4676/4611/8
f 4710/4612/1 4715/4613/1 4719/4614/1
f 4710/4612/1 4719/4614/1 4714/4615/1
s 1
f 4709/4616/2 4712/4617/2 4703/4618/2
s 0
f 4709/4616/2 4703/4618/2 4697/4619/2
f 4716/4620/9 4711/4621/9 4699/4622/9
f 4716/4620/3 4699/4622/3 4701/4623/3
f 4720/4624/5 4717/4625/5 4702/4626/5
f 4720/4624/5 4702/4626/5 4708/3855/5
f 4713/4627/7 4718/4628/7 4706/4629/7
f 4713/4627/7 4706/4629/7 4704/4630/7
f 4698/4451/8 4705/4631/8 4707/4632/8
f 4698/4451/8 4707/4632/8 4700/4633/8
f 4734/4634/1 4739/4635/1 4743/4636/1
f 4734/4634/1 4743/4636/1 4738/4637/1
f 4733/4638/2 4736/4639/2 4727/4640/2
f 4733/4638/2 4727/4640/2 4721/4641/2
f 4740/4642/4 4735/4643/4 4723/4644/4
f 4740/4642/9 4723/4644/9 4725/4645/9
s 1
f 4744/4646/5 4741/4647/5 4726/4648/5
s 0
f 4744/4646/5 4726/4648/5 4732/4649/5
f 4737/4650/7 4742/4651/7 4730/4652/7
f 4737/4650/7 4730/4652/7 4728/4653/7
f 4722/4654/8 4729/4655/8 4731/4656/8
f 4722/4654/8 4731/4656/8 4724/4657/8
f 4758/4658/1 4763/4659/1 4767/4660/1
f 4758/4658/1 4767/4660/1 4762/4661/1
f 4757/4662/2 4760/4663/2 4751/4664/2
f 4757/4662/2 4751/4664/2 4745/4665/2
f 4764/4666/4 4759/4667/4 4747/4668/4
f 4764/4666/9 4747/4668/9 4749/4669/9
f 4768/4670/5 4765/4671/5 4750/4672/5
f 4768/4670/5 4750/4672/5 4756/2553/5
f 4761/4673/7 4766/4674/7 4754/4675/7
f 4761/4673/7 4754/4675/7 4752/4676/7
f 4746/4677/8 4753/4678/8 4755/4679/8
f 4746/4677/8 4755/4679/8 4748/4680/8
f 4782/4681/1 4787/4682/1 4791/4683/1
f 4782/4681/1 4791/4683/1 4786/4684/1
f 4781/4685/2 4784/4686/2 4775/4687/2
s 1
f 4781/4685/2 4775/4687/2 4769/4688/2
s 0
f 4788/4689/3 4783/4690/3 4771/4691/3
f 4788/4689/3 4771/4691/3 4773/4692/3
f 4792/4693/5 4789/4694/5 4774/4695/5
f 4792/4693/5 4774/4695/5 4780/1401/5
s 1
f 4785/4696/7 4790/4697/7 4778/4698/7
s 0
f 4785/4696/7 4778/4698/7 4776/4699/7
f 4770/4700/8 4777/4701/8 4779/4702/8
f 4770/4700/8 4779/4702/8 4772/4703/8
s 1
f 4806/4704/1 4811/4705/1 4815/4706/1
s 0
f 4806/4704/1 4815/4706/1 4810/4707/1
f 4805/4708/2 4808/4709/2 4799/4710/2
f 4805/4708/2 4799/4710/2 4793/3151/2
f 4812/4711/3 4807/4712/3 4795/4713/3
f 4812/4711/4 4795/4713/4 4797/4714/4
f 4816/4715/5 4813/4716/5 4798/4717/5
f 4816/4715/5 4798/4717/5 4804/4718/5
f 4809/4719/7 4814/4720/7 4802/4721/7
f 4809/4719/7 4802/4721/7 4800/4722/7
f 4794/4723/8 4801/4724/8 4803/4725/8
f 4794/4723/8 4803/4725/8 4796/4726/8
f 4830/4727/1 4835/4728/1 4839/4729/1
f 4830/4727/1 4839/4729/1 4834/4730/1
f 4829/4731/2 4832/4732/2 4823/4733/2
f 4829/4731/2 4823/4733/2 4817/4734/2
f 4836/4735/3 4831/4736/3 4819/4737/3
f 4836/4735/3 4819/4737/3 4821/4738/3
f 4840/4739/5 4837/4740/5 4822/4741/5
s 1
f 4840/4739/5 4822/4741/5 4828/4742/5
s 0
f 4833/4743/7 4838/4744/7 4826/4745/7
f 4833/4743/6 4826/4745/6 4824/4746/6
f 4818/4747/8 4825/4748/8 4827/4749/8
f 4818/4747/8 4827/4749/8 4820/4750/8
f 4854/4751/1 4859/4752/1 4863/4753/1
f 4854/4751/1 4863/4753/1 4858/4754/1
f 4853/4755/2 4856/4756/2 4847/4757/2
f 4853/4755/2 4847/4757/2 4841/4758/2
f 4860/4759/3 4855/4760/3 4843/4761/3
f 4860/4759/9 4843/4761/9 4845/4762/9
f 4864/4763/5 4861/4764/5 4846/4765/5
f 4864/4763/5 4846/4765/5 4852/4766/5
s 1
f 4857/4767/7 4862/4768/7 4850/4769/7
s 0
f 4857/4767/7 4850/4769/7 4848/4770/7
f 4842/4771/8 4849/4772/8 4851/4382/8
f 4842/4771/8 4851/4382/8 4844/4773/8
f 4878/4774/1 4883/4775/1 4887/4776/1
f 4878/4774/1 4887/4776/1 4882/4777/1
f 4877/4778/2 4880/4779/2 4871/1559/2
f 4877/4778/2 4871/1559/2 4865/4618/2
f 4884/4780/4 4879/4781/4 4867/195/4
f 4884/4780/3 4867/195/3 4869/4782/3
f 4888/4783/5 4885/4784/5 4870/4785/5
f 4888/4783/5 4870/4785/5 4876/4786/5
f 4881/4787/7 4886/4788/7 4874/4789/7
f 4881/4787/7 4874/4789/7 4872/4790/7
f 4866/4791/8 4873/4792/8 4875/4793/8
f 4866/4791/8 4875/4793/8 4868/4794/8
f 4902/4795/1 4907/4796/1 4911/4797/1
f 4902/4795/1 4911/4797/1 4906/4798/1
s 1
f 4901/4799/2 4904/4800/2 4895/4801/2
f 4901/4799/2 4895/4801/2 4889/4802/2
s 0
f 4908/4803/9 4903/4804/9 4891/4477/9
f 4908/4803/3 4891/4477/3 4893/4805/3
f 4912/4806/12 4909/4807/12 4894/4808/12
f 4912/4806/5 4894/4808/5 4900/4809/5
f 4905/4810/7 4910/4811/7 4898/4812/7
f 4905/4810/7 4898/4812/7 4896/4813/7
f 4890/4814/8 4897/4815/8 4899/4816/8
f 4890/4814/8 4899/4816/8 4892/4817/8
f 4926/4818/1 4931/4819/1 4935/4820/1
f 4926/4818/1 4935/4820/1 4930/4821/1
f 4925/4822/31 4928/4823/31 4919/3259/31
f 4925/4822/31 4919/3259/31 4913/4824/31
f 4932/4825/9 4927/4826/9 4915/4827/9
f 4932/4825/4 4915/4827/4 4917/4828/4
f 4936/4829/32 4933/4830/32 4918/4831/32
s 1
f 4936/4829/33 4918/4831/33 4924/4832/33
s 0
f 4929/4833/7 4934/4834/7 4922/4835/7
f 4929/4833/7 4922/4835/7 4920/4836/7
f 4914/4837/8 4921/4838/8 4923/4839/8
f 4914/4837/8 4923/4839/8 4916/4840/8
f 4950/4841/1 4955/4842/1 4959/4843/1
f 4950/4841/1 4959/4843/1 4954/4844/1
f 4949/4845/31 4952/4846/31 4943/4847/31
f 4949/4845/31 4943/4847/31 4937/4848/31
f 4956/4849/3 4951/4850/3 4939/4851/3
f 4956/4849/4 4939/4851/4 4941/4852/4
f 4960/4853/32 4957/4854/32 4942/4855/32
f 4960/4853/33 4942/4855/33 4948/4856/33
f 4953/4857/7 4958/4858/7 4946/4859/7
f 4953/4857/6 4946/4859/6 4944/4860/6
f 4938/4861/8 4945/4862/8 4947/2402/8
f 4938/4861/8 4947/2402/8 4940/4839/8
f 4975/4863/1 4980/4864/1 4982/4865/1
f 4975/4863/1 4982/4865/1 4977/4866/1
f 4974/4867/34 4976/4868/34 4967/2284/34
f 4974/4867/34 4967/2284/34 4962/4869/34
f 4979/4870/2 4973/4871/2 4961/4872/2
f 4979/4870/2 4961/4872/2 4964/4873/2
f 4983/4874/35 4981/4875/35 4966/4876/35
f 4983/4874/35 4966/4876/35 4971/4877/35
f 4978/4878/5 4984/4879/5 4972/4880/5
f 4978/4878/5 4972/4880/5 4969/4881/5
f 4963/4882/8 4968/4883/8 4970/4884/8
f 4963/4882/8 4970/4884/8 4965/4885/8
f 4986/4886/1 4995/4887/1 4991/4888/1
f 4986/4886/1 4990/4889/1 4995/4887/1
f 5006/4890/36 5022/4891/36 5010/4892/36
f 5006/4890/36 5019/4893/36 5022/4891/36
f 4988/4894/36 5009/4895/36 4994/4896/36
f 4988/4894/36 5005/4897/36 5009/4895/36
f 4993/4898/37 5004/4899/37 4987/4900/37
f 4993/4898/37 5000/4901/37 5004/4899/37
f 4996/4902/46 4997/4903/46 4992/4904/46
f 4996/4902/38 5011/4905/38 4997/4903/38
f 4985/4906/38 4989/4907/38 5007/4908/38
f 4985/4906/38 5007/4908/38 5001/4909/38
f 5017/4910/8 5023/4911/8 5021/4912/8
f 5017/4910/8 5013/4913/8 5023/4911/8
f 4999/4914/37 5018/4915/37 5003/4916/37
f 4999/4914/37 5015/4917/37 5018/4915/37
f 5012/4918/38 5014/4919/38 4998/4920/38
f 5012/4918/38 5024/4921/38 5014/4919/38
f 5002/4922/38 5008/4923/38 5020/4924/38
f 5002/4922/38 5020/4924/38 5016/4925/38
s 1
f 5029/4926/47 5031/4927/47 5034/4928/47 5036/4929/47
f 5043/4930/48 5042/4931/48 5031/4932/48 5032/4933/48
f 5032/4934/47 5031/4927/47 5029/4926/47 5030/4935/47
f 5053/4936/49 5026/4937/49 5028/4938/49 5049/4939/49
f 5026/4940/50 5025/4941/50 5027/4942/50 5028/4943/50
f 5053/4944/51 5050/4945/51 5025/4946/51 5026/4947/51
f 5036/4929/47 5034/4928/47 5038/4948/47 5040/4949/47
f 5027/4950/52 5025/4951/52 5035/4952/52 5033/4953/52
f 5044/4954/51 5029/4955/51 5036/4956/51 5046/4957/51
f 5054/4958/48 5027/4959/48 5033/4960/48 5055/4961/48
f 5048/4962/53 5040/4963/53 5038/4964/53 5047/4965/53
f 5055/4961/48 5033/4960/48 5037/4966/48 5056/4967/48
f 5046/4957/51 5036/4956/51 5040/4968/51 5048/4969/51
f 5033/4970/50 5035/4971/50 5039/4972/50 5037/4973/50
f 5051/4974/51 5046/4957/51 5048/4969/51 5052/4975/51
f 5034/4976/48 5045/4977/48 5047/4978/48 5038/4979/48
f 5052/4980/54 5048/4981/54 5047/4982/54 5056/4983/54
f 5031/4932/48 5042/4931/48 5045/4977/48 5034/4976/48
f 5050/4945/51 5044/4954/51 5046/4957/51 5051/4974/51
f 5030/4984/51 5029/4955/51 5044/4954/51 5041/4985/51
f 5030/4986/49 5041/4987/49 5043/4988/49 5032/4989/49
f 5049/4990/48 5054/4958/48 5042/4931/48 5043/4930/48
f 5028/4991/48 5027/4959/48 5054/4958/48 5049/4990/48
f 5025/4946/51 5050/4945/51 5051/4974/51 5035/4992/51
f 5039/4972/55 5052/4980/55 5056/4983/55 5037/4973/55
f 5035/4992/51 5051/4974/51 5052/4975/51 5039/4993/51
f 5045/4977/48 5055/4961/48 5056/4967/48 5047/4978/48
f 5042/4931/48 5054/4958/48 5055/4961/48 5045/4977/48
f 5041/4985/51 5044/4954/51 5050/4945/51 5053/4944/51
f 5041/4987/49 5053/4936/49 5049/4939/49 5043/4988/49
f 5080/4994/56 5083/4995/57 5064/4996/58 5062/4997/59
f 5085/4998/60 5086/4999/61 5078/5000/62 5074/5001/63
f 5059/5002/64 5060/5003/65 5058/5004/66 5057/5005/67
f 5073/5006/68 5070/5007/69 5065/5008/70 5082/5009/71
s 0
f 5090/5010/72 5103/5011/72 5104/5012/72 5092/5013/72
s 1
f 5069/5014/73 5071/5015/74 5075/5016/75 5077/5017/76
f 5088/5018/77 5085/4998/60 5074/5001/63 5084/5019/78
f 5087/5020/79 5088/5018/77 5084/5019/78 5079/5021/80
f 5086/4999/61 5087/5020/79 5079/5021/80 5078/5000/62
f 5061/5022/81 5062/5023/59 5063/5024/82
f 5064/5025/58 5065/5026/70 5066/5027/83
f 5067/5028/84 5068/5029/85 5069/5030/73
f 5070/5007/69 5071/5015/74 5072/5031/86
f 5073/5032/68 5074/5001/63 5075/5033/75
f 5076/5034/87 5077/5035/76 5078/5000/62
f 5079/5021/80 5080/5036/56 5081/5037/88
f 5082/5038/71 5083/5039/57 5084/5019/78
f 5067/5028/84 5061/5022/81 5063/5024/82 5068/5029/85
f 5062/5040/59 5064/5025/58 5066/5027/83 5063/5041/82
f 5065/5026/70 5070/5042/69 5072/5043/86 5066/5027/83
f 5071/5044/74 5069/5045/73 5068/5046/85 5072/5047/86
f 5076/5048/87 5067/5028/84 5069/5030/73 5077/5049/76
f 5070/5007/69 5073/5006/68 5075/5016/75 5071/5015/74
f 5074/5001/63 5078/5000/62 5077/5035/76 5075/5033/75
f 5081/5037/88 5076/5034/87 5078/5000/62 5079/5021/80
f 5073/5032/68 5082/5038/71 5084/5019/78 5074/5001/63
f 5083/5039/57 5080/5036/56 5079/5021/80 5084/5019/78
f 5061/5022/81 5081/5050/88 5080/5051/56 5062/5023/59
f 5082/5052/71 5065/5053/70 5064/4996/58 5083/4995/57
f 5067/5028/84 5076/5048/87 5081/5050/88 5061/5022/81
f 5060/5003/65 5059/5002/64 5086/4999/61 5085/4998/60
f 5059/5002/64 5057/5005/67 5087/5020/79 5086/4999/61
f 5058/5004/66 5060/5003/65 5085/4998/60 5088/5018/77
f 5057/5005/67 5058/5004/66 5088/5018/77 5087/5020/79
s 0
f 5097/5054/51 5095/5055/51 5096/5056/51 5100/5057/51
f 5095/5058/89 5093/5059/89 5094/5060/89 5096/5061/89
f 5093/5062/48 5098/5063/48 5099/5064/48 5094/5065/48
f 5097/5066/90 5098/5067/90 5093/5068/90 5095/5069/90
f 5096/5056/91 5094/5070/91 5099/5071/91 5100/5057/91
f 5089/5072/92 5098/5073/92 5097/5074/92 5091/5075/92
f 5090/5076/93 5099/5077/93 5098/5073/93 5089/5072/93
f 5092/5078/92 5100/5079/92 5099/5077/92 5090/5076/92
f 5091/5075/93 5097/5074/93 5100/5079/93 5092/5078/93
f 5102/5080/94 5101/5081/94 5104/5082/94 5103/4910/94
f 5091/5083/95 5101/5084/95 5102/5085/95 5089/5086/95
f 5092/5087/48 5104/5088/48 5101/5089/48 5091/5090/48
f 5089/5086/51 5102/5085/51 5103/5091/51 5090/5092/51
s 1
f 5128/5093/56 5131/5094/57 5112/5095/58 5110/5096/59
f 5133/5097/60 5134/5098/61 5126/5099/62 5122/5100/63
f 5107/5101/64 5108/5102/65 5106/5103/66 5105/5104/67
f 5121/5105/68 5118/5106/69 5113/5107/70 5130/5108/71
s 0
f 5138/5109/72 5151/5110/72 5152/5111/72 5140/5112/72
s 1
f 5117/5113/73 5119/5114/74 5123/5115/96 5125/5116/97
f 5136/5117/77 5133/5097/60 5122/5100/63 5132/5118/78
f 5135/5119/79 5136/5117/77 5132/5118/78 5127/5120/80
f 5134/5098/61 5135/5119/79 5127/5120/80 5126/5099/62
f 5109/5121/81 5110/5122/59 5111/5123/82
f 5112/5124/58 5113/5125/70 5114/5126/83
f 5115/5127/84 5116/5128/85 5117/5129/73
f 5118/5106/69 5119/5114/74 5120/5130/86
f 5121/5131/68 5122/5100/63 5123/5132/96
f 5124/5133/87 5125/5134/97 5126/5099/62
f 5127/5120/80 5128/5135/56 5129/5136/88
f 5130/5137/71 5131/5138/57 5132/5118/78
f 5115/5127/84 5109/5121/81 5111/5123/82 5116/5128/85
f 5110/5139/59 5112/5124/58 5114/5126/83 5111/5140/82
f 5113/5125/70 5118/5141/69 5120/5142/86 5114/5126/83
f 5119/5143/74 5117/5144/73 5116/5145/85 5120/5146/86
f 5124/5147/87 5115/5127/84 5117/5129/73 5125/5148/97
f 5118/5106/69 5121/5105/68 5123/5115/96 5119/5114/74
f 5122/5100/63 5126/5099/62 5125/5134/97 5123/5132/96
f 5129/5136/88 5124/5133/87 5126/5099/62 5127/5120/80
f 5121/5131/68 5130/5137/71 5132/5118/78 5122/5100/63
f 5131/5138/57 5128/5135/56 5127/5120/80 5132/5118/78
f 5109/5121/81 5129/5149/88 5128/5150/56 5110/5122/59
f 5130/5151/71 5113/5152/70 5112/5095/58 5131/5094/57
f 5115/5127/84 5124/5147/87 5129/5149/88 5109/5121/81
f 5108/5102/65 5107/5101/64 5134/5098/61 5133/5097/60
f 5107/5101/64 5105/5104/67 5135/5119/79 5134/5098/61
f 5106/5103/66 5108/5102/65 5133/5097/60 5136/5117/77
f 5105/5104/67 5106/5103/66 5136/5117/77 5135/5119/79
s 0
f 5145/5153/51 5143/5154/51 5144/5155/51 5148/5156/51
f 5143/5157/89 5141/5158/89 5142/5159/89 5144/5160/89
f 5141/5161/48 5146/5162/48 5147/5163/48 5142/5164/48
f 5145/5165/90 5146/5166/90 5141/5167/90 5143/5168/90
f 5144/5155/91 5142/5169/91 5147/5170/91 5148/5156/91
f 5137/5171/92 5146/5172/92 5145/5173/92 5139/5174/92
f 5138/5175/93 5147/5176/93 5146/5172/93 5137/5171/93
f 5140/5177/92 5148/5178/92 5147/5176/92 5138/5175/92
f 5139/5174/93 5145/5173/93 5148/5178/93 5140/5177/93
f 5150/5179/94 5149/5180/94 5152/5181/94 5151/5182/94
f 5139/5183/95 5149/5184/95 5150/5185/95 5137/5186/95
f 5140/5187/48 5152/5188/48 5149/5189/48 5139/5190/48
f 5137/5186/51 5150/5185/51 5151/5191/51 5138/5192/51
s 1
f 5176/5193/56 5179/5194/57 5160/5195/58 5158/5196/59
f 5181/5197/60 5182/5198/61 5174/5199/62 5170/5200/63
f 5155/5201/64 5156/5202/65 5154/5203/66 5153/5204/67
f 5169/5205/68 5166/5206/69 5161/5207/70 5178/5208/71
s 0
f 5186/5209/72 5199/5210/72 5200/5211/72 5188/5212/72
s 1
f 5165/5213/73 5167/5214/74 5171/5215/75 5173/5216/97
f 5184/5217/77 5181/5197/60 5170/5200/63 5180/5218/78
f 5183/5219/79 5184/5217/77 5180/5218/78 5175/5220/80
f 5182/5198/61 5183/5219/79 5175/5220/80 5174/5199/62
f 5157/5221/98 5158/5222/59 5159/5223/82
f 5160/5224/58 5161/5225/70 5162/5226/83
f 5163/5227/84 5164/5228/85 5165/5229/73
f 5166/5206/69 5167/5214/74 5168/5230/86
f 5169/5231/68 5170/5200/63 5171/5232/75
f 5172/5233/87 5173/5234/97 5174/5199/62
f 5175/5220/80 5176/5235/56 5177/5236/88
f 5178/5237/71 5179/5238/57 5180/5218/78
f 5163/5227/84 5157/5221/98 5159/5223/82 5164/5228/85
f 5158/5239/59 5160/5224/58 5162/5226/83 5159/5240/82
f 5161/5225/70 5166/5241/69 5168/5242/86 5162/5226/83
f 5167/5243/74 5165/5244/73 5164/5245/85 5168/5246/86
f 5172/5247/87 5163/5227/84 5165/5229/73 5173/5248/97
f 5166/5206/69 5169/5205/68 5171/5215/75 5167/5214/74
f 5170/5200/63 5174/5199/62 5173/5234/97 5171/5232/75
f 5177/5236/88 5172/5233/87 5174/5199/62 5175/5220/80
f 5169/5231/68 5178/5237/71 5180/5218/78 5170/5200/63
f 5179/5238/57 5176/5235/56 5175/5220/80 5180/5218/78
f 5157/5221/98 5177/5249/88 5176/5250/56 5158/5222/59
f 5178/5251/71 5161/5252/70 5160/5195/58 5179/5194/57
f 5163/5227/84 5172/5247/87 5177/5249/88 5157/5221/98
f 5156/5202/65 5155/5201/64 5182/5198/61 5181/5197/60
f 5155/5201/64 5153/5204/67 5183/5219/79 5182/5198/61
f 5154/5203/66 5156/5202/65 5181/5197/60 5184/5217/77
f 5153/5204/67 5154/5203/66 5184/5217/77 5183/5219/79
s 0
f 5193/5253/51 5191/5254/51 5192/5255/51 5196/5256/51
f 5191/5257/89 5189/5258/89 5190/5259/89 5192/5260/89
f 5189/5261/48 5194/5262/48 5195/5263/48 5190/5264/48
f 5193/5265/90 5194/5266/90 5189/5267/90 5191/5268/90
f 5192/5255/91 5190/5269/91 5195/5270/91 5196/5256/91
f 5185/5271/92 5194/5272/92 5193/5273/92 5187/5274/92
f 5186/5275/93 5195/5276/93 5194/5272/93 5185/5271/93
f 5188/5277/92 5196/5278/92 5195/5276/92 5186/5275/92
f 5187/5274/99 5193/5273/99 5196/5278/99 5188/5277/99
f 5198/5279/94 5197/5280/94 5200/5281/94 5199/5282/94
f 5187/5283/95 5197/5284/95 5198/5285/95 5185/5286/95
f 5188/5287/48 5200/5288/48 5197/5289/48 5187/5290/48
f 5185/5286/51 5198/5285/51 5199/5291/51 5186/5292/51
f 5203/5293/7 5202/5294/7 5201/5295/7
s 1
f 5227/5296/56 5230/5297/57 5211/5298/58 5209/5299/59
f 5232/5300/60 5233/5301/61 5225/5302/62 5221/5303/100
f 5206/5304/64 5207/5305/65 5205/5306/66 5204/5307/67
f 5220/5308/68 5217/5309/69 5212/5310/70 5229/5311/71
s 0
f 5237/5312/72 5250/5313/72 5251/5314/72 5239/5315/72
s 1
f 5216/5316/73 5218/5317/74 5222/5318/75 5224/5319/76
f 5235/5320/77 5232/5300/60 5221/5303/100 5231/5321/78
f 5234/5322/79 5235/5320/77 5231/5321/78 5226/5323/80
f 5233/5301/61 5234/5322/79 5226/5323/80 5225/5302/62
f 5208/5324/81 5209/5325/59 5210/5326/82
f 5211/5327/58 5212/5328/70 5213/5329/83
f 5214/5330/84 5215/5331/85 5216/5332/73
f 5217/5309/69 5218/5317/74 5219/5333/86
f 5220/5334/68 5221/5303/100 5222/5335/75
f 5223/5336/87 5224/5337/76 5225/5302/62
f 5226/5323/80 5227/5338/56 5228/5339/88
f 5229/5340/71 5230/5341/57 5231/5321/78
f 5214/5330/84 5208/5324/81 5210/5326/82 5215/5331/85
f 5209/5342/59 5211/5327/58 5213/5329/83 5210/5343/82
f 5212/5328/70 5217/5344/69 5219/5345/86 5213/5329/83
f 5218/5346/74 5216/5347/73 5215/5348/85 5219/5349/86
f 5223/5350/87 5214/5330/84 5216/5332/73 5224/5351/76
f 5217/5309/69 5220/5308/68 5222/5318/75 5218/5317/74
f 5221/5303/100 5225/5302/62 5224/5337/76 5222/5335/75
f 5228/5339/88 5223/5336/87 5225/5302/62 5226/5323/80
f 5220/5334/68 5229/5340/71 5231/5321/78 5221/5303/100
f 5230/5341/57 5227/5338/56 5226/5323/80 5231/5321/78
f 5208/5324/81 5228/5352/88 5227/5353/56 5209/5325/59
f 5229/5354/71 5212/5355/70 5211/5298/58 5230/5297/57
f 5214/5330/84 5223/5350/87 5228/5352/88 5208/5324/81
f 5207/5305/65 5206/5304/64 5233/5301/61 5232/5300/60
f 5206/5304/64 5204/5307/67 5234/5322/79 5233/5301/61
f 5205/5306/66 5207/5305/65 5232/5300/60 5235/5320/77
f 5204/5307/67 5205/5306/66 5235/5320/77 5234/5322/79
s 0
f 5244/5356/51 5242/5357/51 5243/5358/51 5247/5359/51
f 5242/5360/89 5240/5361/89 5241/5362/89 5243/5363/89
f 5240/5364/48 5245/5365/48 5246/5366/48 5241/5367/48
f 5244/5368/90 5245/5369/90 5240/5370/90 5242/5371/90
f 5243/5358/91 5241/5372/91 5246/5373/91 5247/5359/91
f 5236/5374/92 5245/5375/92 5244/5376/92 5238/5377/92
f 5237/5378/93 5246/2476/93 5245/5375/93 5236/5374/93
f 5239/5379/92 5247/5380/92 5246/2476/92 5237/5378/92
f 5238/5377/93 5244/5376/93 5247/5380/93 5239/5379/93
f 5249/5381/94 5248/5382/94 5251/5383/94 5250/5384/94
f 5238/5385/95 5248/5386/95 5249/5387/95 5236/5388/95
f 5239/5389/48 5251/5390/48 5248/5391/48 5238/5392/48
f 5236/5388/51 5249/5387/51 5250/5393/51 5237/5394/51
