# Blender 4.1.1
# www.blender.org
mtllib porte.mtl
o pipe_handle
v 0.259161 5.085976 0.065253
v 0.260988 5.136692 -0.012733
v 0.264938 5.153126 -0.097722
v 0.258336 5.136691 -0.182546
v 0.254074 5.085976 -0.260436
v 0.209899 5.085976 0.066022
v 0.205754 5.136692 -0.011869
v 0.199171 5.153126 -0.096695
v 0.203102 5.136692 -0.181683
v 0.204812 5.085976 -0.259667
v 0.385682 6.003712 -0.166077
v 0.384600 5.995922 -0.236036
v 0.384603 5.802322 -0.228545
v 0.382201 5.781572 -0.166964
v 0.388868 5.995934 0.036793
v 0.387774 6.003738 -0.033169
v 0.384310 5.781563 -0.032174
v 0.388633 5.802318 0.029305
v 0.228368 5.291430 -0.034262
v 0.226403 5.291430 -0.160008
v 0.386711 6.004144 -0.099623
v 0.448556 5.802319 0.028369
v 0.448555 5.995934 0.035863
v 0.444299 5.995923 -0.236969
v 0.444533 5.802325 -0.229482
v 0.444890 5.781564 -0.167943
v 0.445403 6.003712 -0.167009
v 0.446451 6.004145 -0.100556
v 0.452256 5.778957 -0.100647
v 0.447464 6.003738 -0.034101
v 0.446991 5.781555 -0.033153
v 0.284994 5.292506 -0.098034
v 0.275782 5.291430 -0.160779
v 0.277746 5.291430 -0.035033
v 0.374712 5.778961 -0.099435
v 0.219156 5.292507 -0.097008
v 0.484245 5.855900 -0.232151
v 0.483605 5.944356 -0.235884
v 0.488187 5.861833 -0.167676
v 0.485199 5.952888 -0.169363
v 0.489757 5.862184 -0.101233
v 0.486408 5.953578 -0.101179
v 0.490210 5.861775 -0.034768
v 0.487231 5.953039 -0.032981
v 0.488310 5.855871 0.029797
v 0.487774 5.944414 0.033550
v 0.345345 5.944345 -0.233721
v 0.344835 5.855881 -0.229970
v 0.345827 5.952901 -0.167187
v 0.342865 5.861910 -0.165407
v 0.346751 5.953584 -0.098998
v 0.343392 5.862211 -0.098946
v 0.348055 5.953052 -0.030806
v 0.344994 5.861853 -0.032500
v 0.349597 5.944413 0.035707
v 0.348948 5.855862 0.031973
v 0.252502 4.776190 -0.361081
v 0.256066 4.689343 -0.327881
v 0.262264 4.626136 -0.268930
v 0.258211 4.589518 -0.190498
v 0.256618 4.584732 -0.097591
v 0.203240 4.776190 -0.360310
v 0.200832 4.689342 -0.327018
v 0.196497 4.626135 -0.267902
v 0.202978 4.589518 -0.189636
v 0.207356 4.584731 -0.096822
v 0.377078 3.898932 -0.716973
v 0.378044 3.864108 -0.655796
v 0.379613 4.025136 -0.548072
v 0.375662 4.078093 -0.585601
v 0.374603 4.024483 -0.876527
v 0.375414 3.977041 -0.824513
v 0.373963 4.157337 -0.694644
v 0.376357 4.176720 -0.756674
v 0.222647 4.551205 -0.400492
v 0.224236 4.477285 -0.298762
v 0.376225 3.937647 -0.770988
v 0.436280 4.176719 -0.757610
v 0.434289 4.024483 -0.877460
v 0.437743 3.864106 -0.656729
v 0.439542 4.025134 -0.549009
v 0.438351 4.078099 -0.586575
v 0.436799 3.898933 -0.717905
v 0.435965 3.937647 -0.771921
v 0.443837 4.119827 -0.639666
v 0.435104 3.977041 -0.825446
v 0.436644 4.157344 -0.695618
v 0.281040 4.513373 -0.351160
v 0.273615 4.477285 -0.299533
v 0.272026 4.551205 -0.401263
v 0.366293 4.119823 -0.638457
v 0.215202 4.513373 -0.350132
v 0.478821 3.980586 -0.579459
v 0.477474 3.906824 -0.628409
v 0.480885 4.013715 -0.635190
v 0.477110 3.939031 -0.687256
v 0.480575 4.052495 -0.689164
v 0.476386 3.978556 -0.742828
v 0.479153 4.091891 -0.742680
v 0.475287 4.019083 -0.797678
v 0.475484 4.134597 -0.791363
v 0.474029 4.065165 -0.846418
v 0.339214 3.906836 -0.626246
v 0.339411 3.980604 -0.577274
v 0.337737 3.939020 -0.685087
v 0.335562 4.013652 -0.632966
v 0.336729 3.978552 -0.740650
v 0.334209 4.052474 -0.686895
v 0.336111 4.019071 -0.795513
v 0.333936 4.091828 -0.740456
v 0.335853 4.065166 -0.844261
v 0.336123 4.134604 -0.789180
v 0.261112 4.589517 -0.004779
v 0.267612 4.626135 0.073487
v 0.263258 4.689343 0.132602
v 0.260733 4.776190 0.165896
v 0.205878 4.589517 -0.003917
v 0.201845 4.626135 0.074513
v 0.208024 4.689343 0.133465
v 0.211471 4.776190 0.166666
v 0.398042 3.977061 0.625245
v 0.398865 4.024490 0.677269
v 0.396879 4.176713 0.557430
v 0.392548 4.157330 0.495511
v 0.395424 3.864094 0.456550
v 0.396378 3.898909 0.517739
v 0.390848 4.078099 0.386457
v 0.393624 4.025137 0.348819
v 0.230535 4.477285 0.104491
v 0.232123 4.551205 0.206222
v 0.397196 3.937647 0.571740
v 0.453547 4.025136 0.347884
v 0.455110 3.864094 0.455618
v 0.458564 4.024489 0.676337
v 0.456808 4.176711 0.556495
v 0.455237 4.157336 0.494526
v 0.457763 3.977061 0.624314
v 0.456937 3.937647 0.570808
v 0.460675 4.119827 0.438371
v 0.456068 3.898909 0.516807
v 0.453529 4.078106 0.385473
v 0.288947 4.513373 0.155090
v 0.281502 4.551205 0.205450
v 0.279913 4.477285 0.103720
v 0.383131 4.119823 0.439586
v 0.223109 4.513373 0.156118
v 0.497071 4.134572 0.589018
v 0.497349 4.065209 0.644042
v 0.499244 4.091843 0.540262
v 0.497141 4.019197 0.595224
v 0.498940 4.052495 0.486698
v 0.496430 3.978554 0.540464
v 0.497511 4.013760 0.432705
v 0.495321 3.938902 0.484979
v 0.493734 3.980608 0.377081
v 0.493905 3.906774 0.426101
v 0.359088 4.065217 0.646192
v 0.357660 4.134585 0.591182
v 0.357768 4.019186 0.597409
v 0.353922 4.091781 0.542577
v 0.356773 3.978550 0.542648
v 0.352575 4.052473 0.489000
v 0.356145 3.938891 0.487160
v 0.352295 4.013696 0.435018
v 0.355728 3.906775 0.428258
v 0.354372 3.980614 0.379253
v 0.264154 4.865994 0.189992
v 0.269264 4.951833 0.179299
v 0.263335 5.027516 0.137517
v 0.211759 4.872692 0.183064
v 0.203300 4.947780 0.167856
v 0.211024 5.017545 0.136004
v 0.403360 5.277886 0.965720
v 0.402917 5.342024 0.936692
v 0.399964 5.275074 0.754908
v 0.396589 5.210138 0.754241
v 0.404240 5.082518 1.021014
v 0.404017 5.151477 1.006816
v 0.397243 5.081927 0.795886
v 0.401211 5.029811 0.834582
v 0.234070 4.934769 0.330835
v 0.233463 5.054374 0.291976
v 0.403677 5.214812 0.986667
v 0.461134 5.029812 0.833648
v 0.463927 5.082518 1.020082
v 0.462616 5.342025 0.935761
v 0.459893 5.275075 0.753974
v 0.459278 5.210136 0.753254
v 0.463081 5.277886 0.964786
v 0.463417 5.214812 0.985734
v 0.465878 5.145226 0.771503
v 0.463707 5.151477 1.005884
v 0.459924 5.081924 0.794898
v 0.291391 4.994904 0.311531
v 0.282842 5.054374 0.291205
v 0.283448 4.934769 0.330063
v 0.388334 5.145227 0.772718
v 0.225553 4.994904 0.312558
v 0.500424 5.293580 0.803668
v 0.501138 5.324473 0.886635
v 0.503757 5.234043 0.829200
v 0.502140 5.263829 0.915300
v 0.504615 5.170944 0.850061
v 0.502624 5.199185 0.937025
v 0.504345 5.107608 0.870217
v 0.502702 5.134152 0.957589
v 0.501661 5.044413 0.884585
v 0.502399 5.068214 0.969952
v 0.362877 5.324466 0.888786
v 0.361013 5.293571 0.805827
v 0.362768 5.263833 0.917489
v 0.358436 5.234067 0.831544
v 0.362967 5.199187 0.939211
v 0.358250 5.170952 0.852372
v 0.363527 5.134157 0.959774
v 0.359129 5.107632 0.872559
v 0.364222 5.068214 0.972108
v 0.362299 5.044411 0.886754
v 0.255989 5.027516 -0.332795
v 0.260611 4.951833 -0.374743
v 0.255169 4.865994 -0.385271
v 0.200755 5.027516 -0.331934
v 0.194845 4.951833 -0.373717
v 0.199936 4.865994 -0.384408
v 0.369439 5.151471 -1.206037
v 0.369228 5.082520 -1.220249
v 0.372026 5.029818 -1.033831
v 0.369267 5.081930 -0.995034
v 0.370551 5.342032 -1.135951
v 0.370096 5.277897 -1.164993
v 0.369922 5.210136 -0.953372
v 0.373273 5.275077 -0.954145
v 0.221308 5.054374 -0.486247
v 0.220701 4.934769 -0.525105
v 0.369744 5.214813 -1.185914
v 0.433196 5.275078 -0.955082
v 0.430238 5.342032 -1.136883
v 0.428927 5.082520 -1.221183
v 0.431955 5.029819 -1.034770
v 0.431956 5.081927 -0.996004
v 0.429160 5.151472 -1.206970
v 0.429484 5.214813 -1.186846
v 0.438634 5.145226 -0.972798
v 0.429786 5.277897 -1.165926
v 0.432603 5.210134 -0.954343
v 0.278597 4.994905 -0.507599
v 0.270080 4.934769 -0.525876
v 0.270687 5.054374 -0.487019
v 0.361090 5.145227 -0.971591
v 0.212759 4.994905 -0.506572
v 0.470894 5.044425 -1.086969
v 0.468981 5.068201 -1.172234
v 0.474052 5.107628 -1.072720
v 0.469730 5.134118 -1.159798
v 0.474899 5.170944 -1.052527
v 0.470193 5.199189 -1.139385
v 0.474641 5.234028 -1.031595
v 0.470287 5.263887 -1.117795
v 0.472132 5.293574 -1.005995
v 0.470240 5.324496 -1.089029
v 0.330720 5.068201 -1.170062
v 0.331484 5.044423 -1.084773
v 0.330357 5.134122 -1.157634
v 0.328728 5.107653 -1.070524
v 0.330535 5.199191 -1.137209
v 0.328533 5.170953 -1.050267
v 0.331111 5.263891 -1.115634
v 0.329423 5.234052 -1.029400
v 0.332064 5.324495 -1.086870
v 0.332771 5.293571 -1.003811
v 0.339035 5.159419 -0.817560
v 0.388422 5.159419 -0.818331
v 0.396359 5.101420 -0.837302
v 0.387834 5.043422 -0.856016
v 0.338446 5.043422 -0.855245
v 0.330509 5.101420 -0.836274
v 0.351209 5.637201 -0.038078
v 0.400597 5.637201 -0.038848
v 0.407876 5.637201 -0.099954
v 0.398692 5.637200 -0.160802
v 0.349304 5.637201 -0.160030
v 0.342025 5.637201 -0.098926
v 0.362068 5.043422 0.657135
v 0.411455 5.043422 0.656365
v 0.419392 5.101420 0.637395
v 0.410867 5.159420 0.618680
v 0.361479 5.159420 0.619451
v 0.353542 5.101420 0.638423
v 0.356604 4.198665 0.307322
v 0.405991 4.198665 0.306550
v 0.414993 4.234509 0.355752
v 0.407532 4.270355 0.405212
v 0.358145 4.270355 0.405983
v 0.349143 4.234509 0.356780
v 0.342369 4.270355 -0.604091
v 0.391756 4.270355 -0.604862
v 0.400758 4.234510 -0.555660
v 0.393297 4.198665 -0.506201
v 0.343909 4.198665 -0.505430
v 0.334908 4.234510 -0.554632
v 0.266561 5.014606 0.013278
v 0.265818 5.041432 -0.039366
v 0.264922 5.050675 -0.097722
v 0.263995 5.041432 -0.156076
v 0.263094 5.014606 -0.208718
v 0.262022 4.803450 -0.277317
v 0.262520 4.750801 -0.250496
v 0.263188 4.709019 -0.208719
v 0.263995 4.682193 -0.156076
v 0.264827 4.672949 -0.097720
v 0.265818 4.682193 -0.039366
v 0.266655 4.709019 0.013276
v 0.267292 4.750802 0.055053
v 0.267633 4.803450 0.081877
v 0.267856 4.861813 0.091120
v 0.267727 4.920175 0.081876
v 0.267292 4.972823 0.055053
v 0.262520 4.972824 -0.250496
v 0.262117 4.920175 -0.277319
v 0.261957 4.861813 -0.286561
v 0.200879 5.014606 0.014304
v 0.200075 5.041432 -0.038339
v 0.199141 4.861812 -0.096694
v 0.199168 5.050675 -0.096695
v 0.198253 5.041432 -0.155050
v 0.197412 5.014606 -0.207692
v 0.196340 4.803450 -0.276292
v 0.196778 4.750801 -0.249469
v 0.197434 4.709019 -0.207692
v 0.198253 4.682193 -0.155050
v 0.199145 4.672949 -0.096694
v 0.200075 4.682193 -0.038339
v 0.200901 4.709019 0.014303
v 0.201550 4.750802 0.056080
v 0.201951 4.803450 0.082903
v 0.202113 4.861813 0.092147
v 0.201973 4.920175 0.082903
v 0.201550 4.972823 0.056080
v 0.196778 4.972824 -0.249469
v 0.196363 4.920175 -0.276292
v 0.196215 4.861813 -0.285534
v 0.267217 5.072425 0.055281
v 0.266163 5.109402 -0.017284
v 0.264922 5.122144 -0.097722
v 0.263650 5.109402 -0.178158
v 0.262438 5.072425 -0.250720
v 0.261617 5.014832 -0.308309
v 0.261055 4.942259 -0.345281
v 0.260841 4.861813 -0.358020
v 0.260961 4.781366 -0.345280
v 0.261617 4.708794 -0.308309
v 0.262532 4.651200 -0.250722
v 0.263650 4.614223 -0.178158
v 0.264828 4.601481 -0.097720
v 0.266163 4.614223 -0.017285
v 0.267312 4.651200 0.055278
v 0.268195 4.708794 0.112865
v 0.268694 4.781366 0.149840
v 0.268972 4.861813 0.162578
v 0.268789 4.942259 0.149838
v 0.268195 5.014832 0.112864
v 0.328547 4.861813 -0.098716
v 0.330186 5.004292 0.004789
v 0.326537 5.011585 0.010145
v 0.312307 5.014228 0.012288
v 0.311564 5.040988 -0.040224
v 0.325807 5.037880 -0.041458
v 0.329492 5.029306 -0.044301
v 0.310670 5.050209 -0.098436
v 0.324929 5.046941 -0.098659
v 0.328657 5.037926 -0.098717
v 0.309746 5.040987 -0.156647
v 0.324021 5.037880 -0.155860
v 0.327792 5.029307 -0.153133
v 0.308848 5.014228 -0.209159
v 0.323138 5.011585 -0.207460
v 0.326952 5.004292 -0.202220
v 0.325953 4.807390 -0.266191
v 0.322088 4.804605 -0.274705
v 0.307779 4.803595 -0.277589
v 0.308274 4.751076 -0.250833
v 0.322574 4.752997 -0.248411
v 0.326417 4.758296 -0.241178
v 0.308941 4.709396 -0.209160
v 0.323229 4.712040 -0.207461
v 0.327040 4.719334 -0.202222
v 0.309746 4.682637 -0.156646
v 0.324021 4.685745 -0.155859
v 0.327792 4.694317 -0.153132
v 0.310577 4.673416 -0.098435
v 0.324837 4.676683 -0.098657
v 0.328569 4.685698 -0.098716
v 0.311564 4.682637 -0.040224
v 0.325807 4.685745 -0.041458
v 0.329492 4.694319 -0.044301
v 0.312399 4.709396 0.012287
v 0.326628 4.712040 0.010144
v 0.330274 4.719334 0.004788
v 0.313036 4.751076 0.053961
v 0.327253 4.752997 0.051096
v 0.330867 4.758295 0.043746
v 0.313376 4.803595 0.080720
v 0.327587 4.804605 0.077390
v 0.331185 4.807390 0.068760
v 0.313597 4.861813 0.089938
v 0.327805 4.861813 0.086448
v 0.331393 4.861813 0.077376
v 0.313468 4.920030 0.080718
v 0.327679 4.919020 0.077387
v 0.331273 4.916234 0.068757
v 0.313036 4.972549 0.053961
v 0.327253 4.970628 0.051096
v 0.330867 4.965331 0.043746
v 0.308274 4.972549 -0.250833
v 0.322575 4.970628 -0.248411
v 0.326417 4.965330 -0.241178
v 0.307872 4.920031 -0.277590
v 0.322179 4.919020 -0.274704
v 0.326041 4.916234 -0.266190
v 0.307713 4.861813 -0.286809
v 0.322023 4.861813 -0.283765
v 0.325892 4.861813 -0.274810
v 0.325880 4.741291 -0.098715
v 0.417498 4.781967 -0.100146
v 0.382455 4.742061 -0.099599
v 0.324250 4.801551 -0.203078
v 0.416418 4.821890 -0.169286
v 0.380835 4.801937 -0.203295
v 0.327510 4.922074 0.005647
v 0.418578 4.901736 -0.031006
v 0.384074 4.921689 0.004097
v 0.327510 4.801552 0.005647
v 0.418578 4.821890 -0.031006
v 0.384074 4.801937 0.004097
v 0.324250 4.922074 -0.203078
v 0.416418 4.901736 -0.169286
v 0.380835 4.921689 -0.203295
v 0.325880 4.982335 -0.098715
v 0.417498 4.941659 -0.100146
v 0.382455 4.981565 -0.099598
v 0.325881 4.755929 -0.098714
v 0.324559 4.808871 -0.183343
v 0.327202 4.914755 -0.014087
v 0.327202 4.808871 -0.014087
v 0.324559 4.914755 -0.183342
v 0.325880 4.967697 -0.098714
v 0.325880 4.766514 -0.098715
v 0.325881 4.810860 -0.098715
v 0.325881 4.912767 -0.098715
v 0.325880 4.957112 -0.098715
v 0.438601 4.888712 -0.053880
v 0.438601 4.834914 -0.053879
v 0.437874 4.915612 -0.100465
v 0.437874 4.808014 -0.100465
v 0.437146 4.834914 -0.147049
v 0.437146 4.888712 -0.147050
v 0.437325 4.826810 -0.135615
v 0.437325 4.896816 -0.135615
v 0.437874 4.897593 -0.100465
v 0.437874 4.826033 -0.100465
v 0.438569 4.887423 -0.055953
v 0.438423 4.896816 -0.065314
v 0.438423 4.826810 -0.065314
v 0.438569 4.836203 -0.055953
v 0.437874 4.911623 -0.100465
v 0.437874 4.812003 -0.100464
v 0.437179 4.836203 -0.144976
v 0.437179 4.887423 -0.144975
v 0.416635 4.808014 -0.100133
v 0.420937 4.808014 -0.100200
v 0.415908 4.834914 -0.146718
v 0.420209 4.834913 -0.146785
v 0.417363 4.888712 -0.053548
v 0.421665 4.888712 -0.053615
v 0.417363 4.834914 -0.053547
v 0.421665 4.834913 -0.053615
v 0.415908 4.888712 -0.146719
v 0.420209 4.888712 -0.146786
v 0.416635 4.915612 -0.100133
v 0.420937 4.915612 -0.100200
v 0.266930 5.047129 0.036904
v 0.266012 5.079665 -0.026946
v 0.264922 5.090876 -0.097722
v 0.263801 5.079665 -0.168498
v 0.262725 5.047129 -0.232344
v 0.262012 4.996453 -0.283015
v 0.261520 4.932597 -0.315547
v 0.261329 4.861813 -0.326756
v 0.261425 4.791028 -0.315546
v 0.262012 4.727172 -0.283016
v 0.262819 4.676496 -0.232346
v 0.263801 4.643960 -0.168497
v 0.264828 4.632749 -0.097720
v 0.266012 4.643960 -0.026945
v 0.267025 4.676496 0.036903
v 0.267800 4.727172 0.087572
v 0.268230 4.791028 0.120106
v 0.268484 4.861813 0.131314
v 0.268324 4.932597 0.120106
v 0.267800 4.996453 0.087573
v 0.201248 5.047129 0.037930
v 0.202058 4.996453 0.088598
v 0.202570 4.932597 0.121132
v 0.202741 4.861813 0.132341
v 0.202548 4.791028 0.121133
v 0.202058 4.727172 0.088599
v 0.201271 4.676496 0.037930
v 0.200270 4.643960 -0.025919
v 0.199146 4.632749 -0.096694
v 0.198059 4.643960 -0.167471
v 0.197065 4.676496 -0.231319
v 0.196270 4.727172 -0.281988
v 0.195743 4.791028 -0.314520
v 0.195587 4.861813 -0.325729
v 0.195766 4.932597 -0.314521
v 0.196270 4.996453 -0.281989
v 0.197043 5.047129 -0.231318
v 0.198059 5.079665 -0.167470
v 0.199168 5.090876 -0.096695
v 0.200270 5.079665 -0.025918
v 0.322048 5.013095 0.011314
v 0.321311 5.039656 -0.040810
v 0.328361 5.007939 0.007468
v 0.327650 5.033593 -0.042880
v 0.317554 4.804027 -0.276410
v 0.318045 4.751899 -0.249852
v 0.324020 4.805997 -0.270448
v 0.324496 4.755646 -0.244795
v 0.292060 5.014606 0.012880
v 0.291316 5.041432 -0.039765
v 0.290420 5.050675 -0.098120
v 0.289494 5.041431 -0.156475
v 0.288593 5.014606 -0.209117
v 0.287522 4.803450 -0.277716
v 0.288018 4.750801 -0.250895
v 0.288686 4.709019 -0.209117
v 0.289494 4.682193 -0.156475
v 0.290327 4.672949 -0.098118
v 0.291316 4.682193 -0.039765
v 0.292154 4.709019 0.012879
v 0.292791 4.750802 0.054655
v 0.293132 4.803450 0.081481
v 0.293354 4.861813 0.090721
v 0.293225 4.920174 0.081479
v 0.292792 4.972823 0.054656
v 0.288018 4.972824 -0.250894
v 0.287615 4.920175 -0.277716
v 0.287456 4.861813 -0.286959
v 0.320424 5.048808 -0.098588
v 0.326793 5.042433 -0.098688
v 0.319507 5.039656 -0.156366
v 0.325906 5.033594 -0.154497
v 0.318615 5.013095 -0.208488
v 0.325045 5.007939 -0.204841
v 0.318045 4.971726 -0.249852
v 0.324496 4.967979 -0.244795
v 0.318707 4.710530 -0.208488
v 0.325135 4.715687 -0.204841
v 0.319507 4.683969 -0.156366
v 0.325906 4.690031 -0.154496
v 0.320331 4.674817 -0.098587
v 0.326703 4.681190 -0.098687
v 0.321310 4.683969 -0.040810
v 0.327650 4.690032 -0.042880
v 0.322140 4.710530 0.011313
v 0.328451 4.715687 0.007467
v 0.322772 4.751899 0.052676
v 0.329060 4.755646 0.047421
v 0.323109 4.804028 0.079235
v 0.329386 4.805997 0.073076
v 0.323328 4.861813 0.088385
v 0.329599 4.861813 0.081913
v 0.323201 4.919597 0.079234
v 0.329476 4.917627 0.073072
v 0.322772 4.971725 0.052677
v 0.329060 4.967979 0.047421
v 0.317646 4.919597 -0.276410
v 0.324110 4.917627 -0.270448
v 0.317489 4.861813 -0.285561
v 0.323957 4.861812 -0.279288
v 0.325860 4.741675 -0.100048
v 0.324266 4.800590 -0.202078
v 0.415660 4.821272 -0.170344
v 0.416509 4.813308 -0.163471
v 0.416458 4.823374 -0.166716
v 0.417337 4.782713 -0.110485
v 0.416757 4.780731 -0.100135
v 0.417498 4.784935 -0.100147
v 0.381275 4.800295 -0.201600
v 0.382262 4.802701 -0.201993
v 0.378805 4.801630 -0.203794
v 0.383861 4.743589 -0.099621
v 0.382832 4.742714 -0.101878
v 0.380433 4.741447 -0.099567
v 0.327516 4.920727 0.005981
v 0.327516 4.802899 0.005981
v 0.417854 4.821272 -0.029924
v 0.418649 4.831218 -0.026483
v 0.418538 4.823374 -0.033576
v 0.418649 4.892408 -0.026483
v 0.417854 4.902354 -0.029924
v 0.418538 4.900252 -0.033576
v 0.384497 4.804232 0.004661
v 0.385460 4.802701 0.002752
v 0.382061 4.801630 0.004659
v 0.385460 4.920925 0.002752
v 0.384497 4.919394 0.004661
v 0.382061 4.921996 0.004659
v 0.327495 4.800590 0.004648
v 0.325901 4.741675 -0.097383
v 0.417660 4.782713 -0.089808
v 0.418487 4.813308 -0.036821
v 0.382904 4.742714 -0.097333
v 0.384461 4.800296 0.002389
v 0.324245 4.802898 -0.203412
v 0.324245 4.920727 -0.203412
v 0.415660 4.902354 -0.170346
v 0.416348 4.892408 -0.173810
v 0.416458 4.900252 -0.166716
v 0.416348 4.831218 -0.173810
v 0.381240 4.919394 -0.203872
v 0.382262 4.920925 -0.201993
v 0.378805 4.921996 -0.203794
v 0.381239 4.804232 -0.203872
v 0.324266 4.923036 -0.202078
v 0.325860 4.981951 -0.100048
v 0.416757 4.942894 -0.100135
v 0.417337 4.940913 -0.110485
v 0.417498 4.938691 -0.100147
v 0.416509 4.910317 -0.163471
v 0.382833 4.980912 -0.101878
v 0.383861 4.980037 -0.099621
v 0.380433 4.982179 -0.099567
v 0.381275 4.923331 -0.201600
v 0.325901 4.981951 -0.097383
v 0.327495 4.923037 0.004648
v 0.418487 4.910317 -0.036821
v 0.417660 4.940913 -0.089808
v 0.384461 4.923331 0.002389
v 0.382904 4.980912 -0.097333
v 0.437320 4.835711 -0.135909
v 0.437320 4.887914 -0.135909
v 0.437874 4.888870 -0.100465
v 0.438007 4.897528 -0.091942
v 0.438007 4.826097 -0.091942
v 0.437874 4.834755 -0.100465
v 0.438597 4.882574 -0.054143
v 0.438427 4.887914 -0.065020
v 0.438519 4.891243 -0.059147
v 0.438519 4.832383 -0.059147
v 0.438427 4.835711 -0.065020
v 0.438597 4.841053 -0.054143
v 0.437741 4.897528 -0.108987
v 0.437741 4.826097 -0.108987
v 0.437765 4.911202 -0.107392
v 0.437982 4.911202 -0.093537
v 0.437982 4.812423 -0.093537
v 0.437765 4.812423 -0.107392
v 0.326211 4.958328 -0.077508
v 0.326859 4.931004 -0.036061
v 0.325880 4.759906 -0.098715
v 0.325191 4.810860 -0.142837
v 0.326569 4.912766 -0.054593
v 0.326569 4.810860 -0.054593
v 0.325191 4.912766 -0.142837
v 0.325880 4.963720 -0.098715
v 0.437228 4.832383 -0.141782
v 0.437150 4.841053 -0.146786
v 0.437150 4.882573 -0.146786
v 0.437228 4.891243 -0.141782
v 0.438649 4.882450 -0.050843
v 0.438585 4.888119 -0.054907
v 0.438540 4.894474 -0.057783
v 0.438540 4.829153 -0.057783
v 0.438585 4.835507 -0.054907
v 0.438649 4.841176 -0.050843
v 0.437765 4.915111 -0.107406
v 0.437874 4.914424 -0.100465
v 0.437982 4.915111 -0.093524
v 0.437982 4.808515 -0.093523
v 0.437874 4.809201 -0.100465
v 0.437765 4.808515 -0.107405
v 0.437207 4.829153 -0.143146
v 0.437162 4.835507 -0.146022
v 0.437099 4.841176 -0.150086
v 0.437099 4.882450 -0.150086
v 0.437162 4.888119 -0.146023
v 0.437207 4.894474 -0.143146
v 0.421712 4.882450 -0.050578
v 0.429080 4.888712 -0.053730
v 0.421604 4.894474 -0.057519
v 0.421604 4.829152 -0.057519
v 0.429080 4.834913 -0.053731
v 0.421712 4.841176 -0.050578
v 0.420829 4.915111 -0.107141
v 0.428352 4.915612 -0.100317
v 0.421045 4.915111 -0.093259
v 0.421045 4.808515 -0.093259
v 0.428352 4.808014 -0.100315
v 0.420829 4.808515 -0.107141
v 0.420270 4.829152 -0.142881
v 0.427625 4.834913 -0.146901
v 0.420162 4.841176 -0.149822
v 0.420162 4.882450 -0.149822
v 0.427625 4.888712 -0.146902
v 0.420270 4.894474 -0.142881
v 0.416527 4.808515 -0.107073
v 0.417067 4.806511 -0.100140
v 0.417733 4.808014 -0.100151
v 0.416744 4.808515 -0.093192
v 0.416319 4.834162 -0.148026
v 0.415969 4.829153 -0.142814
v 0.417006 4.834913 -0.146735
v 0.417410 4.882450 -0.050511
v 0.417815 4.889463 -0.052252
v 0.418461 4.888712 -0.053564
v 0.417302 4.894474 -0.057451
v 0.417815 4.834162 -0.052252
v 0.417410 4.841176 -0.050511
v 0.418461 4.834913 -0.053564
v 0.417302 4.829153 -0.057451
v 0.415860 4.841176 -0.149755
v 0.416319 4.889463 -0.148027
v 0.415860 4.882450 -0.149755
v 0.417006 4.888712 -0.146736
v 0.415969 4.894474 -0.142814
v 0.417067 4.917114 -0.100140
v 0.416527 4.915111 -0.107074
v 0.417733 4.915612 -0.100151
v 0.416744 4.915111 -0.093193
v 0.437124 5.729731 -0.100412
v 0.427940 5.729731 -0.161258
v 0.264985 5.196938 -0.097723
v 0.255689 5.192629 -0.166154
v 0.429845 5.729731 -0.039306
v 0.257830 5.192630 -0.029034
v 0.394688 5.876615 0.417572
v 0.454630 5.876616 0.416635
v 0.393289 5.702743 0.328007
v 0.453231 5.702743 0.327071
v 0.378530 5.876613 -0.616815
v 0.438472 5.876618 -0.617753
v 0.379932 5.702740 -0.527251
v 0.439874 5.702746 -0.528189
v 0.385315 6.002444 -0.190060
v 0.445021 6.002444 -0.190992
v 0.384960 5.800313 -0.189823
v 0.445381 5.800306 -0.190766
v 0.388153 6.002466 -0.009184
v 0.447834 6.002466 -0.010116
v 0.387783 5.800301 -0.009411
v 0.448194 5.800294 -0.010355
v 0.378553 5.729731 -0.160488
v 0.206337 5.192629 -0.165384
v 0.380457 5.729731 -0.038534
v 0.208479 5.192630 -0.028263
v 0.199183 5.196938 -0.096694
v 0.371274 5.729731 -0.099382
v 0.478742 5.829324 -0.593849
v 0.479392 5.750077 -0.553351
v 0.484545 5.951044 -0.192764
v 0.486347 5.861063 -0.191637
v 0.487326 5.951166 -0.009571
v 0.489128 5.861017 -0.010762
v 0.494141 5.829302 0.391478
v 0.493508 5.750056 0.350981
v 0.339662 5.750035 -0.551156
v 0.339012 5.829281 -0.591652
v 0.343974 5.861102 -0.189413
v 0.345753 5.951050 -0.190596
v 0.346843 5.861056 -0.008540
v 0.348694 5.951172 -0.007407
v 0.353778 5.750056 0.353164
v 0.354410 5.829302 0.393660
v 0.429157 4.159652 -0.610499
v 0.421696 4.123806 -0.561038
v 0.261909 4.590691 -0.294679
v 0.254589 4.553873 -0.236553
v 0.420155 4.195498 -0.659701
v 0.252857 4.634480 -0.347487
v 0.370759 4.344856 -1.114454
v 0.430701 4.344856 -1.115391
v 0.373487 4.432870 -0.939808
v 0.433429 4.432870 -0.940744
v 0.383828 3.736787 -0.277616
v 0.443770 3.736780 -0.278554
v 0.384295 3.930103 -0.247888
v 0.444238 3.930097 -0.248826
v 0.377400 3.885859 -0.696825
v 0.437106 3.885859 -0.697758
v 0.378893 4.049523 -0.578211
v 0.439315 4.049529 -0.579150
v 0.375127 3.992170 -0.843170
v 0.434808 3.992170 -0.844101
v 0.376619 4.155589 -0.724160
v 0.437030 4.155594 -0.725100
v 0.372308 4.123806 -0.560267
v 0.205237 4.553873 -0.235782
v 0.370767 4.195498 -0.658929
v 0.203505 4.634480 -0.346716
v 0.196106 4.590691 -0.293652
v 0.363307 4.159652 -0.609470
v 0.483781 3.789462 -0.271225
v 0.484014 3.877379 -0.257414
v 0.477135 3.926764 -0.667232
v 0.479729 4.000239 -0.615311
v 0.474738 4.034356 -0.815508
v 0.477400 4.106605 -0.761614
v 0.471340 4.368711 -1.068358
v 0.472579 4.409016 -0.989022
v 0.344284 3.877422 -0.255216
v 0.344051 3.789505 -0.269028
v 0.337356 4.000207 -0.613111
v 0.338342 3.926759 -0.665069
v 0.335115 4.106573 -0.759415
v 0.336106 4.034350 -0.813347
v 0.332848 4.409016 -0.986840
v 0.331609 4.368711 -1.066176
v 0.445091 4.159652 0.409676
v 0.437630 4.195497 0.459136
v 0.268061 4.590691 0.099234
v 0.260663 4.634480 0.152299
v 0.436089 4.123806 0.360473
v 0.258930 4.553872 0.041365
v 0.389390 3.736784 0.078373
v 0.449332 3.736784 0.077436
v 0.388925 3.930100 0.048645
v 0.448867 3.930100 0.047709
v 0.402458 4.344858 0.915208
v 0.462400 4.344854 0.914277
v 0.399734 4.432872 0.740562
v 0.459676 4.432868 0.739631
v 0.398341 3.992186 0.643904
v 0.458046 3.992186 0.642972
v 0.396123 4.155578 0.524927
v 0.456545 4.155583 0.523980
v 0.396068 3.885839 0.497587
v 0.455749 3.885839 0.496655
v 0.393848 4.049531 0.378965
v 0.454260 4.049536 0.378016
v 0.388242 4.195497 0.459907
v 0.211311 4.634480 0.153069
v 0.386701 4.123806 0.361245
v 0.209578 4.553872 0.042137
v 0.202259 4.590691 0.100263
v 0.379241 4.159652 0.410705
v 0.501543 4.368697 0.866014
v 0.500322 4.409003 0.786677
v 0.497131 4.034449 0.613080
v 0.498074 4.106565 0.559235
v 0.494738 3.926659 0.464948
v 0.495744 4.000274 0.412877
v 0.489101 3.789484 0.068855
v 0.488886 3.877401 0.055043
v 0.360591 4.409029 0.788824
v 0.361813 4.368724 0.868160
v 0.355702 4.106533 0.561482
v 0.358339 4.034443 0.615251
v 0.353460 4.000242 0.415123
v 0.356105 3.926653 0.467117
v 0.349156 3.877400 0.057225
v 0.349371 3.789483 0.071038
v 0.450015 5.130014 0.724928
v 0.441489 5.188013 0.706213
v 0.269962 4.965372 0.220961
v 0.261342 5.029253 0.195808
v 0.442078 5.072015 0.743899
v 0.262004 4.898828 0.238180
v 0.404178 4.683463 1.025219
v 0.464120 4.683463 1.024282
v 0.401164 4.714925 0.832200
v 0.461106 4.714925 0.831262
v 0.399184 5.667343 0.705571
v 0.459126 5.667346 0.704640
v 0.397037 5.528422 0.567906
v 0.456980 5.528426 0.566974
v 0.403233 5.300307 0.957103
v 0.462938 5.300307 0.956170
v 0.399872 5.237625 0.764965
v 0.460294 5.237623 0.764015
v 0.404118 5.128270 1.013017
v 0.463799 5.128270 1.012086
v 0.400748 5.066019 0.820703
v 0.461159 5.066016 0.819754
v 0.392101 5.188013 0.706985
v 0.211990 5.029253 0.196578
v 0.392690 5.072015 0.744670
v 0.212652 4.898828 0.238951
v 0.204160 4.965372 0.221990
v 0.384164 5.130014 0.725956
v 0.498429 5.629401 0.666622
v 0.497465 5.566393 0.603778
v 0.501712 5.285522 0.906317
v 0.502164 5.256618 0.821080
v 0.502517 5.111312 0.963044
v 0.502992 5.084559 0.876930
v 0.503193 4.692179 0.971085
v 0.501821 4.706209 0.883212
v 0.357734 5.566367 0.605923
v 0.358698 5.629375 0.668768
v 0.359792 5.256629 0.823341
v 0.362919 5.285524 0.908491
v 0.360708 5.084572 0.879190
v 0.363885 5.111315 0.965216
v 0.362091 4.706209 0.885394
v 0.363463 4.692179 0.973267
v 0.424233 5.130014 -0.925750
v 0.415708 5.072015 -0.944464
v 0.260008 4.965372 -0.416406
v 0.251515 4.898828 -0.433368
v 0.416296 5.188013 -0.906779
v 0.252177 5.029253 -0.390996
v 0.374033 5.667345 -0.904818
v 0.433976 5.667345 -0.905754
v 0.376184 5.528424 -0.767153
v 0.436126 5.528424 -0.768089
v 0.369039 4.683463 -1.224459
v 0.428981 4.683463 -1.225401
v 0.372057 4.714925 -1.031439
v 0.431999 4.714925 -1.032382
v 0.369350 5.128267 -1.212243
v 0.429056 5.128267 -1.213175
v 0.371994 5.066025 -1.019951
v 0.432416 5.066023 -1.020888
v 0.370235 5.300318 -1.156370
v 0.429916 5.300318 -1.157302
v 0.372870 5.237625 -0.964189
v 0.433282 5.237622 -0.965126
v 0.366320 5.072015 -0.943692
v 0.202163 4.898828 -0.432597
v 0.366908 5.188013 -0.906007
v 0.202825 5.029253 -0.390224
v 0.194205 4.965372 -0.415379
v 0.358383 5.130014 -0.924721
v 0.469689 4.692179 -1.173469
v 0.471079 4.706209 -1.085597
v 0.469356 5.111285 -1.165272
v 0.472481 5.084578 -1.079376
v 0.470158 5.285570 -1.108777
v 0.473311 5.256608 -1.023439
v 0.474454 5.629388 -0.868967
v 0.475435 5.566381 -0.806122
v 0.331350 4.706209 -1.083369
v 0.329960 4.692179 -1.171242
v 0.330108 5.084590 -1.077190
v 0.330563 5.111287 -1.163110
v 0.331026 5.256619 -1.021253
v 0.331526 5.285572 -1.106618
v 0.335705 5.566381 -0.803940
v 0.334724 5.629388 -0.866785
v 0.278606 5.106318 -0.653166
v 0.327994 5.106318 -0.653938
v 0.335931 5.048319 -0.672909
v 0.327405 4.990320 -0.691624
v 0.278017 4.990320 -0.690851
v 0.270080 5.048319 -0.671880
v 0.288228 5.465361 -0.037093
v 0.337616 5.465361 -0.037865
v 0.344895 5.465361 -0.098970
v 0.335711 5.465361 -0.159818
v 0.286323 5.465361 -0.159047
v 0.279044 5.465361 -0.097943
v 0.296534 4.990319 0.494710
v 0.345922 4.990319 0.493939
v 0.353859 5.048319 0.474968
v 0.345334 5.106318 0.456254
v 0.295946 5.106318 0.457025
v 0.288009 5.048319 0.475997
v 0.292046 4.337687 0.207311
v 0.341433 4.337687 0.206540
v 0.350435 4.373532 0.255743
v 0.342974 4.409377 0.305202
v 0.293586 4.409377 0.305973
v 0.284585 4.373532 0.256771
v 0.280965 4.409377 -0.502115
v 0.330353 4.409377 -0.502886
v 0.339355 4.373532 -0.453684
v 0.331894 4.337687 -0.404225
v 0.282506 4.337687 -0.403453
v 0.273504 4.373532 -0.452655
v 0.267341 5.083266 0.063156
v 0.266227 5.122147 -0.013144
v 0.264922 5.135544 -0.097722
v 0.263585 5.122146 -0.182299
v 0.262315 5.083266 -0.258596
v 0.260762 4.777225 -0.358022
v 0.261448 4.700917 -0.319148
v 0.262409 4.640359 -0.258597
v 0.263585 4.601479 -0.182298
v 0.264828 4.588081 -0.097720
v 0.266227 4.601479 -0.013143
v 0.267435 4.640359 0.063155
v 0.268365 4.700918 0.123704
v 0.268893 4.777225 0.162582
v 0.269181 4.861813 0.175977
v 0.268988 4.946400 0.162581
v 0.268365 5.022708 0.123705
v 0.261448 5.022708 -0.319147
v 0.260856 4.946400 -0.358024
v 0.260632 4.861813 -0.371419
v 0.415701 4.812608 -0.164448
v 0.416546 4.815125 -0.161127
v 0.416542 4.781507 -0.110584
v 0.417343 4.785652 -0.110084
v 0.382765 4.800978 -0.200226
v 0.379063 4.800276 -0.202392
v 0.384299 4.744264 -0.102007
v 0.380640 4.741989 -0.101447
v 0.417873 4.830711 -0.025370
v 0.418606 4.832339 -0.029228
v 0.417873 4.892914 -0.025370
v 0.418606 4.891287 -0.029229
v 0.385945 4.805099 0.003348
v 0.382304 4.803525 0.005125
v 0.385945 4.918527 0.003349
v 0.382304 4.920101 0.005125
v 0.416869 4.781507 -0.089684
v 0.417653 4.785652 -0.090209
v 0.417710 4.812608 -0.035820
v 0.418451 4.815126 -0.039165
v 0.384374 4.744264 -0.097250
v 0.380698 4.741989 -0.097696
v 0.385908 4.800979 0.000970
v 0.382275 4.800277 0.003250
v 0.415538 4.892915 -0.174898
v 0.416391 4.891286 -0.171064
v 0.415538 4.830711 -0.174898
v 0.416391 4.832339 -0.171064
v 0.382728 4.918527 -0.202605
v 0.379034 4.920101 -0.204267
v 0.382728 4.805099 -0.202606
v 0.379034 4.803525 -0.204267
v 0.416542 4.942119 -0.110584
v 0.417343 4.937974 -0.110084
v 0.415701 4.911017 -0.164448
v 0.416546 4.908500 -0.161127
v 0.384299 4.979362 -0.102007
v 0.380640 4.981637 -0.101447
v 0.382765 4.922647 -0.200227
v 0.379063 4.923349 -0.202392
v 0.417710 4.911018 -0.035820
v 0.418451 4.908500 -0.039165
v 0.416869 4.942120 -0.089684
v 0.417653 4.937974 -0.090209
v 0.385908 4.922647 0.000970
v 0.382275 4.923349 0.003250
v 0.384374 4.979362 -0.097250
v 0.380698 4.981637 -0.097696
v 0.438012 4.888860 -0.091604
v 0.438012 4.834766 -0.091604
v 0.438528 4.885187 -0.058551
v 0.438528 4.838439 -0.058551
v 0.437735 4.888860 -0.109325
v 0.437735 4.834766 -0.109325
v 0.325880 4.744773 -0.098715
v 0.327463 4.920333 0.002631
v 0.327463 4.803293 0.002632
v 0.324297 4.803293 -0.200062
v 0.324297 4.920333 -0.200063
v 0.325880 4.978853 -0.098715
v 0.326280 4.961975 -0.073116
v 0.327035 4.934066 -0.024782
v 0.437219 4.838439 -0.142379
v 0.437219 4.885186 -0.142379
v 0.438632 4.882001 -0.051940
v 0.438526 4.893747 -0.058720
v 0.438526 4.829879 -0.058720
v 0.438632 4.841624 -0.051940
v 0.437768 4.913935 -0.107245
v 0.437980 4.913936 -0.093685
v 0.437980 4.809690 -0.093684
v 0.437768 4.809690 -0.107244
v 0.437222 4.829879 -0.142209
v 0.437116 4.841624 -0.148989
v 0.437116 4.882001 -0.148989
v 0.437222 4.893746 -0.142209
v 0.429128 4.882450 -0.050694
v 0.429019 4.894474 -0.057634
v 0.429019 4.829153 -0.057634
v 0.429128 4.841176 -0.050694
v 0.428244 4.915111 -0.107257
v 0.428461 4.915111 -0.093376
v 0.428461 4.808515 -0.093375
v 0.428244 4.808515 -0.107256
v 0.427686 4.829153 -0.142997
v 0.427577 4.841176 -0.149938
v 0.427577 4.882450 -0.149938
v 0.427686 4.894474 -0.142997
v 0.416955 4.807027 -0.107284
v 0.417625 4.808515 -0.107090
v 0.417178 4.807027 -0.092996
v 0.417842 4.808515 -0.093209
v 0.416382 4.828232 -0.144007
v 0.417067 4.829153 -0.142831
v 0.417863 4.883018 -0.049127
v 0.418508 4.882450 -0.050528
v 0.417752 4.895394 -0.056272
v 0.418400 4.894474 -0.057469
v 0.417863 4.840608 -0.049127
v 0.418508 4.841176 -0.050528
v 0.418400 4.829153 -0.057469
v 0.417752 4.828232 -0.056271
v 0.416958 4.841176 -0.149772
v 0.416270 4.840608 -0.151152
v 0.416270 4.883018 -0.151152
v 0.416958 4.882450 -0.149772
v 0.417067 4.894474 -0.142831
v 0.416382 4.895393 -0.144008
v 0.416955 4.916599 -0.107284
v 0.417625 4.915111 -0.107091
v 0.417842 4.915111 -0.093210
v 0.417178 4.916599 -0.092996
v 0.412552 9.252054 -2.370765
v 0.412552 9.358848 -2.356222
v 0.412551 9.442117 -2.288753
v 0.412551 9.464552 -2.153544
v 0.412551 0.309628 -2.153544
v 0.412551 0.324502 -2.296453
v 0.412552 0.396342 -2.362552
v 0.412552 0.522125 -2.370765
v 0.412551 9.464552 2.153544
v 0.412551 9.427786 2.292397
v 0.412551 9.343049 2.350091
v 0.412551 9.252054 2.370765
v 0.412551 0.522125 2.370765
v 0.412551 0.431421 2.367475
v 0.412551 0.345926 2.298747
v 0.412551 0.309628 2.153544
v -0.412551 9.793957 -2.184850
v -0.412551 9.693720 -2.477604
v -0.412551 9.456181 -2.634865
v -0.412551 9.170176 -2.654646
v -0.412551 0.604005 -2.654645
v -0.412551 0.283184 -2.615874
v -0.412551 0.070205 -2.468741
v -0.412551 -0.019776 -2.184850
v -0.412552 9.170176 2.654645
v -0.412551 9.480358 2.616928
v -0.412551 9.675489 2.471906
v -0.412551 9.793957 2.184849
v -0.412551 -0.019776 2.184850
v -0.412551 0.098690 2.471906
v -0.412552 0.326791 2.627918
v -0.412551 0.604005 2.654645
v 0.412552 0.070205 -2.468741
v 0.412551 -0.019776 -2.184849
v 0.412552 0.604005 -2.654645
v 0.412552 0.283184 -2.615874
v 0.412551 9.675489 2.471906
v 0.412551 9.793957 2.184849
v 0.412551 9.170176 2.654645
v 0.412551 9.480358 2.616929
v 0.412551 -0.019776 2.184850
v 0.412551 0.098690 2.471906
v 0.412551 0.326791 2.627919
v 0.412551 0.604005 2.654645
v 0.412551 9.793957 -2.184850
v 0.412552 9.693720 -2.477604
v 0.412552 9.456181 -2.634864
v 0.412552 9.170176 -2.654646
v 0.010604 1.161631 -1.585674
v 0.010604 1.159533 -1.523600
v 0.010604 1.240832 -1.613284
v 0.010604 1.196268 -1.614350
v 0.010604 8.603369 1.580083
v 0.010604 8.613686 1.520089
v 0.010604 8.522263 1.626839
v 0.010604 8.570002 1.614043
v 0.010604 1.159533 1.520395
v 0.010604 1.172477 1.584074
v 0.010604 1.183151 1.611405
v 0.010604 1.219632 1.621037
v 0.010604 8.613686 -1.522305
v 0.010604 8.608718 -1.569962
v 0.010604 8.571278 -1.602487
v 0.010604 8.509463 -1.608009
v -0.052799 1.802854 2.467793
v -0.052799 3.065995 2.467793
v -0.052799 1.802854 2.087003
v -0.052799 3.065995 2.087003
v 0.327991 1.802854 2.467793
v 0.327991 3.065995 2.467793
v 0.327991 1.802854 2.087003
v 0.327991 3.065995 2.087003
v -0.124751 1.805853 2.277398
v -0.124751 3.062996 2.277398
v 0.399943 1.805853 2.277398
v 0.399943 3.062996 2.277398
v 0.137596 1.805853 2.015051
v 0.137596 3.062996 2.015051
v 0.137596 1.805853 2.539745
v 0.137596 3.062996 2.539745
v 0.137596 3.065515 2.277398
v 0.137596 1.803335 2.277398
v -0.107541 3.068849 2.168803
v 0.382733 1.800002 2.168803
v -0.107541 1.800002 2.168803
v 0.382733 3.068849 2.168803
v 0.137596 1.804595 2.146224
v 0.137596 3.064255 2.146224
v -0.107541 1.800002 2.385993
v 0.382733 3.068849 2.385993
v -0.107541 3.068849 2.385993
v 0.382733 1.800002 2.385993
v 0.137596 3.064255 2.408571
v 0.137596 1.804595 2.408571
v 0.246191 3.068849 2.032261
v 0.246191 1.800002 2.522535
v 0.268769 3.064255 2.277398
v 0.246191 1.800002 2.032261
v 0.246191 3.068849 2.522535
v 0.268769 1.804595 2.277398
v 0.255345 3.064255 2.159649
v 0.255345 1.804595 2.159649
v 0.255345 3.064255 2.395147
v 0.255345 1.804595 2.395147
v 0.029001 1.800002 2.032261
v 0.029001 3.068849 2.522535
v 0.006423 1.804595 2.277398
v 0.029001 3.068849 2.032261
v 0.029001 1.800002 2.522535
v 0.006423 3.064255 2.277398
v 0.019847 1.804595 2.159649
v 0.019847 3.064255 2.159649
v 0.019847 1.804595 2.395147
v 0.019847 3.064255 2.395147
v -0.070654 6.903581 2.436919
v -0.070654 8.166721 2.436919
v -0.070654 6.903581 2.056128
v -0.070654 8.166721 2.056128
v 0.310137 6.903581 2.436918
v 0.310137 8.166721 2.436918
v 0.310137 6.903581 2.056129
v 0.310137 8.166721 2.056129
v -0.142605 6.906580 2.246523
v -0.142605 8.163723 2.246523
v 0.382088 6.906580 2.246523
v 0.382088 8.163723 2.246523
v 0.119742 6.906580 1.984177
v 0.119742 8.163723 1.984177
v 0.119742 6.906580 2.508870
v 0.119742 8.163723 2.508870
v 0.119742 8.166241 2.246523
v 0.119742 6.904062 2.246523
v -0.125396 8.169576 2.137928
v 0.364878 6.900728 2.137928
v -0.125396 6.900728 2.137928
v 0.364878 8.169576 2.137928
v 0.119742 6.905321 2.115350
v 0.119742 8.164982 2.115350
v -0.125396 6.900728 2.355118
v 0.364878 8.169576 2.355118
v -0.125396 8.169576 2.355118
v 0.364878 6.900728 2.355118
v 0.119742 8.164982 2.377697
v 0.119742 6.905321 2.377697
v 0.228336 8.169576 2.001386
v 0.228336 6.900728 2.491661
v 0.250915 8.164982 2.246524
v 0.228336 6.900728 2.001386
v 0.228336 8.169576 2.491661
v 0.250915 6.905321 2.246524
v 0.237491 8.164982 2.128774
v 0.237491 6.905321 2.128774
v 0.237491 8.164982 2.364273
v 0.237491 6.905321 2.364273
v 0.011147 6.900728 2.001387
v 0.011147 8.169576 2.491660
v -0.011432 6.905321 2.246523
v 0.011147 8.169576 2.001387
v 0.011147 6.900728 2.491660
v -0.011432 8.164982 2.246523
v 0.001992 6.905321 2.128774
v 0.001992 8.164982 2.128774
v 0.001992 6.905321 2.364273
v 0.001992 8.164982 2.364273
v 0.010605 0.324502 -2.296453
v 0.010605 0.309628 -2.153544
v 0.010605 0.522125 -2.370765
v 0.010605 0.396342 -2.362552
v 0.010604 9.427786 2.292397
v 0.010604 9.464552 2.153544
v 0.010604 9.252054 2.370765
v 0.010604 9.343049 2.350091
v 0.010604 0.309628 2.153544
v 0.010604 0.345926 2.298747
v 0.010604 0.431421 2.367475
v 0.010604 0.522125 2.370765
v 0.010605 9.464552 -2.153544
v 0.010605 9.442117 -2.288753
v 0.010605 9.358848 -2.356222
v 0.010605 9.252054 -2.370765
v 0.010605 0.948651 -1.770975
v 0.010605 0.936480 -1.667454
v 0.010605 1.070237 -1.809869
v 0.010605 0.990768 -1.805276
v 0.010604 8.807520 1.764818
v 0.010604 8.836999 1.666268
v 0.010604 8.695393 1.809830
v 0.010604 8.751582 1.798530
v 0.010604 0.936480 1.666373
v 0.010604 0.966009 1.770933
v 0.010604 1.018399 1.808214
v 0.010604 1.068757 1.809830
v 0.010604 8.836999 -1.667011
v 0.010604 8.818855 -1.763807
v 0.010605 8.765729 -1.801910
v 0.010605 8.699698 -1.809869
v 0.181595 0.948651 -1.770975
v 0.181595 0.936480 -1.667454
v 0.181595 1.070237 -1.809869
v 0.181595 0.990768 -1.805276
v 0.181594 8.807520 1.764818
v 0.181594 8.836999 1.666268
v 0.181594 8.695393 1.809830
v 0.181594 8.751582 1.798530
v 0.181594 0.936480 1.666373
v 0.181594 0.966009 1.770934
v 0.181594 1.018399 1.808214
v 0.181594 1.068757 1.809830
v 0.181595 8.836999 -1.667011
v 0.181595 8.818855 -1.763807
v 0.181595 8.765729 -1.801910
v 0.181595 8.699698 -1.809869
v 0.181595 1.161631 -1.585674
v 0.181595 1.159533 -1.523600
v 0.181595 1.240832 -1.613284
v 0.181595 1.196268 -1.614350
v 0.181594 8.603369 1.580083
v 0.181594 8.613686 1.520089
v 0.181594 8.522263 1.626839
v 0.181594 8.570002 1.614043
v 0.181594 1.159533 1.520395
v 0.181594 1.172477 1.584074
v 0.181594 1.183151 1.611405
v 0.181594 1.219632 1.621037
v 0.181595 8.613686 -1.522305
v 0.181595 8.608718 -1.569962
v 0.181595 8.571278 -1.602487
v 0.181595 8.509463 -1.608009
v 0.412551 9.793957 -0.000000
v -0.412551 9.793957 -0.000000
v 0.412551 9.464552 -0.000000
v 0.010604 9.464552 -0.000000
v 0.010604 8.836999 -0.000372
v 0.010604 8.613686 -0.001108
v 0.181595 8.836999 -0.000371
v 0.181595 8.613686 -0.001108
v 0.412551 -0.019776 0.000000
v -0.412551 -0.019776 0.000000
v 0.412551 0.309628 0.000000
v 0.010604 0.309628 0.000000
v 0.010604 0.936480 -0.000540
v 0.010604 1.159533 -0.001602
v 0.181595 0.936480 -0.000540
v 0.181595 1.159533 -0.001602
v -0.412551 4.887090 -2.654645
v 0.412552 4.887090 -2.654645
v 0.412552 4.887090 -2.370765
v 0.010605 4.887090 -2.370765
v 0.010605 4.884968 -1.809869
v 0.010604 4.875148 -1.610646
v 0.181595 4.884968 -1.809869
v 0.181595 4.875148 -1.610646
v 0.412551 4.887090 2.654645
v -0.412552 4.887090 2.654645
v 0.412551 4.887090 2.370765
v 0.010604 4.887090 2.370765
v 0.010604 4.882075 1.809830
v 0.010604 4.870948 1.623938
v 0.181594 4.882075 1.809830
v 0.181594 4.870948 1.623938
v -0.412551 4.887090 0.000037
v 0.181595 8.613686 0.006109
v 0.010604 4.873474 -0.001356
v 0.010604 4.871013 1.582130
v 0.010604 8.516087 -0.001114
v 0.010604 8.522086 1.580162
v 0.010604 9.464552 1.663311
v 0.010604 4.871144 1.497649
v 0.412551 9.464552 1.632069
v 0.412551 9.793957 1.656463
v 0.010604 8.521856 1.519489
v 0.010604 8.509619 -1.570179
v 0.010604 4.875113 -1.577848
v 0.010604 8.509827 -1.519769
v 0.010604 4.875055 -1.521657
v 0.010604 1.220213 1.520023
v 0.010604 1.219774 1.584049
v 0.010604 1.240157 -1.523558
v 0.010604 1.240554 -1.585508
v 0.010604 1.230250 -0.001598
v -0.080537 5.351092 0.375680
v 0.204274 5.221286 0.247785
v -0.080537 5.351092 -0.578061
v 0.204274 5.221286 -0.450166
v -0.086927 4.397372 0.375680
v 0.199598 4.523350 0.247785
v -0.086926 4.397372 -0.578061
v 0.199598 4.523350 -0.450166
v -0.078403 5.531294 -0.101190
v 0.204479 5.353168 -0.101190
v -0.087207 4.217156 -0.101190
v 0.198036 4.391477 -0.101190
v -0.082805 4.874225 -0.758274
v 0.201258 4.872322 -0.582047
v -0.082805 4.874225 0.555893
v 0.201258 4.872322 0.379666
v 0.201827 4.872318 -0.101190
v -0.083583 4.874230 -0.101190
v 0.205591 5.321616 -0.300234
v -0.088727 4.260273 -0.373181
v -0.080500 5.488204 -0.373181
v 0.199571 4.423011 -0.300234
v -0.083194 4.874228 -0.429732
v 0.201542 4.872320 -0.341619
v -0.080500 5.488204 0.170800
v 0.199571 4.423011 0.097853
v 0.205591 5.321616 0.097853
v -0.088727 4.260273 0.170800
v 0.201542 4.872320 0.139238
v -0.083194 4.874228 0.227351
v 0.201248 4.673274 -0.550503
v -0.086436 4.602253 0.512789
v 0.199932 4.631898 -0.101190
v -0.086435 4.602253 -0.715170
v 0.201248 4.673274 0.348122
v -0.085395 4.545694 -0.101190
v 0.200096 4.656502 -0.317013
v -0.085170 4.579316 -0.396110
v 0.200096 4.656502 0.114632
v -0.085170 4.579316 0.193728
v -0.082791 5.146222 -0.715170
v 0.203915 5.071352 0.348122
v -0.080993 5.202763 -0.101190
v 0.203915 5.071352 -0.550503
v -0.082791 5.146222 0.512789
v 0.203153 5.112743 -0.101190
v -0.081218 5.169140 -0.396110
v 0.202988 5.088139 -0.317013
v -0.081218 5.169140 0.193728
v 0.202988 5.088139 0.114632
v -0.045136 6.480515 1.000877
v 0.209315 6.560082 0.920582
v 0.111988 6.480392 0.997624
v -0.049663 6.403845 0.675081
v 0.206316 6.509289 0.704742
v 0.107490 6.404211 0.673908
v -0.040609 7.044832 0.868011
v 0.212314 6.933943 0.832559
v 0.116487 7.041104 0.865608
v -0.040609 6.801009 1.097341
v 0.212314 6.772409 0.984491
v 0.116486 6.798839 1.093473
v -0.049663 6.647670 0.445749
v 0.206316 6.670822 0.552810
v 0.107490 6.646476 0.446043
v -0.045136 6.968162 0.542215
v 0.209315 6.883150 0.616718
v 0.111988 6.964924 0.541895
v -0.045135 6.510130 0.973024
v -0.048806 6.456203 0.701078
v -0.041464 6.992476 0.842015
v -0.041464 6.778266 1.043492
v -0.048806 6.670415 0.499602
v -0.045136 6.938551 0.570069
v -0.045136 6.531543 0.952881
v -0.045135 6.621257 0.868500
v -0.045135 6.827421 0.674590
v -0.045136 6.917134 0.590210
v 0.267925 6.864072 0.811066
v 0.267925 6.755235 0.913437
v 0.265904 6.829848 0.665638
v 0.265904 6.612172 0.870376
v 0.263883 6.577950 0.724947
v 0.263883 6.686786 0.622577
v 0.264379 6.583313 0.763499
v 0.264379 6.724938 0.630292
v 0.265904 6.793395 0.699925
v 0.265904 6.648624 0.836090
v 0.267835 6.857518 0.809326
v 0.267428 6.858707 0.772515
v 0.267429 6.717082 0.905722
v 0.267835 6.753897 0.906787
v 0.265904 6.821778 0.673225
v 0.265904 6.620243 0.862788
v 0.263973 6.584503 0.726687
v 0.263974 6.688125 0.629228
v 0.206918 6.612803 0.871047
v 0.218866 6.612676 0.870910
v 0.204898 6.578580 0.725618
v 0.216845 6.578452 0.725483
v 0.208939 6.864703 0.811737
v 0.220886 6.864574 0.811601
v 0.208939 6.755866 0.914108
v 0.220886 6.755736 0.913971
v 0.204898 6.687417 0.623248
v 0.216845 6.687289 0.623112
v 0.206918 6.830480 0.666309
v 0.218866 6.830353 0.666172
v -0.045194 6.478758 0.997448
v -0.049620 6.403801 0.678932
v 0.204210 6.506026 0.703778
v 0.206568 6.502993 0.732836
v 0.206427 6.517181 0.707118
v 0.208866 6.541920 0.898247
v 0.207256 6.557605 0.922957
v 0.209314 6.566085 0.914933
v 0.108712 6.404116 0.680461
v 0.111454 6.408234 0.675087
v 0.101853 6.402641 0.673481
v 0.115895 6.483442 0.994671
v 0.113038 6.477377 0.991769
v 0.106374 6.479210 0.998855
v -0.040594 7.042743 0.871249
v -0.040594 6.804368 1.095455
v 0.210302 6.773220 0.987857
v 0.212510 6.799888 0.975893
v 0.212202 6.770521 0.976468
v 0.212510 6.923679 0.859459
v 0.210302 6.937252 0.833572
v 0.212202 6.926050 0.830184
v 0.117659 6.804555 1.090247
v 0.120335 6.797823 1.089298
v 0.110895 6.799288 1.095194
v 0.120335 7.036998 0.864340
v 0.117659 7.037535 0.871116
v 0.110895 7.042795 0.866161
v -0.040652 6.797160 1.097151
v -0.045078 6.483829 1.002840
v 0.209763 6.581264 0.940078
v 0.212062 6.743983 0.989056
v 0.113235 6.486025 1.000964
v 0.117560 6.792267 1.093141
v -0.049678 6.405934 0.671842
v -0.049678 6.644309 0.447636
v 0.204210 6.670056 0.549491
v 0.206119 6.643344 0.561408
v 0.206427 6.672710 0.560833
v 0.206119 6.519552 0.677842
v 0.108614 6.640736 0.449242
v 0.111454 6.647408 0.450129
v 0.101853 6.646148 0.444448
v 0.108613 6.407756 0.668374
v -0.049620 6.651516 0.445941
v -0.045194 6.964849 0.540251
v 0.207256 6.885671 0.614391
v 0.208866 6.861967 0.597223
v 0.209314 6.877143 0.622364
v 0.206568 6.699248 0.548246
v 0.113038 6.959265 0.538526
v 0.115895 6.961789 0.544756
v 0.106374 6.966225 0.540789
v 0.108712 6.653024 0.446348
v -0.045078 6.969919 0.545642
v -0.040652 7.044877 0.864158
v 0.212062 6.940239 0.804466
v 0.209763 6.901311 0.639054
v 0.117561 7.041175 0.859028
v 0.113235 6.967913 0.547720
v 0.264366 6.600762 0.745966
v 0.264366 6.706370 0.646635
v 0.265904 6.775749 0.716522
v 0.266273 6.809481 0.717289
v 0.266273 6.664972 0.853208
v 0.265904 6.666271 0.819492
v 0.267913 6.851151 0.822215
v 0.267441 6.841259 0.790047
v 0.267696 6.859168 0.795594
v 0.267696 6.740089 0.907594
v 0.267441 6.735650 0.889379
v 0.267913 6.767152 0.901222
v 0.265534 6.777048 0.682806
v 0.265534 6.632539 0.818725
v 0.265603 6.807745 0.660013
v 0.266204 6.834110 0.688044
v 0.266204 6.634275 0.876001
v 0.265603 6.607910 0.847970
v -0.044216 6.959947 0.630799
v -0.042419 6.983536 0.766641
v -0.045136 6.518175 0.965455
v -0.047050 6.537302 0.779238
v -0.043222 6.911376 0.763852
v -0.043222 6.705213 0.957761
v -0.047050 6.743465 0.585329
v -0.045136 6.930503 0.577636
v 0.264111 6.582852 0.740420
v 0.263894 6.590869 0.713799
v 0.263894 6.674868 0.634793
v 0.264111 6.701930 0.628420
v 0.268056 6.857182 0.829126
v 0.267880 6.860917 0.810118
v 0.267755 6.868299 0.792207
v 0.267755 6.736151 0.916501
v 0.267880 6.754478 0.910227
v 0.268056 6.773681 0.907663
v 0.265603 6.815628 0.652549
v 0.265904 6.827446 0.667898
v 0.266205 6.842041 0.680631
v 0.266205 6.626393 0.883464
v 0.265904 6.614574 0.868117
v 0.265603 6.599980 0.855382
v 0.264052 6.573721 0.743806
v 0.263927 6.581105 0.725897
v 0.263751 6.584839 0.706888
v 0.263751 6.668340 0.628351
v 0.263927 6.687541 0.625785
v 0.264052 6.705869 0.619513
v 0.221018 6.857684 0.829661
v 0.241481 6.864356 0.811369
v 0.220717 6.868801 0.792741
v 0.220717 6.736653 0.917036
v 0.241481 6.755516 0.913736
v 0.221018 6.774184 0.908198
v 0.218565 6.816130 0.653085
v 0.239460 6.830130 0.665937
v 0.219167 6.842546 0.681169
v 0.219167 6.626896 0.884000
v 0.239460 6.612457 0.870678
v 0.218565 6.600481 0.855916
v 0.217014 6.574226 0.744344
v 0.237439 6.578232 0.725249
v 0.216713 6.585342 0.707423
v 0.216713 6.668843 0.628886
v 0.237439 6.687068 0.622878
v 0.217014 6.706373 0.620049
v 0.206617 6.600611 0.856053
v 0.208117 6.609751 0.873892
v 0.209968 6.612769 0.871010
v 0.207219 6.627025 0.884135
v 0.206039 6.574571 0.724402
v 0.205067 6.574352 0.744478
v 0.207947 6.578547 0.725584
v 0.209071 6.857813 0.829797
v 0.210194 6.868687 0.812929
v 0.211989 6.864672 0.811704
v 0.208770 6.868931 0.792878
v 0.210194 6.756809 0.918157
v 0.209071 6.774312 0.908334
v 0.211989 6.755833 0.914074
v 0.208770 6.736782 0.917172
v 0.204766 6.585470 0.707559
v 0.206039 6.686447 0.619172
v 0.204766 6.668971 0.629022
v 0.207947 6.687384 0.623213
v 0.205067 6.706501 0.620184
v 0.208117 6.833506 0.663437
v 0.206617 6.816259 0.653220
v 0.209968 6.830445 0.666273
v 0.207219 6.842672 0.681302
v 0.204324 6.499719 0.732192
v 0.206670 6.511129 0.734120
v 0.206660 6.539290 0.900342
v 0.208884 6.548629 0.893466
v 0.112851 6.408111 0.681939
v 0.102568 6.402570 0.678894
v 0.117112 6.480268 0.988558
v 0.106947 6.476730 0.994023
v 0.210356 6.800981 0.979108
v 0.212391 6.796932 0.968205
v 0.210356 6.926821 0.860747
v 0.212391 6.916185 0.856038
v 0.121682 6.803810 1.085943
v 0.111570 6.804008 1.092531
v 0.121682 7.033284 0.870112
v 0.111570 7.039847 0.870710
v 0.207567 6.579060 0.942624
v 0.209746 6.586447 0.933674
v 0.209903 6.744472 0.992413
v 0.211960 6.743200 0.980855
v 0.117318 6.489319 0.998183
v 0.107110 6.483868 1.001611
v 0.121579 6.790951 1.088971
v 0.111489 6.793867 1.094919
v 0.203870 6.642299 0.558243
v 0.206239 6.646298 0.569097
v 0.203870 6.516458 0.676604
v 0.206239 6.527047 0.681263
v 0.112748 6.641392 0.453455
v 0.102487 6.641413 0.447098
v 0.112748 6.411919 0.669285
v 0.102487 6.405574 0.668918
v 0.206660 6.864219 0.594727
v 0.208884 6.856785 0.603627
v 0.204324 6.698807 0.544938
v 0.206670 6.700032 0.556446
v 0.117112 6.955883 0.541214
v 0.106947 6.961553 0.538018
v 0.112851 6.654253 0.450425
v 0.102568 6.651554 0.444710
v 0.209903 6.943561 0.805159
v 0.211960 6.932102 0.803181
v 0.207567 6.903989 0.637009
v 0.209746 6.894603 0.643835
v 0.121579 7.037092 0.857458
v 0.111489 7.042850 0.860734
v 0.117318 6.964935 0.550839
v 0.107110 6.968690 0.545606
v 0.266288 6.792588 0.734468
v 0.266288 6.683153 0.837398
v 0.267722 6.848050 0.808325
v 0.267722 6.753478 0.897275
v 0.265520 6.758867 0.698615
v 0.265520 6.649432 0.801546
v -0.045136 6.487561 0.994249
v -0.040740 7.035571 0.865224
v -0.040740 6.798794 1.087929
v -0.049532 6.413107 0.677867
v -0.049532 6.649883 0.455162
v -0.045136 6.961117 0.548842
v -0.044026 6.975682 0.632746
v -0.041929 7.011192 0.783632
v 0.264086 6.593970 0.727687
v 0.264086 6.688541 0.638737
v 0.268009 6.854185 0.827759
v 0.267715 6.865046 0.791694
v 0.267715 6.735837 0.913222
v 0.268009 6.772500 0.904588
v 0.265610 6.813554 0.655110
v 0.266198 6.839358 0.682544
v 0.266198 6.628466 0.880904
v 0.265610 6.602663 0.853470
v 0.264093 6.576976 0.744319
v 0.263799 6.587835 0.708255
v 0.263799 6.669520 0.631425
v 0.264093 6.706182 0.622793
v 0.241613 6.857464 0.829426
v 0.241312 6.868583 0.792507
v 0.241312 6.736434 0.916802
v 0.241613 6.773963 0.907964
v 0.239159 6.815910 0.652850
v 0.239762 6.842324 0.680932
v 0.239762 6.626676 0.883765
v 0.239159 6.600263 0.855682
v 0.237609 6.574004 0.744107
v 0.237308 6.585122 0.707189
v 0.237308 6.668623 0.628651
v 0.237609 6.706152 0.619814
v 0.207807 6.597200 0.858459
v 0.209667 6.600578 0.856018
v 0.208426 6.624387 0.887364
v 0.210269 6.626992 0.884101
v 0.206214 6.570221 0.743815
v 0.208116 6.574321 0.744445
v 0.210329 6.861595 0.831516
v 0.212120 6.857780 0.829762
v 0.210019 6.873036 0.793513
v 0.211819 6.868896 0.792841
v 0.210329 6.775796 0.912215
v 0.212120 6.774279 0.908300
v 0.211819 6.736749 0.917137
v 0.210020 6.737166 0.921311
v 0.207816 6.585438 0.707524
v 0.205904 6.581662 0.705812
v 0.205904 6.667460 0.625114
v 0.207815 6.668939 0.628987
v 0.208117 6.706468 0.620150
v 0.206214 6.706090 0.616018
v 0.207807 6.818870 0.649965
v 0.209667 6.816226 0.653185
v 0.210269 6.842640 0.681268
v 0.208426 6.846057 0.678870
v -0.261290 3.790009 1.521742
v -0.258429 4.007784 1.196301
v 0.426911 0.693849 1.830861
v 0.426911 0.606207 1.830861
v -0.081783 1.430293 2.481441
v -0.078922 1.648069 2.156000
vn 0.9600 0.2414 -0.1418
vn 0.9597 0.2737 -0.0635
vn 0.9690 -0.2470 0.0059
vn 0.9690 -0.2213 0.1100
vn -0.9999 0.0001 0.0156
vn -0.9999 -0.0000 0.0156
vn -0.9999 0.0001 0.0155
vn -0.9999 0.0001 0.0158
vn 0.9308 -0.3653 -0.0145
vn 0.9542 -0.2988 -0.0149
vn 0.7160 -0.2569 -0.6491
vn 0.7428 -0.4902 -0.4560
vn -0.9999 -0.0002 0.0157
vn 0.9441 -0.3294 -0.0147
vn 0.7090 -0.2509 -0.6591
vn 0.9589 -0.2833 -0.0150
vn 0.9900 -0.1402 -0.0155
vn 0.7492 0.0068 -0.6623
vn 0.6998 -0.1894 -0.6887
vn 0.9999 -0.0009 -0.0156
vn 0.6950 0.3917 -0.6030
vn 0.7292 -0.2509 0.6366
vn 0.7359 -0.2568 0.6265
vn 0.7566 -0.4902 0.4327
vn 0.7694 0.0068 0.6387
vn 0.7134 0.3918 0.5810
vn 0.7213 -0.1895 0.6662
vn -0.4270 0.8994 -0.0940
vn 0.4238 0.8994 -0.1073
vn 0.4260 0.8925 -0.1481
vn -0.4305 0.8925 -0.1348
vn 0.4522 0.6436 0.6175
vn 0.9650 0.1951 0.1754
vn 0.9640 0.2413 0.1116
vn 0.4491 0.7928 0.4122
vn 0.4459 -0.7766 -0.4451
vn -0.4595 -0.7766 -0.4309
vn -0.4634 -0.8842 -0.0586
vn 0.4614 -0.8842 -0.0730
vn 0.4434 -0.6566 -0.6102
vn -0.4620 -0.6567 -0.5961
vn 0.4358 0.7928 -0.4260
vn -0.4492 0.7927 -0.4121
vn -0.4457 -0.7767 0.4451
vn 0.4596 -0.7765 0.4309
vn 0.4637 -0.8840 0.0586
vn -0.4616 -0.8841 0.0731
vn -0.4433 -0.6566 0.6102
vn 0.4621 -0.6567 0.5960
vn 0.4327 0.6436 -0.6313
vn -0.4522 0.6435 -0.6176
vn -0.4279 0.9038 0.0065
vn 0.4279 0.9038 -0.0068
vn 0.4284 0.9029 -0.0352
vn -0.4293 0.9029 -0.0219
vn 0.9591 0.1950 -0.2053
vn -0.5554 -0.7929 -0.2507
vn 0.5470 -0.8021 -0.2395
vn -0.7854 -0.3217 -0.5288
vn -0.6968 0.1365 0.7041
vn -0.7684 -0.3217 0.5532
vn -0.4230 0.8997 0.1075
vn 0.4262 0.8997 0.0942
vn 0.4283 0.9034 0.0217
vn -0.4274 0.9034 0.0350
vn -0.7004 0.2407 -0.6720
vn -0.7185 0.1365 -0.6820
vn -0.4256 0.8927 0.1483
vn 0.4300 0.8927 0.1349
vn -0.5470 -0.7931 0.2680
vn 0.5539 -0.8023 0.2224
vn -0.7816 0.1826 -0.5965
vn -0.7134 0.3922 -0.5808
vn -0.7440 0.2323 -0.6265
vn 0.7013 0.6841 -0.2006
vn -0.7071 0.6841 -0.1791
vn -0.1417 0.8019 -0.5804
vn 0.1243 0.8018 -0.5846
vn -0.7626 0.1826 0.6205
vn -0.9901 0.1396 0.0155
vn -0.9999 0.0003 0.0156
vn -0.6948 0.3922 0.6028
vn -0.6791 0.2407 0.6935
vn -0.7240 0.2324 0.6495
vn -0.9590 0.2831 0.0150
vn -0.9440 0.3295 0.0147
vn -0.9743 0.2247 0.0152
vn -0.9927 -0.1199 0.0156
vn 0.9553 0.2952 -0.0146
vn 0.9567 0.2908 0.0083
vn 0.9729 -0.2306 0.0162
vn 0.9739 -0.2263 -0.0148
vn 0.9613 0.2734 0.0332
vn 0.9650 -0.2214 -0.1402
vn 0.9684 -0.2466 -0.0364
vn 0.9566 0.2844 -0.0630
vn 0.9705 -0.2379 -0.0398
vn 0.9560 0.2910 -0.0381
vn 0.9718 -0.2313 -0.0464
vn 0.9582 0.2841 0.0327
vn 0.9714 -0.2372 0.0092
vn -0.9739 -0.2263 0.0155
vn -0.9720 -0.2304 0.0467
vn -0.9559 0.2911 0.0383
vn -0.9553 0.2954 0.0152
vn -0.9650 -0.2216 0.1403
vn -0.9683 -0.2471 0.0361
vn -0.9613 0.2736 -0.0335
vn -0.9640 0.2410 -0.1120
vn 0.9643 -0.1874 -0.1869
vn -0.9650 0.1954 -0.1750
vn -0.9643 -0.1875 0.1870
vn -0.9691 -0.2466 -0.0060
vn -0.9689 -0.2215 -0.1100
vn -0.9600 0.2411 0.1421
vn -0.9598 0.2733 0.0633
vn -0.9712 -0.2379 -0.0098
vn -0.9581 0.2845 -0.0333
vn -0.9728 -0.2312 -0.0161
vn -0.9565 0.2915 -0.0082
vn -0.9706 -0.2372 0.0398
vn -0.9567 0.2843 0.0628
vn -0.9696 -0.1875 -0.1569
vn -0.9591 0.1953 0.2049
vn -0.4328 0.6435 0.6314
vn -0.4360 0.7927 0.4260
vn 0.9697 -0.1874 0.1568
vn 0.4286 -0.1537 -0.8903
vn 0.9578 -0.0459 -0.2838
vn 0.9582 -0.1208 -0.2593
vn 0.4300 -0.3950 -0.8119
vn -0.4564 -0.1536 -0.8764
vn -0.4550 -0.3952 -0.7980
vn 0.4178 -0.6389 -0.6459
vn -0.4378 -0.6389 -0.6326
vn 0.4654 0.3708 0.8037
vn 0.4665 0.1766 0.8667
vn -0.4389 0.1767 0.8810
vn -0.4401 0.3708 0.8178
vn 0.9614 -0.2698 -0.0544
vn 0.9586 -0.2499 -0.1366
vn 0.9707 0.2122 0.1130
vn 0.9675 0.2526 0.0138
vn -0.9999 -0.0001 0.0156
vn -0.9999 -0.0000 0.0154
vn 0.9341 0.2955 0.2002
vn 0.9570 0.2417 0.1606
vn 0.7364 -0.1671 0.6556
vn 0.7600 0.1354 0.6357
vn -0.9999 -0.0000 0.0158
vn 0.9471 0.2665 0.1789
vn 0.7297 -0.1778 0.6603
vn 0.9615 0.2292 0.1515
vn 0.9913 0.1134 0.0669
vn 0.7676 -0.3878 0.5103
vn 0.7208 -0.2451 0.6484
vn 0.9999 0.0003 -0.0154
vn 0.7081 -0.6648 0.2377
vn 0.7133 0.5838 -0.3879
vn 0.7203 0.5827 -0.3764
vn 0.7486 0.6578 -0.0831
vn 0.7511 0.3769 -0.5421
vn 0.6932 0.0311 -0.7201
vn 0.7036 0.5515 -0.4480
vn -0.4324 -0.7868 -0.4405
vn 0.4184 -0.7868 -0.4538
vn 0.4218 -0.8052 -0.4168
vn -0.4347 -0.8052 -0.4033
vn -0.4535 0.6766 0.5801
vn 0.4714 0.6766 0.5657
vn 0.4404 -0.8878 -0.1338
vn -0.4446 -0.8877 -0.1200
vn -0.5471 0.7941 0.2648
vn 0.5548 0.7849 0.2760
vn -0.4511 0.8858 0.1091
vn 0.4545 0.8857 0.0950
vn 0.4701 0.7538 0.4591
vn -0.4554 0.7540 0.4735
vn -0.4544 0.8857 -0.0950
vn 0.4512 0.8857 -0.1092
vn 0.4445 -0.8877 0.1200
vn -0.4406 -0.8877 0.1338
vn -0.4366 -0.7311 -0.5242
vn 0.4200 -0.7312 -0.5376
vn 0.4210 -0.7472 -0.5143
vn -0.4367 -0.7471 -0.5012
vn 0.9627 -0.2696 0.0243
vn -0.5409 0.4889 0.6844
vn 0.5610 0.5131 0.6496
vn -0.7672 -0.0578 0.6388
vn -0.4341 -0.6686 -0.6038
vn 0.4151 -0.6686 -0.6170
vn 0.4192 -0.7141 -0.5607
vn -0.4365 -0.7144 -0.5469
vn -0.6833 -0.5961 0.4217
vn -0.7003 -0.5179 0.4913
vn -0.7808 0.5783 -0.2366
vn -0.7177 0.2969 -0.6299
vn -0.7661 -0.5054 0.3970
vn -0.7003 -0.6651 0.2593
vn -0.7282 -0.5630 0.3909
vn 0.7004 -0.6648 -0.2597
vn -0.7081 -0.6651 -0.2372
vn -0.1326 -0.9912 0.0021
vn 0.1334 -0.9911 -0.0021
vn -0.7815 0.2100 -0.5875
vn -0.9914 -0.1130 -0.0666
vn -0.9999 -0.0002 0.0155
vn -0.7153 0.0306 -0.6982
vn -0.7005 0.2066 -0.6831
vn -0.7442 0.1870 -0.6412
vn 0.1187 -0.3063 -0.9445
vn -0.1473 -0.3063 -0.9405
vn -0.7128 -0.4417 -0.5448
vn 0.6956 -0.4420 -0.5664
vn -0.9616 -0.2291 -0.1514
vn -0.9471 -0.2665 -0.1789
vn -0.9764 -0.1818 -0.1168
vn -0.9916 0.0970 0.0860
vn 0.9526 -0.2386 -0.1887
vn 0.9534 -0.2216 -0.2047
vn 0.9741 0.2050 0.0949
vn 0.9760 0.1833 0.1174
vn 0.9574 -0.1929 -0.2147
vn 0.9706 0.1056 0.2162
vn 0.9713 0.1870 0.1470
vn 0.9554 -0.2583 -0.1432
vn 0.9734 0.1780 0.1446
vn 0.9539 -0.2490 -0.1673
vn 0.9748 0.1688 0.1460
vn 0.9543 -0.2018 -0.2204
vn 0.9729 0.2062 0.1045
vn -0.9718 0.1833 0.1480
vn -0.9707 0.2050 0.1252
vn -0.9593 -0.2218 -0.1750
vn -0.9580 -0.2388 -0.1589
vn -0.9665 0.2528 0.0440
vn -0.9666 0.2123 0.1434
vn -0.9624 -0.2498 -0.1065
vn -0.9627 -0.2696 -0.0239
vn 0.9709 0.0506 0.2340
vn -0.9614 -0.2697 0.0539
vn -0.9674 0.2527 -0.0138
vn -0.9662 0.1871 0.1772
vn -0.9634 0.1056 0.2465
vn -0.9658 -0.1204 -0.2295
vn -0.9637 -0.1928 -0.1847
vn -0.9684 0.1778 0.1751
vn -0.9593 -0.2586 -0.1132
vn -0.9698 0.1686 0.1764
vn -0.9586 -0.2494 -0.1376
vn -0.9692 0.2064 0.1346
vn -0.9606 -0.2019 -0.1908
vn -0.9631 0.0506 0.2645
vn -0.9662 -0.0463 -0.2534
vn 0.9666 0.2527 -0.0440
vn 0.4342 -0.8054 0.4034
vn -0.4214 -0.8055 0.4167
vn 0.9658 -0.1208 0.2294
vn 0.9636 -0.1929 0.1851
vn 0.9661 0.1874 -0.1773
vn 0.9634 0.1056 -0.2464
vn -0.9999 -0.0001 0.0157
vn -0.9999 -0.0002 0.0156
vn 0.9274 0.2955 -0.2292
vn 0.9514 0.2418 -0.1905
vn 0.7317 0.5827 0.3536
vn 0.7510 0.6576 0.0596
vn -0.9999 0.0002 0.0157
vn 0.9410 0.2665 -0.2084
vn 0.7251 0.5837 0.3653
vn 0.9563 0.2292 -0.1815
vn 0.9887 0.1134 -0.0979
vn 0.7677 0.3769 0.5183
vn 0.7174 0.5515 0.4257
vn 0.9999 0.0004 -0.0159
vn 0.7154 0.0311 0.6980
vn 0.7087 -0.1778 -0.6827
vn 0.7156 -0.1671 -0.6782
vn 0.7396 0.1354 -0.6593
vn 0.7512 -0.3878 -0.5341
vn 0.7002 -0.2451 -0.6706
vn -0.4159 -0.6684 0.6167
vn 0.4349 -0.6684 0.6034
vn 0.4382 -0.6389 0.6323
vn -0.4183 -0.6388 0.6457
vn -0.4698 0.7540 -0.4592
vn 0.4552 0.7539 -0.4737
vn 0.4550 -0.3950 0.7981
vn -0.4301 -0.3950 0.8118
vn -0.5617 0.4890 -0.6674
vn 0.5401 0.5132 -0.6670
vn -0.4654 0.3708 -0.8037
vn 0.4403 0.3707 -0.8178
vn 0.4539 0.6765 -0.5800
vn -0.4717 0.6765 -0.5656
vn -0.4665 0.1766 -0.8667
vn 0.4392 0.1767 -0.8808
vn 0.4563 -0.1536 0.8765
vn -0.4288 -0.1536 0.8903
vn -0.4196 -0.7311 0.5380
vn 0.4362 -0.7311 0.5246
vn 0.4374 -0.7139 0.5468
vn -0.4202 -0.7138 0.5604
vn 0.9662 -0.0459 0.2535
vn -0.5555 0.7938 -0.2475
vn 0.5463 0.7846 -0.2932
vn -0.7732 0.5781 0.2607
vn -0.4176 -0.7872 0.4538
vn 0.4316 -0.7872 0.4405
vn 0.4358 -0.7475 0.5013
vn -0.4200 -0.7476 0.5144
vn -0.6789 0.2066 0.7046
vn -0.6978 0.2968 0.6519
vn -0.7867 -0.0579 -0.6146
vn -0.7153 -0.5179 -0.4693
vn -0.7628 0.2100 0.6116
vn -0.6932 0.0306 0.7201
vn -0.7239 0.1869 0.6641
vn 0.6165 -0.5183 0.5927
vn -0.6597 -0.5026 0.5588
vn -0.1181 -0.3062 0.9446
vn 0.1481 -0.3062 0.9404
vn -0.7782 -0.5054 -0.3729
vn -0.9888 -0.1130 0.0975
vn -0.9999 -0.0002 0.0158
vn -0.6961 -0.5961 -0.4001
vn -0.7400 -0.5630 -0.3680
vn -0.7119 -0.5947 -0.3734
vn 0.6959 -0.1887 -0.6929
vn -0.9564 -0.2291 0.1814
vn -0.9410 -0.2665 0.2084
vn -0.9722 -0.1818 0.1473
vn -0.9938 0.0970 -0.0550
vn 0.9580 -0.2390 0.1583
vn 0.9588 -0.2489 0.1372
vn 0.9699 0.1681 -0.1761
vn 0.9719 0.1828 -0.1485
vn 0.9625 -0.2496 0.1067
vn 0.9668 0.2120 -0.1429
vn 0.9606 -0.2018 0.1911
vn 0.9690 0.2070 -0.1350
vn 0.9593 -0.2219 0.1748
vn 0.9705 0.2055 -0.1258
vn 0.9595 -0.2578 0.1135
vn 0.9686 0.1776 -0.1742
vn -0.9760 0.1829 -0.1181
vn -0.9750 0.1680 -0.1457
vn -0.9539 -0.2492 0.1672
vn -0.9526 -0.2391 0.1883
vn -0.9706 0.1057 -0.2164
vn -0.9712 0.1876 -0.1471
vn -0.9574 -0.1928 0.2150
vn -0.9582 -0.1203 0.2594
vn -0.9578 -0.0464 0.2835
vn -0.9709 0.0506 -0.2342
vn -0.9708 0.2119 -0.1127
vn -0.9587 -0.2495 0.1366
vn -0.9727 0.2071 -0.1045
vn -0.9541 -0.2018 0.2212
vn -0.9740 0.2055 -0.0954
vn -0.9532 -0.2222 0.2050
vn -0.9735 0.1774 -0.1442
vn -0.9554 -0.2581 0.1433
vn 0.9631 0.0506 -0.2643
vn 0.4418 0.1412 0.8860
vn -0.4138 0.1411 0.8993
vn 0.1425 0.8018 0.5804
vn -0.1238 0.8018 0.5846
vn -0.6659 0.7290 0.1586
vn 0.6098 0.7734 0.1732
vn -0.9999 -0.0000 0.0157
vn -0.9999 -0.0001 0.0158
vn 0.9253 -0.1129 -0.3619
vn 0.9498 -0.0923 -0.2990
vn 0.7190 0.5273 -0.4527
vn 0.7404 0.2711 -0.6151
vn -0.9999 -0.0001 0.0155
vn 0.9392 -0.1018 -0.3280
vn 0.7122 0.5387 -0.4500
vn 0.9547 -0.0875 -0.2844
vn 0.9879 -0.0433 -0.1488
vn 0.7348 0.6398 -0.2253
vn 0.7043 0.5861 -0.4006
vn 0.9999 -0.0003 -0.0165
vn 0.7186 -0.6936 -0.0497
vn 0.7253 -0.6859 -0.0585
vn 0.7447 -0.5740 -0.3405
vn 0.7414 -0.6431 0.1914
vn 0.7111 -0.7029 0.0181
vn -0.4125 0.3737 0.8308
vn 0.4382 0.3737 0.8175
vn 0.4408 0.4104 0.7983
vn -0.4157 0.4104 0.8116
vn -0.4760 -0.2106 -0.8539
vn 0.4491 -0.2107 -0.8683
vn -0.5617 -0.4918 -0.6653
vn 0.5396 -0.4677 -0.7001
vn 0.4499 -0.3358 -0.8276
vn -0.4754 -0.3359 -0.8132
vn 0.9643 0.1307 0.2303
vn 0.9651 -0.0964 -0.2435
vn -0.4144 0.2794 0.8661
vn 0.4413 0.2794 0.8527
vn 0.4422 0.3062 0.8431
vn -0.4155 0.3060 0.8565
vn -0.5644 0.0016 -0.8255
vn 0.5376 -0.0283 -0.8427
vn -0.7843 0.4151 -0.4610
vn -0.4107 0.1821 0.8934
vn 0.4384 0.1821 0.8802
vn 0.4415 0.2520 0.8611
vn -0.4143 0.2526 0.8744
vn -0.6894 0.7238 0.0287
vn -0.7090 0.7014 -0.0733
vn -0.7791 -0.6140 -0.1265
vn -0.7024 -0.6168 0.3551
vn -0.7648 0.6424 -0.0493
vn -0.7336 0.6787 0.0353
vn -0.7586 -0.5558 0.3400
vn -0.9899 0.0392 0.1362
vn -0.6828 -0.5750 0.4506
vn -0.7276 -0.5349 0.4296
vn -0.6989 -0.5496 0.4578
vn 0.7061 -0.7068 -0.0424
vn -0.9548 0.0875 0.2842
vn -0.9392 0.1018 0.3280
vn -0.9710 0.0695 0.2289
vn -0.9944 -0.0371 -0.0986
vn 0.9597 0.0909 0.2659
vn 0.9608 0.0677 0.2688
vn 0.9691 -0.1011 -0.2248
vn 0.9706 -0.0703 -0.2302
vn 0.9649 0.0386 0.2599
vn 0.9650 -0.0560 -0.2562
vn 0.9614 0.1336 0.2407
vn 0.9672 -0.0501 -0.2490
vn 0.9605 0.1119 0.2547
vn 0.9687 -0.0418 -0.2448
vn 0.9620 0.0425 0.2699
vn 0.9676 -0.0964 -0.2332
vn -0.9773 -0.0703 -0.2000
vn -0.9757 -0.1012 -0.1943
vn -0.9518 0.0678 0.2990
vn -0.9509 0.0910 0.2959
vn -0.9722 -0.0963 -0.2134
vn -0.9567 0.1307 0.2602
vn -0.9725 -0.0561 -0.2259
vn -0.9563 0.0386 0.2899
vn -0.9745 -0.0498 -0.2187
vn -0.9533 0.1338 0.2706
vn -0.9759 -0.0416 -0.2144
vn -0.9520 0.1121 0.2849
vn -0.9744 -0.0967 -0.2028
vn -0.9530 0.0423 0.3001
vn 0.4152 0.4106 -0.8118
vn -0.4404 0.4106 -0.7984
vn 0.9562 0.0385 -0.2902
vn 0.9724 -0.0563 0.2262
vn -0.9999 -0.0000 0.0155
vn -0.9999 0.0002 0.0155
vn 0.9362 -0.1129 0.3329
vn 0.9586 -0.0923 0.2692
vn 0.7267 -0.6860 0.0358
vn 0.7550 -0.5740 0.3171
vn 0.9489 -0.1018 0.2986
vn 0.7198 -0.6937 0.0272
vn 0.9631 -0.0875 0.2544
vn 0.9921 -0.0433 0.1178
vn 0.7561 -0.6166 -0.2193
vn 0.7102 -0.7028 -0.0402
vn 0.9999 -0.0001 -0.0152
vn 0.7260 0.5387 0.4275
vn 0.7328 0.5273 0.4300
vn 0.7591 0.2712 0.5918
vn 0.7624 0.6208 0.1827
vn 0.7167 0.5859 0.3784
vn -0.4392 0.1822 -0.8797
vn 0.4115 0.1822 -0.8930
vn 0.4143 0.1413 -0.8991
vn -0.4422 0.1412 -0.8857
vn -0.4496 -0.3359 0.8277
vn 0.4753 -0.3358 0.8132
vn -0.5380 0.0017 0.8429
vn 0.5634 -0.0282 0.8257
vn 0.4762 -0.2105 0.8538
vn -0.4492 -0.2105 0.8683
vn -0.4413 0.2791 -0.8528
vn 0.4145 0.2791 -0.8662
vn 0.4152 0.2521 -0.8741
vn -0.4423 0.2521 -0.8607
vn -0.5409 -0.4917 0.6824
vn 0.5615 -0.4675 0.6828
vn -0.7748 -0.6139 0.1508
vn -0.4374 0.3740 -0.8178
vn 0.4117 0.3740 -0.8310
vn 0.4146 0.3060 -0.8570
vn -0.4412 0.3061 -0.8436
vn -0.6966 -0.5750 -0.4291
vn -0.7131 -0.6169 -0.3330
vn -0.7695 0.4152 0.4853
vn -0.7064 0.7014 0.0953
vn -0.7778 -0.5223 -0.3496
vn -0.7406 -0.5350 -0.4066
vn -0.7127 -0.5497 -0.4357
vn 0.7070 -0.7069 0.0203
vn -0.7719 0.6352 0.0265
vn -0.9922 0.0432 -0.1173
vn -0.9999 0.0001 0.0154
vn -0.6900 0.7238 -0.0072
vn -0.7344 0.6786 -0.0124
vn -0.7063 0.7074 -0.0273
vn 0.7134 0.5536 0.4297
vn -0.9632 0.0875 -0.2543
vn -0.9490 0.1018 -0.2985
vn -0.9776 0.0694 -0.1985
vn -0.9909 -0.0371 0.1296
vn 0.9509 0.0915 -0.2955
vn 0.9522 0.1120 -0.2843
vn 0.9760 -0.0414 0.2138
vn 0.9773 -0.0695 0.2001
vn 0.9567 0.1304 -0.2601
vn 0.9723 -0.0964 0.2128
vn 0.9529 0.0422 -0.3003
vn 0.9743 -0.0970 0.2034
vn 0.9519 0.0680 -0.2988
vn 0.9755 -0.1012 0.1951
vn 0.9535 0.1331 -0.2704
vn 0.9747 -0.0501 0.2179
vn -0.9706 -0.0696 0.2305
vn -0.9689 -0.0412 0.2441
vn -0.9605 0.1121 -0.2547
vn -0.9596 0.0915 -0.2659
vn -0.9649 -0.0564 0.2566
vn -0.9648 0.0384 -0.2602
vn -0.9652 -0.0963 0.2431
vn -0.9644 0.1304 -0.2300
vn -0.9674 -0.0972 0.2337
vn -0.9618 0.0420 -0.2706
vn -0.9690 -0.1013 0.2254
vn -0.9606 0.0680 -0.2694
vn -0.9674 -0.0499 0.2483
vn -0.9614 0.1334 -0.2406
vn 0.9470 -0.1036 0.3042
vn -0.6955 0.2551 0.6717
vn 0.7168 -0.2482 0.6516
vn -0.7160 0.2551 -0.6498
vn 0.6961 -0.2482 -0.6736
vn -0.9469 0.1037 -0.3043
vn -0.7165 0.1821 -0.6734
vn 0.7004 0.5903 -0.4012
vn 0.9420 -0.3353 -0.0147
vn -0.7051 0.7074 0.0493
vn 0.6996 0.5536 -0.4518
vn -0.9420 0.3354 0.0147
vn 0.9370 -0.1036 -0.3336
vn -0.6952 0.1820 0.6954
vn 0.7127 0.5903 0.3790
vn -0.9370 0.1036 0.3337
vn 0.9389 0.2713 -0.2118
vn -0.6998 -0.5948 0.3956
vn 0.7172 -0.1887 0.6708
vn -0.9389 -0.2714 0.2118
vn 0.9451 0.2713 0.1824
vn -0.9450 -0.2714 -0.1824
vn 0.8872 0.3797 0.2621
vn 0.9749 0.1956 0.1062
vn 0.9999 0.0001 -0.0155
vn 0.9999 -0.0002 -0.0151
vn 0.9999 -0.0004 -0.0156
vn 0.9999 -0.0000 -0.0156
vn 0.9711 0.1956 -0.1366
vn 0.9999 -0.0002 -0.0161
vn 0.8786 0.3797 -0.2896
vn 0.9999 0.0001 -0.0157
vn 0.8759 -0.1450 -0.4601
vn 0.9697 -0.0869 -0.2283
vn 0.9999 -0.0000 -0.0158
vn 0.9999 0.0010 -0.0164
vn 0.9999 0.0003 -0.0153
vn 0.9728 -0.2296 -0.0319
vn 0.9999 -0.0001 -0.0150
vn 0.8829 -0.4693 -0.0138
vn 0.9999 -0.0002 -0.0156
vn 0.9733 -0.2296 0.0015
vn 0.9999 0.0003 -0.0158
vn 0.9763 -0.0869 0.1980
vn 0.9999 0.0010 -0.0149
vn 0.8899 -0.1450 0.4326
vn 0.9999 -0.0000 -0.0155
vn 0.9765 -0.0550 0.2083
vn 0.9999 -0.0006 -0.0157
vn 0.9999 -0.0001 -0.0160
vn 0.9753 0.1759 0.1333
vn 0.9999 0.0010 -0.0163
vn 0.9707 0.1759 -0.1637
vn 0.9999 0.0004 -0.0152
vn 0.9695 -0.0550 -0.2387
vn 0.9999 -0.0006 -0.0156
vn -0.9999 0.0001 0.0157
vn -0.9999 0.0002 0.0156
vn 0.9999 -0.0003 -0.0150
vn 0.8819 0.3879 0.2681
vn 0.8796 0.4560 0.1352
vn 0.8774 0.4796 -0.0135
vn 0.9999 -0.0003 -0.0162
vn 0.8750 0.4560 -0.1628
vn 0.8731 0.3880 -0.2953
vn 0.9999 0.0005 -0.0152
vn 0.8713 0.2825 -0.4014
vn 0.8702 0.1482 -0.4698
vn 0.9999 -0.0007 -0.0155
vn 0.8698 -0.0007 -0.4934
vn 0.9999 -0.0001 -0.0158
vn 0.8704 -0.1482 -0.4696
vn 0.9999 0.0006 -0.0159
vn 0.8712 -0.2813 -0.4022
vn 0.8730 -0.3880 -0.2956
vn 0.8750 -0.4565 -0.1613
vn 0.8775 -0.4794 -0.0137
vn 0.9999 -0.0001 -0.0163
vn 0.8796 -0.4565 0.1336
vn 0.8818 -0.3880 0.2682
vn 0.9999 0.0006 -0.0153
vn 0.8834 -0.2812 0.3749
vn 0.9999 -0.0001 -0.0155
vn 0.8846 -0.1481 0.4422
vn 0.9999 -0.0007 -0.0157
vn 0.8848 -0.0007 0.4660
vn 0.9999 -0.0000 -0.0157
vn 0.8845 0.1482 0.4424
vn 0.9999 0.0005 -0.0161
vn 0.8833 0.2827 0.3738
vn 0.2303 0.7889 0.5697
vn 0.2262 0.9274 0.2980
vn 0.0666 0.9492 0.3075
vn 0.0709 0.8075 0.5856
vn 0.7012 0.5820 0.4119
vn 0.6984 0.6836 0.2120
vn 0.9273 0.3095 0.2104
vn 0.9258 0.3632 0.1048
vn 0.9996 0.0291 0.0055
vn 0.9994 0.0334 -0.0037
vn 0.2069 -0.3014 -0.9308
vn 0.2092 -0.5730 -0.7924
vn 0.0492 -0.5866 -0.8084
vn 0.0469 -0.3084 -0.9501
vn 0.6839 -0.2223 -0.6949
vn 0.6859 -0.4220 -0.5928
vn 0.9181 -0.1182 -0.3782
vn 0.9191 -0.2241 -0.3241
vn 0.9987 -0.0111 -0.0498
vn 0.9988 -0.0200 -0.0450
vn 0.9992 0.0355 -0.0156
vn 0.9991 0.0334 -0.0276
vn 0.9989 0.0291 -0.0367
vn 0.9989 -0.0287 -0.0365
vn 0.9991 -0.0341 -0.0255
vn 0.9992 -0.0359 -0.0156
vn 0.9994 -0.0341 -0.0056
vn 0.9996 -0.0287 0.0052
vn 0.9997 -0.0200 0.0138
vn 0.9998 -0.0111 0.0186
vn 0.9998 -0.0011 0.0199
vn 0.9998 0.0110 0.0181
vn 0.9997 0.0217 0.0125
vn 0.9988 0.0217 -0.0437
vn 0.9987 0.0109 -0.0493
vn 0.9987 -0.0010 -0.0511
vn 0.0196 0.8090 0.5875
vn 0.0150 0.9510 0.3088
vn 0.0110 0.9999 -0.0002
vn 0.0618 0.9981 -0.0010
vn 0.0055 0.9510 -0.3091
vn 0.0569 0.9492 -0.3094
vn 0.0023 0.8090 -0.5879
vn 0.0526 0.8075 -0.5876
vn -0.0042 -0.3090 -0.9511
vn -0.0022 -0.5877 -0.8090
vn 0.0015 -0.8090 -0.5878
vn 0.0526 -0.8075 -0.5876
vn 0.0054 -0.9510 -0.3091
vn 0.0569 -0.9493 -0.3093
vn 0.0102 -0.9999 -0.0002
vn 0.0617 -0.9981 -0.0010
vn 0.0152 -0.9510 0.3088
vn 0.0666 -0.9493 0.3074
vn 0.0195 -0.8090 0.5875
vn 0.0709 -0.8075 0.5856
vn 0.0226 -0.5878 0.8087
vn 0.0744 -0.5866 0.8064
vn 0.0250 -0.3090 0.9507
vn 0.0766 -0.3084 0.9482
vn 0.0258 -0.0000 0.9997
vn 0.0774 -0.0001 0.9970
vn 0.0252 0.3090 0.9507
vn 0.0766 0.3084 0.9482
vn 0.0229 0.5878 0.8087
vn 0.0744 0.5867 0.8064
vn -0.0019 0.5878 -0.8090
vn 0.0492 0.5867 -0.8083
vn -0.0046 0.3090 -0.9511
vn 0.0469 0.3084 -0.9501
vn -0.0053 -0.0000 -1.0000
vn 0.0462 -0.0001 -0.9989
vn 0.2214 0.9752 -0.0035
vn 0.6949 0.7190 -0.0109
vn 0.9240 0.3822 -0.0144
vn 0.2167 0.9274 -0.3049
vn 0.6915 0.6836 -0.2337
vn 0.9221 0.3633 -0.1332
vn 0.2124 0.7889 -0.5766
vn 0.6880 0.5819 -0.4336
vn 0.9203 0.3095 -0.2393
vn 0.2092 0.5733 -0.7922
vn 0.6858 0.4232 -0.5921
vn 0.9191 0.2253 -0.3232
vn 0.2125 -0.7889 -0.5766
vn 0.6883 -0.5817 -0.4334
vn 0.9205 -0.3092 -0.2391
vn 0.2168 -0.9275 -0.3046
vn 0.6915 -0.6840 -0.2323
vn 0.9221 -0.3638 -0.1318
vn 0.2213 -0.9752 -0.0035
vn 0.6946 -0.7193 -0.0108
vn 0.9238 -0.3826 -0.0144
vn 0.2262 -0.9275 0.2977
vn 0.6984 -0.6840 0.2106
vn 0.9258 -0.3638 0.1030
vn 0.2304 -0.7889 0.5697
vn 0.7016 -0.5817 0.4117
vn 0.9275 -0.3092 0.2102
vn 0.2338 -0.5730 0.7855
vn 0.7040 -0.4220 0.5712
vn 0.9288 -0.2241 0.2952
vn 0.2358 -0.3014 0.9239
vn 0.7052 -0.2223 0.6733
vn 0.9295 -0.1182 0.3494
vn 0.2367 -0.0002 0.9716
vn 0.7061 -0.0007 0.7081
vn 0.9299 -0.0007 0.3678
vn 0.2359 0.3013 0.9239
vn 0.7056 0.2222 0.6729
vn 0.9296 0.1181 0.3490
vn 0.2338 0.5733 0.7852
vn 0.7040 0.4232 0.5703
vn 0.9288 0.2253 0.2943
vn 0.2070 0.3013 -0.9308
vn 0.6842 0.2222 -0.6946
vn 0.9183 0.1181 -0.3779
vn 0.2062 -0.0002 -0.9785
vn 0.6836 -0.0007 -0.7298
vn 0.9180 -0.0007 -0.3966
vn -0.3257 -0.4750 -0.8175
vn 0.1060 -0.4963 -0.8616
vn 0.0548 -0.8386 -0.5420
vn -0.4058 -0.7780 -0.4796
vn 0.7654 -0.3166 -0.5603
vn 0.9783 -0.0969 -0.1832
vn 0.9765 -0.1274 -0.1740
vn 0.7536 -0.4109 -0.5130
vn 0.9861 -0.0565 -0.1562
vn 0.9863 -0.0757 -0.1465
vn 0.7598 -0.6395 -0.1172
vn 0.9785 -0.2012 -0.0463
vn 0.9809 -0.1938 -0.0153
vn 0.7740 -0.6331 -0.0121
vn 0.3651 -0.8538 -0.3711
vn 0.0562 -0.8879 -0.4566
vn 0.3621 -0.7433 -0.5625
vn 0.7284 -0.4455 -0.5205
vn 0.4780 -0.4359 -0.7626
vn 0.7536 -0.3236 -0.5722
vn 0.7342 -0.6637 -0.1428
vn 0.7624 -0.6469 -0.0119
vn 0.4898 -0.8718 -0.0077
vn 0.1195 -0.9928 -0.0020
vn -0.4049 -0.8098 -0.4246
vn -0.3128 -0.9498 0.0048
vn -0.3001 -0.4749 0.8273
vn 0.1329 -0.4963 0.8579
vn 0.0789 -0.0496 0.9957
vn -0.3838 -0.0318 0.9229
vn 0.7825 -0.3166 0.5362
vn 0.9835 -0.0969 0.1526
vn 0.9819 -0.0738 0.1745
vn 0.7709 -0.2285 0.5945
vn 0.9863 0.0757 -0.1465
vn 0.9865 0.0934 -0.1348
vn 0.7709 0.2286 0.5945
vn 0.9819 0.0738 0.1744
vn 0.9836 0.0969 0.1524
vn 0.7825 0.3165 0.5361
vn 0.3851 0.1106 0.9162
vn 0.0789 0.0495 0.9957
vn 0.3852 -0.1106 0.9162
vn 0.7463 -0.2181 0.6288
vn 0.5016 -0.4359 0.7473
vn 0.7711 -0.3235 0.5484
vn 0.7463 0.2182 0.6288
vn 0.7711 0.3236 0.5483
vn 0.5015 0.4360 0.7473
vn 0.1329 0.4964 0.8579
vn -0.3839 0.0318 0.9228
vn -0.3001 0.4749 0.8273
vn 0.0704 -0.8880 0.4545
vn -0.3915 -0.8098 0.4370
vn 0.9794 -0.2012 0.0157
vn 0.7631 -0.6395 0.0934
vn 0.9904 0.0757 0.1156
vn 0.9905 0.0567 0.1252
vn 0.7693 -0.4109 0.4892
vn 0.9814 -0.1274 0.1435
vn 0.3795 -0.7434 0.5508
vn 0.0718 -0.8386 0.5401
vn 0.3765 -0.8538 0.3595
vn 0.7384 -0.6637 0.1198
vn 0.7442 -0.4456 0.4976
vn -0.3906 -0.7780 0.4921
vn -0.3258 0.4750 -0.8175
vn 0.1061 0.4963 -0.8616
vn 0.0477 0.0495 -0.9976
vn -0.4125 0.0317 -0.9104
vn 0.7654 0.3166 -0.5603
vn 0.9783 0.0969 -0.1831
vn 0.9760 0.0738 -0.2050
vn 0.7520 0.2285 -0.6183
vn 0.9904 -0.0757 0.1156
vn 0.9902 -0.0934 0.1039
vn 0.7520 -0.2286 -0.6182
vn 0.9760 -0.0738 -0.2050
vn 0.3563 -0.1105 -0.9278
vn 0.0477 -0.0495 -0.9976
vn 0.3564 0.1106 -0.9278
vn 0.7264 0.2181 -0.6518
vn 0.4780 0.4359 -0.7626
vn 0.7536 0.3235 -0.5722
vn 0.7263 -0.2181 -0.6518
vn -0.4125 -0.0317 -0.9104
vn -0.3129 0.9498 0.0049
vn 0.1195 0.9928 -0.0018
vn 0.0562 0.8879 -0.4565
vn -0.4049 0.8098 -0.4246
vn 0.7739 0.6332 -0.0121
vn 0.9809 0.1938 -0.0153
vn 0.9784 0.2012 -0.0463
vn 0.7598 0.6395 -0.1172
vn 0.9884 -0.1514 -0.0154
vn 0.9880 -0.1502 -0.0366
vn 0.7536 0.4110 -0.5130
vn 0.9765 0.1275 -0.1741
vn 0.3620 0.7434 -0.5624
vn 0.0549 0.8386 -0.5420
vn 0.3651 0.8538 -0.3710
vn 0.7343 0.6637 -0.1427
vn 0.4898 0.8718 -0.0076
vn 0.7624 0.6470 -0.0119
vn 0.7284 0.4456 -0.5206
vn -0.4058 0.7780 -0.4796
vn 0.0717 0.8386 0.5400
vn -0.3906 0.7780 0.4921
vn 0.9814 0.1275 0.1435
vn 0.7693 0.4109 0.4892
vn 0.7631 0.6395 0.0934
vn 0.9794 0.2012 0.0157
vn 0.3765 0.8538 0.3595
vn 0.0705 0.8879 0.4546
vn 0.3795 0.7434 0.5508
vn 0.7443 0.4456 0.4975
vn 0.7383 0.6637 0.1198
vn -0.3915 0.8098 0.4370
vn 0.5135 0.0001 0.8581
vn -0.0156 -0.0000 -0.9999
vn 0.1293 0.4966 0.8583
vn 0.2270 0.9040 0.3624
vn 0.1292 0.6119 0.7803
vn 0.1293 -0.4966 0.8583
vn 0.1292 -0.6119 0.7803
vn 0.1192 -0.9834 0.1370
vn 0.9604 -0.2466 0.1296
vn 0.1148 0.9834 -0.1407
vn 0.1159 0.9933 -0.0018
vn 0.1191 0.9834 0.1370
vn 0.1158 -0.9933 -0.0023
vn 0.1148 -0.9834 -0.1406
vn 0.1047 -0.6119 -0.7840
vn 0.1048 0.6118 -0.7840
vn 0.1024 -0.4965 -0.8620
vn 0.1026 -0.3714 -0.9228
vn 0.1025 0.3714 -0.9228
vn 0.9886 0.1502 0.0060
vn 0.9884 0.1514 -0.0154
vn 0.1024 0.4969 -0.8617
vn 0.9259 -0.3718 -0.0671
vn 0.9221 -0.2315 -0.3101
vn -0.0121 -0.6165 -0.7872
vn -0.0022 -0.9901 -0.1406
vn 0.9322 0.1402 0.3338
vn 0.9322 -0.1402 0.3338
vn 0.0147 -0.3735 0.9275
vn 0.0144 0.3736 0.9275
vn 0.9313 -0.2315 0.2812
vn 0.9275 -0.3719 0.0382
vn 0.0022 -0.9901 0.1402
vn 0.0123 -0.6168 0.7870
vn 0.9880 0.1501 -0.0369
vn 0.9213 -0.1403 -0.3626
vn 0.9213 0.1403 -0.3628
vn -0.0143 0.3735 -0.9275
vn -0.0145 -0.3731 -0.9277
vn 0.9220 0.2315 -0.3102
vn 0.9259 0.3718 -0.0671
vn -0.0021 0.9901 -0.1403
vn -0.0123 0.6165 -0.7872
vn 0.9275 0.3718 0.0381
vn 0.9313 0.2315 0.2811
vn 0.0124 0.6166 0.7872
vn 0.0022 0.9900 0.1407
vn 0.9864 -0.0937 -0.1347
vn 0.0136 0.5000 0.8659
vn 0.0145 0.3736 0.9275
vn 0.0145 0.3731 0.9277
vn 0.0135 0.5000 0.8659
vn 0.0145 -0.3732 0.9276
vn 0.0145 -0.3735 0.9275
vn 0.0123 0.6166 0.7872
vn 0.0123 0.6165 0.7872
vn 0.0021 0.9901 0.1402
vn 0.0136 -0.5000 0.8659
vn 0.0123 -0.6165 0.7872
vn 0.0123 -0.6165 0.7873
vn 0.0135 -0.5000 0.8659
vn 0.0022 -0.9901 0.1403
vn -0.0022 0.9901 -0.1403
vn -0.0000 1.0000 -0.0000
vn 0.0022 0.9900 0.1408
vn -0.0000 -1.0000 -0.0000
vn -0.0022 -0.9901 -0.1403
vn -0.0022 -0.9901 -0.1402
vn -0.0123 -0.6165 -0.7872
vn -0.0123 -0.6165 -0.7873
vn -0.0135 -0.5000 -0.8659
vn -0.0145 -0.3733 -0.9276
vn -0.0145 0.3735 -0.9275
vn -0.0145 0.3732 -0.9276
vn -0.0135 0.5000 -0.8659
vn 0.9273 -0.3740 -0.0142
vn 0.9223 -0.1870 -0.3383
vn 0.9902 0.0936 0.1038
vn 0.9324 0.1871 0.3094
vn 0.9324 -0.1870 0.3094
vn 0.9861 0.0565 -0.1562
vn 0.9222 0.1870 -0.3384
vn 0.9905 -0.0564 0.1252
vn 0.9273 0.3740 -0.0144
vn 0.9886 -0.1502 0.0060
vn -0.0000 0.5965 0.8026
vn -0.0000 -0.5645 0.8254
vn -0.0000 -0.5684 -0.8228
vn -0.0000 -0.0000 1.0000
vn -1.0000 -0.0000 -0.0000
vn -0.0000 -0.0000 -1.0000
vn -0.0000 -0.9667 -0.2560
vn -0.0000 -0.9533 -0.3021
vn -0.0000 -0.1200 -0.9928
vn -0.0000 0.9244 0.3815
vn -0.0000 0.1207 0.9927
vn -0.0000 -0.9244 0.3815
vn -0.0000 -0.0960 0.9954
vn -0.0000 0.9461 -0.3239
vn -0.0000 0.0690 -0.9976
vn -0.0000 0.5520 -0.8338
vn 1.0000 -0.0000 -0.0000
vn -0.0000 -0.2215 -0.9751
vn -0.0000 0.6771 0.7359
vn -0.0000 0.9701 -0.2425
vn -0.0000 0.0362 -0.9993
vn -0.0000 -0.5628 -0.8266
vn -0.0000 -0.9865 0.1637
vn -0.0000 -0.1349 0.9909
vn -0.0000 0.9946 0.1035
vn -0.0000 0.6265 -0.7794
vn -0.0000 -0.6295 0.7770
vn -0.0000 0.0652 0.9979
vn -0.8311 -0.0000 -0.5562
vn 0.5562 -0.0000 -0.8311
vn 0.8311 -0.0000 0.5562
vn -0.5562 -0.0000 0.8311
vn -0.0120 -0.9999 -0.0120
vn 0.0120 0.9999 -0.0120
vn 0.0139 0.9995 0.0277
vn -0.0139 -0.9995 0.0277
vn 0.9877 -0.0000 -0.1565
vn -0.9877 -0.0000 0.1565
vn -0.0053 -1.0000 -0.0053
vn 0.0053 1.0000 -0.0053
vn -0.0277 0.9995 -0.0139
vn 0.0277 -0.9995 -0.0139
vn 0.1565 -0.0000 0.9877
vn -0.1565 -0.0000 -0.9877
vn -0.0277 0.9995 0.0139
vn 0.0277 -0.9995 0.0139
vn 0.8311 -0.0000 -0.5562
vn -0.0120 -0.9999 0.0120
vn 0.0120 0.9999 0.0120
vn -0.9877 -0.0000 -0.1565
vn -0.0053 -1.0000 0.0053
vn 0.0053 1.0000 0.0053
vn -0.8311 -0.0000 0.5562
vn 0.0139 0.9995 -0.0277
vn -0.0139 -0.9995 -0.0277
vn 0.9877 -0.0000 0.1565
vn 0.0054 -1.0000 0.0053
vn -0.0139 0.9995 -0.0277
vn -0.0277 -0.9995 0.0139
vn -0.0120 0.9999 0.0120
vn 0.5562 -0.0000 0.8311
vn -0.0120 0.9999 -0.0120
vn -0.0139 0.9995 0.0277
vn 0.0054 -1.0000 -0.0053
vn -0.0277 -0.9995 -0.0139
vn 0.1565 -0.0000 -0.9877
vn -0.0053 1.0000 0.0053
vn 0.0139 -0.9995 -0.0277
vn 0.0277 0.9995 0.0139
vn 0.0120 -0.9999 0.0120
vn -0.5562 -0.0000 -0.8311
vn 0.0120 -0.9999 -0.0120
vn 0.0139 -0.9995 0.0277
vn -0.0053 1.0000 -0.0053
vn 0.0277 0.9995 -0.0139
vn -0.1565 -0.0000 0.9877
vn 0.0053 -1.0000 0.0053
vn 0.0053 -1.0000 -0.0053
vn -0.0000 -0.0239 0.9997
vn -0.0000 0.9829 -0.1842
vn -0.0000 0.0008 -1.0000
vn -0.0000 0.9994 0.0338
vn -0.0000 -0.0321 0.9995
vn -0.0000 -0.7133 -0.7009
vn -0.0000 -0.9624 0.2718
vn -0.0000 0.1972 0.9804
vn -0.0000 0.6377 0.7703
vn -0.0000 0.9581 0.2866
vn -0.0000 -0.5798 0.8148
vn -0.0000 -0.0577 -0.9983
vn -0.0000 -0.0007 1.0000
vn -0.0000 0.9315 -0.3638
vn -0.0000 0.1197 -0.9928
vn -0.0000 -0.9855 -0.1695
vn -0.0000 0.5828 -0.8126
vn -0.0000 -0.2589 -0.9659
vn -0.0000 0.9800 -0.1992
vn -0.0000 0.2553 -0.9669
vn -0.0000 -0.6315 -0.7754
vn -0.0000 -0.9946 0.1037
vn -0.0000 -0.0890 0.9960
vn -0.0000 0.5162 0.8565
vn -0.0000 -0.6558 0.7549
vn -0.0000 -0.9932 -0.1168
vn 0.5313 0.7031 -0.4726
vn 0.5234 -0.4761 -0.7067
vn 0.5218 -0.7102 0.4726
vn 0.5297 0.4690 0.7067
vn -1.0000 0.0082 -0.0015
vn 1.0000 -0.0082 -0.0015
vn 1.0000 -0.0084 0.0034
vn -1.0000 0.0084 0.0034
vn 0.5147 -0.8468 -0.1342
vn 0.5260 0.8398 0.1342
vn -1.0000 0.0074 -0.0007
vn 1.0000 -0.0074 -0.0007
vn 1.0000 -0.0033 -0.0017
vn -1.0000 0.0033 -0.0017
vn 0.5195 -0.1377 0.8433
vn 0.5213 0.1307 -0.8433
vn 1.0000 -0.0033 0.0017
vn -1.0000 0.0033 0.0017
vn 0.5218 -0.7102 -0.4726
vn -1.0000 0.0082 0.0015
vn 1.0000 -0.0082 0.0015
vn 0.5260 0.8398 -0.1342
vn -1.0000 0.0074 0.0007
vn 1.0000 -0.0074 0.0007
vn 0.5313 0.7031 0.4726
vn 1.0000 -0.0084 -0.0034
vn -1.0000 0.0084 -0.0034
vn 0.5147 -0.8468 0.1342
vn -1.0000 0.0060 0.0007
vn 1.0000 -0.0050 -0.0034
vn -0.9999 0.0101 0.0017
vn 1.0000 -0.0052 0.0015
vn 0.5234 -0.4761 0.7067
vn 1.0000 -0.0052 -0.0015
vn 1.0000 -0.0050 0.0034
vn -1.0000 0.0060 -0.0007
vn -0.9999 0.0101 -0.0017
vn 0.5195 -0.1377 -0.8433
vn 1.0000 -0.0060 0.0007
vn -1.0000 0.0050 -0.0034
vn 0.9999 -0.0101 0.0017
vn -1.0000 0.0052 0.0015
vn 0.5297 0.4690 -0.7067
vn -1.0000 0.0052 -0.0015
vn -1.0000 0.0050 0.0034
vn 1.0000 -0.0060 -0.0007
vn 0.9999 -0.0101 -0.0017
vn 0.5213 0.1307 0.8433
vn 0.7548 -0.5847 -0.2975
vn 0.7578 0.6443 -0.1036
vn -0.3258 -0.9061 -0.2701
vn 0.1060 -0.9519 -0.2876
vn 0.0548 -0.9822 0.1797
vn -0.4058 -0.8953 0.1836
vn 0.7654 -0.6145 -0.1913
vn 0.9783 -0.1961 -0.0670
vn 0.9765 -0.2121 -0.0395
vn 0.7536 -0.6508 -0.0922
vn 0.9999 -0.0107 -0.0114
vn 0.9861 -0.1481 -0.0751
vn 0.9863 -0.1555 -0.0549
vn 0.7598 -0.5461 0.3528
vn 0.9784 -0.1783 0.1042
vn 0.9809 -0.1516 0.1216
vn 0.7740 -0.4695 0.4250
vn 0.3651 -0.8762 0.3146
vn 0.0562 -0.9596 0.2758
vn 0.3621 -0.9268 0.0995
vn 0.7284 -0.6811 -0.0739
vn 0.4780 -0.8400 -0.2568
vn 0.7536 -0.6277 -0.1951
vn 0.7343 -0.5813 0.3507
vn 0.7624 -0.4794 0.4346
vn 0.4898 -0.6403 0.5917
vn 0.1195 -0.7245 0.6788
vn -0.4049 -0.8808 0.2456
vn -0.3128 -0.6886 0.6542
vn -0.3001 0.2208 0.9280
vn 0.1329 0.2263 0.9649
vn 0.0789 0.6461 0.7592
vn -0.3838 0.6091 0.6940
vn 0.7825 0.1367 0.6074
vn 0.9835 0.0339 0.1775
vn 0.9819 0.0658 0.1777
vn 0.7709 0.2408 0.5896
vn 0.9863 -0.0452 -0.1585
vn 0.9865 -0.0243 -0.1622
vn 0.7709 0.5738 0.2764
vn 0.9819 0.1733 0.0765
vn 0.9835 0.1750 0.0447
vn 0.7825 0.5979 0.1737
vn 0.3851 0.7083 0.5916
vn 0.0789 0.7182 0.6914
vn 0.3852 0.5472 0.7431
vn 0.7463 0.2720 0.6075
vn 0.5015 0.1945 0.8430
vn 0.7711 0.1401 0.6211
vn 0.7463 0.5897 0.3086
vn 0.7711 0.6114 0.1777
vn 0.5015 0.8295 0.2456
vn 0.1329 0.9493 0.2848
vn -0.3839 0.6554 0.6504
vn -0.3001 0.9127 0.2772
vn 0.0704 -0.3354 0.9394
vn -0.3915 -0.2905 0.8731
vn 0.9794 -0.1358 0.1493
vn 0.7631 -0.4019 0.5062
vn 0.9904 0.1343 0.0324
vn 0.9905 0.1271 0.0523
vn 0.7693 0.0358 0.6379
vn 0.9814 0.0055 0.1919
vn 0.3795 -0.1641 0.9105
vn 0.0718 -0.2408 0.9679
vn 0.3765 -0.3757 0.8468
vn 0.7384 -0.4014 0.5419
vn 0.7442 0.0163 0.6677
vn -0.3906 -0.2296 0.8915
vn -0.3258 -0.2140 -0.9209
vn 0.1061 -0.2288 -0.9677
vn 0.0477 -0.6474 -0.7606
vn -0.4125 -0.6006 -0.6849
vn 0.7654 -0.1533 -0.6250
vn 0.9783 -0.0549 -0.1997
vn 0.9760 -0.0867 -0.1999
vn 0.7520 -0.2571 -0.6070
vn 0.9904 0.0241 0.1360
vn 0.9902 0.0032 0.1397
vn 0.7520 -0.5901 -0.2937
vn 0.9760 -0.1942 -0.0988
vn 0.3563 -0.7162 -0.6001
vn 0.0477 -0.7196 -0.6928
vn 0.3564 -0.5551 -0.7516
vn 0.7264 -0.2877 -0.6242
vn 0.4780 -0.2050 -0.8541
vn 0.7536 -0.1564 -0.6384
vn 0.7263 -0.6055 -0.3253
vn -0.4125 -0.6469 -0.6414
vn -0.3129 0.6952 -0.6472
vn 0.1195 0.7220 -0.6815
vn 0.0562 0.3340 -0.9409
vn -0.4049 0.2990 -0.8641
vn 0.7739 0.4529 -0.4426
vn 0.9809 0.1307 -0.1439
vn 0.9785 0.1149 -0.1716
vn 0.7598 0.3856 -0.5235
vn 0.9884 -0.1209 0.0925
vn 0.9880 -0.1345 0.0762
vn 0.7536 -0.0521 -0.6552
vn 0.9765 -0.0264 -0.2141
vn 0.3620 0.1562 -0.9190
vn 0.0549 0.2395 -0.9694
vn 0.3651 0.3678 -0.8553
vn 0.7343 0.3857 -0.5587
vn 0.4898 0.6299 -0.6028
vn 0.7624 0.4631 -0.4520
vn 0.7284 -0.0321 -0.6844
vn -0.4058 0.2381 -0.8824
vn 0.0717 0.9808 -0.1811
vn -0.3906 0.9039 -0.1746
vn 0.9814 0.1911 0.0172
vn 0.7693 0.6345 0.0748
vn 0.7631 0.5298 -0.3701
vn 0.9794 0.1573 -0.1264
vn 0.3765 0.8683 -0.3231
vn 0.0705 0.9582 -0.2772
vn 0.3795 0.9189 -0.1081
vn 0.7443 0.6654 0.0571
vn 0.7383 0.5655 -0.3675
vn -0.3914 0.8893 -0.2365
vn 0.9999 -0.0107 -0.0113
vn -0.9999 0.0107 0.0114
vn 0.5135 0.5880 0.6250
vn -0.0156 -0.6851 -0.7283
vn 0.1293 0.9498 0.2850
vn 0.2270 0.9068 -0.3554
vn 0.1292 0.9803 0.1492
vn 0.1293 0.2263 0.9654
vn 0.1292 0.0889 0.9876
vn 0.1192 -0.6225 0.7735
vn 0.9604 -0.0908 0.2633
vn 0.1148 0.6199 -0.7762
vn 0.1159 0.7223 -0.6818
vn 0.1191 0.8102 -0.5739
vn 0.1158 -0.7251 0.6788
vn 0.1148 -0.8126 0.5713
vn 0.1047 -0.9828 -0.1518
vn 0.1048 -0.0915 -0.9903
vn 0.1024 -0.9522 -0.2879
vn 0.1026 -0.9028 -0.4177
vn 0.1025 -0.3617 -0.9266
vn 0.9886 0.1135 -0.0985
vn 0.9884 0.0997 -0.1149
vn 0.1024 -0.2287 -0.9681
vn 0.9259 -0.3168 0.2058
vn 0.9221 -0.3811 -0.0673
vn -0.0120 -0.9885 -0.1510
vn -0.0022 -0.8175 0.5759
vn 0.9322 0.3308 0.1471
vn 0.9322 0.1265 0.3392
vn 0.0147 0.3634 0.9315
vn 0.0144 0.9076 0.4197
vn 0.9313 0.0240 0.3634
vn 0.9275 -0.2447 0.2826
vn 0.0022 -0.6251 0.7805
vn 0.0123 0.0899 0.9959
vn 0.9880 0.0841 -0.1297
vn 0.9213 -0.3506 -0.1680
vn 0.9213 -0.1464 -0.3604
vn -0.0143 -0.3634 -0.9315
vn -0.0145 -0.9074 -0.4201
vn 0.9220 -0.0439 -0.3846
vn 0.9259 0.2248 -0.3036
vn -0.0021 0.6251 -0.7805
vn -0.0123 -0.0902 -0.9958
vn 0.9275 0.2969 -0.2270
vn 0.9313 0.3612 0.0462
vn 0.0124 0.9885 0.1510
vn 0.0022 0.8176 -0.5758
vn 0.9864 -0.1605 -0.0340
vn 0.0135 0.9575 0.2882
vn 0.0145 0.9076 0.4197
vn 0.0145 0.9073 0.4201
vn 0.0145 0.3637 0.9314
vn 0.0145 0.3634 0.9315
vn 0.0123 0.9885 0.1510
vn 0.0022 0.8173 -0.5762
vn 0.0136 0.2291 0.9733
vn 0.0123 0.0903 0.9958
vn 0.0135 0.2291 0.9733
vn -0.0022 0.6251 -0.7805
vn -0.0000 0.7284 -0.6851
vn -0.0000 -0.7284 0.6851
vn -0.0022 -0.8173 0.5762
vn -0.0123 -0.9885 -0.1510
vn -0.0123 -0.9884 -0.1511
vn -0.0135 -0.9575 -0.2882
vn -0.0145 -0.9074 -0.4200
vn -0.0145 -0.3634 -0.9315
vn -0.0144 -0.3637 -0.9314
vn -0.0135 -0.2291 -0.9733
vn 0.9273 -0.2821 0.2459
vn 0.9223 -0.3680 -0.1183
vn 0.9902 0.1393 0.0115
vn 0.9324 0.3482 0.0972
vn 0.9324 0.0757 0.3535
vn 0.9861 -0.0659 -0.1524
vn 0.9222 -0.0956 -0.3746
vn 0.9905 0.0447 0.1299
vn 0.9273 0.2625 -0.2667
vn 0.9886 -0.1053 0.1073
vn 0.7548 -0.6297 0.1838
vn 0.7578 0.3983 -0.5169
vt 0.194156 0.604246
vt 0.216519 0.612375
vt 0.213110 0.617140
vt 0.193162 0.609620
vt 0.335468 0.804235
vt 0.329020 0.813092
vt 0.332410 0.802666
vt 0.337889 0.806665
vt 0.339440 0.809721
vt 0.216823 0.627220
vt 0.214849 0.629963
vt 0.211679 0.628113
vt 0.212969 0.624649
vt 0.332414 0.823482
vt 0.335457 0.821932
vt 0.211626 0.634478
vt 0.208776 0.632701
vt 0.200056 0.650994
vt 0.196694 0.655877
vt 0.193114 0.653471
vt 0.196982 0.648980
vt 0.195107 0.658097
vt 0.190097 0.655719
vt 0.214237 0.636581
vt 0.217613 0.632348
vt 0.220502 0.630048
vt 0.200183 0.658525
vt 0.198918 0.662216
vt 0.203017 0.653158
vt 0.223659 0.606746
vt 0.221598 0.610290
vt 0.218925 0.608804
vt 0.220690 0.605206
vt 0.255657 0.660006
vt 0.251533 0.660666
vt 0.245079 0.641300
vt 0.248735 0.639397
vt 0.236978 0.645606
vt 0.233926 0.647196
vt 0.223460 0.634359
vt 0.225155 0.631242
vt 0.242361 0.662069
vt 0.239104 0.662527
vt 0.194900 0.600061
vt 0.195613 0.596034
vt 0.191813 0.616789
vt 0.192450 0.613515
vt 0.210357 0.620641
vt 0.207982 0.623297
vt 0.175397 0.616742
vt 0.174858 0.613278
vt 0.172727 0.599869
vt 0.172121 0.596034
vt 0.229141 0.610355
vt 0.226649 0.613726
vt 0.222958 0.611144
vt 0.225139 0.607628
vt 0.173360 0.604034
vt 0.209324 0.624425
vt 0.212258 0.622642
vt 0.209570 0.625604
vt 0.218827 0.634788
vt 0.220605 0.633509
vt 0.234147 0.614509
vt 0.231419 0.617512
vt 0.230206 0.616476
vt 0.232884 0.613372
vt 0.206207 0.631983
vt 0.208945 0.627749
vt 0.236482 0.616841
vt 0.233602 0.619614
vt 0.221863 0.633534
vt 0.222629 0.630100
vt 0.191324 0.651523
vt 0.189100 0.652775
vt 0.194569 0.647887
vt 0.178630 0.655434
vt 0.179869 0.652406
vt 0.184444 0.652639
vt 0.184386 0.655479
vt 0.337204 0.795272
vt 0.340472 0.797442
vt 0.338981 0.799458
vt 0.334438 0.797248
vt 0.215759 0.638769
vt 0.202760 0.659614
vt 0.204906 0.655005
vt 0.202112 0.662433
vt 0.340857 0.790831
vt 0.343736 0.792981
vt 0.355962 0.775727
vt 0.353106 0.773529
vt 0.356335 0.768831
vt 0.359321 0.770989
vt 0.357706 0.766047
vt 0.361082 0.768503
vt 0.358977 0.777708
vt 0.362344 0.773101
vt 0.364539 0.770861
vt 0.343528 0.799932
vt 0.342397 0.803103
vt 0.346712 0.795060
vt 0.224079 0.617230
vt 0.227733 0.619948
vt 0.224195 0.624852
vt 0.220489 0.622165
vt 0.230966 0.622920
vt 0.240378 0.643801
vt 0.227542 0.627571
vt 0.219050 0.613741
vt 0.215458 0.618567
vt 0.220368 0.614578
vt 0.216773 0.619481
vt 0.228921 0.620943
vt 0.225467 0.625809
vt 0.364236 0.764053
vt 0.360930 0.761734
vt 0.364072 0.757131
vt 0.367475 0.759503
vt 0.382447 0.785337
vt 0.370540 0.768965
vt 0.373805 0.764711
vt 0.387169 0.782930
vt 0.246216 0.661479
vt 0.393569 0.802341
vt 0.388282 0.803209
vt 0.357489 0.759708
vt 0.338048 0.753498
vt 0.338866 0.748202
vt 0.360480 0.755194
vt 0.368681 0.767286
vt 0.371910 0.762869
vt 0.367509 0.766400
vt 0.370817 0.761953
vt 0.359703 0.760916
vt 0.362847 0.756393
vt 0.319236 0.753471
vt 0.318425 0.748228
vt 0.384347 0.803863
vt 0.378847 0.787145
vt 0.317816 0.744194
vt 0.339481 0.744194
vt 0.366396 0.753938
vt 0.369769 0.756289
vt 0.362578 0.751823
vt 0.397571 0.801680
vt 0.390808 0.781089
vt 0.376316 0.761647
vt 0.365136 0.753149
vt 0.374238 0.759655
vt 0.373088 0.758718
vt 0.368120 0.772097
vt 0.174230 0.609402
vt 0.337447 0.757444
vt 0.319830 0.757461
vt 0.355308 0.763081
vt 0.366285 0.770842
vt 0.357131 0.764366
vt 0.117031 0.639872
vt 0.120923 0.641887
vt 0.114321 0.662299
vt 0.110055 0.661647
vt 0.113349 0.638002
vt 0.106118 0.661080
vt 0.110836 0.687598
vt 0.106639 0.688147
vt 0.123792 0.663690
vt 0.129519 0.646399
vt 0.132701 0.648161
vt 0.127540 0.664237
vt 0.135030 0.724377
vt 0.120954 0.704098
vt 0.126697 0.702104
vt 0.139075 0.720384
vt 0.329033 0.824016
vt 0.325650 0.823490
vt 0.322601 0.821947
vt 0.129608 0.691373
vt 0.132910 0.690247
vt 0.134473 0.693706
vt 0.131312 0.695850
vt 0.320175 0.819540
vt 0.138332 0.688375
vt 0.139670 0.691583
vt 0.157999 0.681455
vt 0.163747 0.679398
vt 0.165285 0.683550
vt 0.159361 0.684986
vt 0.166407 0.678503
vt 0.169141 0.683482
vt 0.137389 0.685033
vt 0.132005 0.686587
vt 0.128217 0.686784
vt 0.162430 0.675093
vt 0.165726 0.672779
vt 0.156826 0.677862
vt 0.111501 0.704587
vt 0.115397 0.702819
vt 0.116769 0.705686
vt 0.113104 0.707683
vt 0.128247 0.681427
vt 0.125112 0.682995
vt 0.131898 0.727504
vt 0.128880 0.730522
vt 0.129118 0.683062
vt 0.126484 0.685465
vt 0.144481 0.715078
vt 0.141997 0.717488
vt 0.131116 0.700793
vt 0.134704 0.699969
vt 0.158462 0.724754
vt 0.156828 0.728193
vt 0.150795 0.740826
vt 0.149070 0.744553
vt 0.109003 0.698239
vt 0.113166 0.696857
vt 0.114744 0.701278
vt 0.110790 0.702950
vt 0.152688 0.736902
vt 0.134249 0.698220
vt 0.130710 0.697968
vt 0.134747 0.697080
vt 0.107183 0.691628
vt 0.111418 0.690724
vt 0.111812 0.692355
vt 0.107588 0.693391
vt 0.141403 0.693731
vt 0.136558 0.695652
vt 0.130167 0.683830
vt 0.132435 0.683808
vt 0.165613 0.686242
vt 0.168216 0.686524
vt 0.160726 0.687346
vt 0.178507 0.690531
vt 0.175673 0.692321
vt 0.172002 0.689407
vt 0.173737 0.687080
vt 0.332900 0.832199
vt 0.329047 0.832376
vt 0.329042 0.829900
vt 0.333971 0.829007
vt 0.137415 0.682268
vt 0.160929 0.672626
vt 0.156361 0.675177
vt 0.163175 0.670661
vt 0.167534 0.667241
vt 0.164819 0.666303
vt 0.166407 0.661859
vt 0.169556 0.661826
vt 0.332537 0.837844
vt 0.329058 0.837789
vt 0.329100 0.858605
vt 0.332674 0.858729
vt 0.332782 0.864382
vt 0.329112 0.864361
vt 0.333286 0.867432
vt 0.329118 0.867392
vt 0.325527 0.858743
vt 0.325442 0.864397
vt 0.324950 0.867449
vt 0.325193 0.832213
vt 0.324109 0.829024
vt 0.325579 0.837858
vt 0.117470 0.695431
vt 0.116028 0.690909
vt 0.121998 0.688917
vt 0.123489 0.693424
vt 0.115104 0.686416
vt 0.119822 0.663103
vt 0.120849 0.684597
vt 0.119630 0.701419
vt 0.125567 0.699490
vt 0.119015 0.699916
vt 0.125005 0.697928
vt 0.115628 0.689341
vt 0.121511 0.687340
vt 0.329129 0.872843
vt 0.333170 0.872810
vt 0.333295 0.878382
vt 0.329141 0.878435
vt 0.301685 0.866290
vt 0.321109 0.872490
vt 0.320936 0.877895
vt 0.299299 0.871024
vt 0.125907 0.644506
vt 0.282735 0.859139
vt 0.286473 0.855338
vt 0.337146 0.872455
vt 0.356509 0.866169
vt 0.358940 0.870932
vt 0.337343 0.877863
vt 0.323613 0.872788
vt 0.323561 0.878285
vt 0.325088 0.872831
vt 0.324988 0.878391
vt 0.334644 0.872761
vt 0.334721 0.878268
vt 0.371711 0.855185
vt 0.375440 0.858937
vt 0.289254 0.852493
vt 0.303510 0.862711
vt 0.378301 0.861835
vt 0.360786 0.874537
vt 0.333268 0.882333
vt 0.329151 0.882390
vt 0.337603 0.881824
vt 0.279903 0.862016
vt 0.297444 0.874659
vt 0.320692 0.881865
vt 0.334751 0.882238
vt 0.323548 0.882265
vt 0.325033 0.882353
vt 0.321282 0.868477
vt 0.155088 0.731838
vt 0.354692 0.862629
vt 0.368894 0.852317
vt 0.336958 0.868446
vt 0.323511 0.868486
vt 0.334730 0.868463
vt 0.176065 0.747734
vt 0.175399 0.751810
vt 0.217480 0.734832
vt 0.194730 0.742737
vt 0.194448 0.736732
vt 0.214747 0.729994
vt 0.318610 0.816499
vt 0.318058 0.813114
vt 0.318587 0.809721
vt 0.185094 0.730902
vt 0.185002 0.727437
vt 0.188731 0.726999
vt 0.189860 0.730603
vt 0.320142 0.806661
vt 0.184855 0.721710
vt 0.188312 0.721419
vt 0.184398 0.700724
vt 0.184293 0.694505
vt 0.188865 0.694313
vt 0.188206 0.700561
vt 0.184259 0.691645
vt 0.189954 0.690439
vt 0.181385 0.721592
vt 0.181252 0.727197
vt 0.180314 0.730863
vt 0.179703 0.694423
vt 0.180580 0.700702
vt 0.192573 0.752017
vt 0.191958 0.747700
vt 0.195107 0.747163
vt 0.196059 0.751313
vt 0.175210 0.729241
vt 0.175780 0.732709
vt 0.219624 0.738592
vt 0.221673 0.742123
vt 0.177031 0.728897
vt 0.178545 0.732127
vt 0.211048 0.723367
vt 0.212760 0.726506
vt 0.194472 0.732190
vt 0.194850 0.728717
vt 0.223924 0.712787
vt 0.226767 0.715232
vt 0.237046 0.724244
vt 0.240077 0.726841
vt 0.185681 0.752562
vt 0.185573 0.748155
vt 0.190285 0.747890
vt 0.190764 0.752244
vt 0.233872 0.721432
vt 0.193023 0.728472
vt 0.191690 0.731765
vt 0.191943 0.727758
vt 0.178828 0.752306
vt 0.179210 0.748070
vt 0.180874 0.748158
vt 0.180613 0.752452
vt 0.190897 0.720430
vt 0.191179 0.725631
vt 0.178076 0.728125
vt 0.178732 0.725955
vt 0.191703 0.694889
vt 0.192788 0.692132
vt 0.190901 0.700052
vt 0.199094 0.683308
vt 0.200120 0.686146
vt 0.196277 0.689182
vt 0.194646 0.686996
vt 0.312062 0.822838
vt 0.310631 0.819179
vt 0.312999 0.818376
vt 0.315412 0.822731
vt 0.178747 0.720730
vt 0.176854 0.695085
vt 0.177853 0.700297
vt 0.178496 0.710448
vt 0.181114 0.711271
vt 0.306477 0.824380
vt 0.305405 0.820924
vt 0.285320 0.827307
vt 0.286290 0.830770
vt 0.280895 0.832576
vt 0.279801 0.829065
vt 0.278104 0.833986
vt 0.276906 0.829987
vt 0.284097 0.823928
vt 0.278655 0.825573
vt 0.275592 0.826033
vt 0.309564 0.815415
vt 0.312285 0.813384
vt 0.304238 0.817539
vt 0.185450 0.743624
vt 0.180710 0.743709
vt 0.180532 0.737423
vt 0.185272 0.737304
vt 0.176147 0.743299
vt 0.176063 0.737265
vt 0.191803 0.743253
vt 0.191651 0.737064
vt 0.190193 0.743416
vt 0.190008 0.737153
vt 0.179096 0.743640
vt 0.178883 0.737431
vt 0.271720 0.831641
vt 0.272969 0.835463
vt 0.267729 0.837273
vt 0.266413 0.833351
vt 0.269583 0.803494
vt 0.269624 0.823908
vt 0.264427 0.825388
vt 0.264338 0.802681
vt 0.270519 0.783224
vt 0.275305 0.785601
vt 0.274491 0.839119
vt 0.269457 0.840945
vt 0.270102 0.826381
vt 0.264856 0.828004
vt 0.270508 0.827797
vt 0.265191 0.829394
vt 0.273457 0.836845
vt 0.268272 0.838589
vt 0.278886 0.787365
vt 0.273558 0.804131
vt 0.266897 0.781425
vt 0.260308 0.802035
vt 0.263975 0.838457
vt 0.262663 0.834567
vt 0.265792 0.842408
vt 0.260576 0.826369
vt 0.264522 0.839833
vt 0.261068 0.829207
vt 0.261440 0.830645
vt 0.273497 0.822853
vt 0.229751 0.717837
vt 0.278197 0.837764
vt 0.274167 0.824977
vt 0.277558 0.835641
vt 0.250291 0.702474
vt 0.253873 0.704213
vt 0.200747 0.667589
vt 0.203283 0.666732
vt 0.204702 0.671319
vt 0.202287 0.673061
vt 0.322564 0.804230
vt 0.325622 0.802670
vt 0.329014 0.802130
vt 0.237501 0.689277
vt 0.234301 0.688325
vt 0.235013 0.684762
vt 0.238656 0.684854
vt 0.339972 0.813104
vt 0.229039 0.686750
vt 0.229806 0.683496
vt 0.209839 0.680964
vt 0.204233 0.679262
vt 0.205382 0.675167
vt 0.210809 0.677428
vt 0.201648 0.678468
vt 0.227899 0.689893
vt 0.232959 0.691704
vt 0.236050 0.693620
vt 0.202875 0.683301
vt 0.208677 0.684444
vt 0.258913 0.688866
vt 0.254871 0.688102
vt 0.255353 0.685106
vt 0.259381 0.685551
vt 0.233050 0.697697
vt 0.236379 0.698276
vt 0.259531 0.659353
vt 0.233391 0.696006
vt 0.236694 0.695603
vt 0.241519 0.681130
vt 0.238296 0.679817
vt 0.251230 0.684081
vt 0.245670 0.682517
vt 0.257339 0.695128
vt 0.253393 0.693964
vt 0.254537 0.689662
vt 0.258564 0.690543
vt 0.237687 0.681405
vt 0.240288 0.683542
vt 0.236678 0.682005
vt 0.255260 0.701209
vt 0.251477 0.699690
vt 0.252034 0.698199
vt 0.255872 0.699625
vt 0.229674 0.680851
vt 0.234489 0.682091
vt 0.232857 0.694945
vt 0.231058 0.693655
vt 0.206669 0.672870
vt 0.211100 0.674804
vt 0.314496 0.799892
vt 0.317582 0.797391
vt 0.319509 0.800035
vt 0.316208 0.803029
vt 0.226336 0.692031
vt 0.202657 0.685944
vt 0.207461 0.686793
vt 0.216903 0.689319
vt 0.218446 0.687133
vt 0.311299 0.795000
vt 0.314293 0.792883
vt 0.301737 0.775690
vt 0.298731 0.777721
vt 0.295280 0.773132
vt 0.298287 0.770968
vt 0.293047 0.770910
vt 0.296480 0.768495
vt 0.304586 0.773443
vt 0.301262 0.768760
vt 0.299823 0.765957
vt 0.320908 0.795219
vt 0.323371 0.797810
vt 0.317223 0.790677
vt 0.249246 0.692746
vt 0.247935 0.697067
vt 0.242130 0.695370
vt 0.243429 0.691031
vt 0.246233 0.701129
vt 0.240658 0.699413
vt 0.250807 0.686894
vt 0.245123 0.685168
vt 0.250469 0.688401
vt 0.244707 0.686692
vt 0.247401 0.698522
vt 0.241648 0.696881
vt 0.293256 0.764086
vt 0.290014 0.766483
vt 0.286638 0.762063
vt 0.289957 0.759577
vt 0.299916 0.759647
vt 0.296900 0.755200
vt 0.287010 0.769088
vt 0.283685 0.764864
vt 0.297733 0.760884
vt 0.294551 0.756422
vt 0.296520 0.761719
vt 0.293336 0.757173
vt 0.288850 0.767384
vt 0.285556 0.762995
vt 0.284331 0.758861
vt 0.287623 0.756389
vt 0.281138 0.761834
vt 0.294777 0.751847
vt 0.283191 0.759814
vt 0.292229 0.753197
vt 0.290975 0.753996
vt 0.302133 0.762937
vt 0.289470 0.772194
vt 0.300358 0.764288
vt 0.291295 0.770913
vt 0.148565 0.607987
vt 0.146866 0.604196
vt 0.135896 0.622487
vt 0.139538 0.627318
vt 0.339428 0.816482
vt 0.337873 0.819521
vt 0.150513 0.626843
vt 0.152543 0.629634
vt 0.149730 0.632114
vt 0.146789 0.629777
vt 0.155888 0.634205
vt 0.153252 0.636395
vt 0.168177 0.650710
vt 0.171812 0.655523
vt 0.168350 0.658204
vt 0.165251 0.653033
vt 0.173441 0.657762
vt 0.158767 0.632352
vt 0.155747 0.627717
vt 0.154445 0.624172
vt 0.175481 0.653016
vt 0.171217 0.648549
vt 0.132516 0.613601
vt 0.135418 0.616800
vt 0.133106 0.619006
vt 0.130017 0.616079
vt 0.159585 0.622694
vt 0.157111 0.620039
vt 0.158268 0.623976
vt 0.155183 0.622123
vt 0.142141 0.631089
vt 0.143870 0.634130
vt 0.137888 0.609258
vt 0.140464 0.612891
vt 0.136700 0.615716
vt 0.133873 0.612401
vt 0.145397 0.633203
vt 0.144634 0.629845
vt 0.146617 0.633349
vt 0.143747 0.605685
vt 0.145772 0.609426
vt 0.144346 0.610273
vt 0.142181 0.606551
vt 0.151735 0.638652
vt 0.148502 0.634644
vt 0.157839 0.625188
vt 0.158506 0.627325
vt 0.165905 0.659311
vt 0.163424 0.655014
vt 0.157674 0.646813
vt 0.159224 0.644579
vt 0.348446 0.815370
vt 0.347399 0.819129
vt 0.345032 0.818338
vt 0.345725 0.813362
vt 0.161377 0.631581
vt 0.177363 0.650881
vt 0.173609 0.647321
vt 0.167338 0.639644
vt 0.164776 0.640469
vt 0.353771 0.817458
vt 0.352624 0.820844
vt 0.372722 0.827106
vt 0.373926 0.823722
vt 0.379376 0.825335
vt 0.378250 0.828833
vt 0.382442 0.825777
vt 0.381151 0.829740
vt 0.371771 0.830574
vt 0.377175 0.832351
vt 0.379975 0.833747
vt 0.345985 0.822787
vt 0.342639 0.822693
vt 0.351571 0.824301
vt 0.143082 0.616560
vt 0.146944 0.613849
vt 0.150584 0.618904
vt 0.146768 0.621666
vt 0.150915 0.611662
vt 0.154322 0.616526
vt 0.138038 0.620413
vt 0.141659 0.625457
vt 0.139280 0.619375
vt 0.142965 0.624454
vt 0.148308 0.613012
vt 0.151929 0.617974
vt 0.386348 0.831365
vt 0.387534 0.827509
vt 0.392879 0.829077
vt 0.391670 0.833044
vt 0.383618 0.838864
vt 0.388664 0.840662
vt 0.388397 0.823613
vt 0.393612 0.825062
vt 0.384643 0.836583
vt 0.389833 0.838295
vt 0.385125 0.835197
vt 0.390368 0.836974
vt 0.387932 0.826090
vt 0.393203 0.827684
vt 0.396632 0.830303
vt 0.395433 0.834237
vt 0.397468 0.826017
vt 0.392347 0.842110
vt 0.396995 0.828862
vt 0.393603 0.839522
vt 0.394142 0.838140
vt 0.379901 0.837526
vt 0.384516 0.822584
vt 0.380530 0.835399
vt 0.383860 0.824712
vt 0.161921 0.642406
vt 0.252145 0.637561
vt 0.210099 0.646795
vt 0.208540 0.644668
vt 0.200439 0.640010
vt 0.202998 0.640766
vt 0.362582 0.823939
vt 0.361667 0.827368
vt 0.147046 0.678923
vt 0.147071 0.681653
vt 0.363782 0.820597
vt 0.205854 0.642608
vt 0.220338 0.677909
vt 0.220417 0.680581
vt 0.349790 0.784427
vt 0.352781 0.786365
vt 0.346970 0.782242
vt 0.219556 0.683894
vt 0.190680 0.710179
vt 0.188107 0.711115
vt 0.308066 0.784354
vt 0.310868 0.782118
vt 0.305084 0.786342
vt 0.184615 0.711339
vt 0.151077 0.690441
vt 0.149381 0.688268
vt 0.295451 0.824079
vt 0.294231 0.820741
vt 0.296386 0.827506
vt 0.148087 0.685002
vt 0.329079 0.848065
vt 0.325576 0.848215
vt 0.332583 0.848201
vt 0.200245 0.667748
vt 0.198282 0.662969
vt 0.199502 0.667984
vt 0.197561 0.663439
vt 0.194487 0.658944
vt 0.193973 0.659643
vt 0.189557 0.656541
vt 0.189317 0.657353
vt 0.184374 0.656007
vt 0.184357 0.656799
vt 0.168038 0.667416
vt 0.166716 0.672542
vt 0.168790 0.667674
vt 0.167599 0.672592
vt 0.167433 0.678173
vt 0.168281 0.677902
vt 0.170081 0.683122
vt 0.170766 0.682593
vt 0.174060 0.686648
vt 0.174539 0.686003
vt 0.178585 0.689504
vt 0.178905 0.688669
vt 0.184249 0.690548
vt 0.184242 0.689643
vt 0.189864 0.689426
vt 0.189537 0.688606
vt 0.194318 0.686571
vt 0.193835 0.685937
vt 0.198170 0.682981
vt 0.197494 0.682477
vt 0.200677 0.678166
vt 0.199860 0.677911
vt 0.201351 0.672807
vt 0.200506 0.672837
vt 0.179146 0.656296
vt 0.179359 0.657130
vt 0.174056 0.658630
vt 0.174564 0.659349
vt 0.170177 0.662605
vt 0.170881 0.663092
vt 0.336847 0.802351
vt 0.333136 0.800440
vt 0.329011 0.799791
vt 0.329005 0.796945
vt 0.339779 0.805298
vt 0.344348 0.808136
vt 0.341657 0.809005
vt 0.333135 0.825692
vt 0.336821 0.823810
vt 0.338475 0.826088
vt 0.329036 0.826339
vt 0.324934 0.825705
vt 0.319592 0.826116
vt 0.321241 0.823832
vt 0.318299 0.820915
vt 0.316399 0.817231
vt 0.315718 0.813123
vt 0.313659 0.808124
vt 0.316364 0.809001
vt 0.318252 0.805292
vt 0.321188 0.802339
vt 0.324898 0.800451
vt 0.342304 0.813110
vt 0.341636 0.817208
vt 0.339750 0.820889
vt 0.197749 0.668550
vt 0.195914 0.664545
vt 0.195451 0.669297
vt 0.193829 0.665986
vt 0.192775 0.661265
vt 0.191251 0.663324
vt 0.188731 0.659243
vt 0.187955 0.661652
vt 0.184321 0.658630
vt 0.184280 0.661083
vt 0.179879 0.659069
vt 0.180583 0.661524
vt 0.175739 0.661016
vt 0.177224 0.663129
vt 0.172512 0.664257
vt 0.174576 0.665767
vt 0.170550 0.668277
vt 0.172857 0.669060
vt 0.169635 0.672674
vt 0.172228 0.672732
vt 0.170256 0.677275
vt 0.172771 0.676483
vt 0.172387 0.681376
vt 0.174468 0.679850
vt 0.175663 0.684486
vt 0.177129 0.682486
vt 0.179612 0.686737
vt 0.180473 0.684271
vt 0.184230 0.687544
vt 0.184220 0.684912
vt 0.188812 0.686698
vt 0.187935 0.684249
vt 0.192709 0.684450
vt 0.191242 0.682488
vt 0.195904 0.681318
vt 0.193856 0.679847
vt 0.197951 0.677312
vt 0.195517 0.676546
vt 0.198558 0.672880
vt 0.196063 0.672907
vt 0.446862 0.650853
vt 0.449046 0.653391
vt 0.448626 0.653781
vt 0.446415 0.651204
vt 0.447084 0.650679
vt 0.449254 0.653195
vt 0.447310 0.650501
vt 0.449459 0.653001
vt 0.483871 0.602833
vt 0.482867 0.599749
vt 0.483125 0.599618
vt 0.484155 0.602788
vt 0.440489 0.612940
vt 0.439537 0.616143
vt 0.438986 0.616001
vt 0.439953 0.612755
vt 0.440756 0.613033
vt 0.439812 0.616214
vt 0.441028 0.613127
vt 0.440086 0.616283
vt 0.464375 0.599747
vt 0.463374 0.602832
vt 0.463089 0.602786
vt 0.464119 0.599616
vt 0.473622 0.604457
vt 0.480957 0.597121
vt 0.478329 0.595211
vt 0.475244 0.594208
vt 0.463375 0.606081
vt 0.464379 0.609171
vt 0.466284 0.611795
vt 0.468909 0.613701
vt 0.471999 0.614704
vt 0.475248 0.614704
vt 0.478333 0.613703
vt 0.480956 0.611796
vt 0.482866 0.609167
vt 0.483870 0.606077
vt 0.472001 0.594209
vt 0.468911 0.595213
vt 0.466282 0.597123
vt 0.444294 0.652868
vt 0.445490 0.651930
vt 0.447752 0.654582
vt 0.446618 0.655612
vt 0.450245 0.657101
vt 0.449135 0.658193
vt 0.451109 0.656221
vt 0.449135 0.593924
vt 0.450245 0.595015
vt 0.447752 0.597535
vt 0.446618 0.596505
vt 0.451109 0.595896
vt 0.448626 0.598336
vt 0.445490 0.600186
vt 0.444294 0.599248
vt 0.446415 0.600913
vt 0.437404 0.611873
vt 0.438842 0.612370
vt 0.437841 0.615705
vt 0.436357 0.615319
vt 0.437114 0.619117
vt 0.435588 0.618861
vt 0.438289 0.619315
vt 0.436685 0.622580
vt 0.435157 0.622459
vt 0.437864 0.622674
vt 0.436541 0.626058
vt 0.435020 0.626058
vt 0.437717 0.626058
vt 0.436685 0.629537
vt 0.435157 0.629657
vt 0.437864 0.629443
vt 0.437114 0.632999
vt 0.435588 0.633256
vt 0.438289 0.632802
vt 0.437841 0.636412
vt 0.436357 0.636797
vt 0.438986 0.636115
vt 0.438842 0.639746
vt 0.437404 0.640243
vt 0.439953 0.639361
vt 0.440115 0.642986
vt 0.438710 0.643600
vt 0.441199 0.642512
vt 0.441653 0.646118
vt 0.440294 0.646859
vt 0.442698 0.645547
vt 0.443455 0.649106
vt 0.442178 0.649955
vt 0.444440 0.648451
vt 0.443455 0.603011
vt 0.442178 0.602162
vt 0.444440 0.603666
vt 0.441653 0.605998
vt 0.440294 0.605257
vt 0.442698 0.606569
vt 0.440115 0.609131
vt 0.438710 0.608517
vt 0.441199 0.609605
vt 0.451514 0.655785
vt 0.451707 0.655560
vt 0.451875 0.655325
vt 0.481162 0.596916
vt 0.451514 0.596331
vt 0.449046 0.598726
vt 0.451707 0.596557
vt 0.449254 0.598921
vt 0.451875 0.596792
vt 0.449459 0.599116
vt 0.478459 0.594954
vt 0.446862 0.601263
vt 0.447084 0.601438
vt 0.447310 0.601616
vt 0.475289 0.593924
vt 0.444914 0.603980
vt 0.445151 0.604136
vt 0.445388 0.604291
vt 0.471956 0.593924
vt 0.438852 0.619409
vt 0.439134 0.619457
vt 0.439408 0.619503
vt 0.463089 0.606126
vt 0.438432 0.622720
vt 0.438714 0.622743
vt 0.438996 0.622768
vt 0.464122 0.609302
vt 0.438285 0.626058
vt 0.438567 0.626058
vt 0.438855 0.626058
vt 0.466081 0.611999
vt 0.438432 0.629397
vt 0.438714 0.629373
vt 0.438996 0.629349
vt 0.468778 0.613958
vt 0.438852 0.632707
vt 0.439134 0.632660
vt 0.439408 0.632614
vt 0.471954 0.614990
vt 0.439537 0.635973
vt 0.439812 0.635903
vt 0.440086 0.635834
vt 0.475294 0.614989
vt 0.440490 0.639176
vt 0.440756 0.639084
vt 0.441028 0.638990
vt 0.478464 0.613959
vt 0.441720 0.642283
vt 0.441979 0.642168
vt 0.442238 0.642053
vt 0.481160 0.612000
vt 0.443199 0.645274
vt 0.443450 0.645137
vt 0.443694 0.645004
vt 0.483124 0.609298
vt 0.444914 0.648136
vt 0.445151 0.647980
vt 0.445388 0.647826
vt 0.484155 0.606121
vt 0.443199 0.606843
vt 0.443450 0.606979
vt 0.443694 0.607113
vt 0.468780 0.594955
vt 0.441720 0.609834
vt 0.441979 0.609948
vt 0.442237 0.610064
vt 0.466078 0.596919
vt 0.456906 0.615537
vt 0.460089 0.615533
vt 0.460107 0.615645
vt 0.456906 0.615620
vt 0.474029 0.639676
vt 0.473955 0.639719
vt 0.473607 0.639221
vt 0.473673 0.639167
vt 0.473804 0.639808
vt 0.473473 0.639329
vt 0.465961 0.643709
vt 0.467087 0.643235
vt 0.467269 0.643599
vt 0.466210 0.644224
vt 0.470575 0.637461
vt 0.470564 0.637544
vt 0.469975 0.637500
vt 0.469975 0.637417
vt 0.469976 0.637670
vt 0.470541 0.637712
vt 0.460435 0.622392
vt 0.460303 0.622433
vt 0.460241 0.615677
vt 0.476596 0.637998
vt 0.476717 0.637921
vt 0.476846 0.638029
vt 0.476724 0.638100
vt 0.460214 0.615533
vt 0.470127 0.634208
vt 0.470122 0.634352
vt 0.469969 0.634293
vt 0.469969 0.634151
vt 0.460416 0.622537
vt 0.460292 0.622545
vt 0.457134 0.622665
vt 0.457140 0.622747
vt 0.457830 0.629928
vt 0.460988 0.629526
vt 0.461021 0.629636
vt 0.457840 0.630011
vt 0.465938 0.639694
vt 0.466012 0.639736
vt 0.465752 0.640287
vt 0.465672 0.640256
vt 0.466164 0.639824
vt 0.465913 0.640349
vt 0.467247 0.640451
vt 0.466492 0.639344
vt 0.467479 0.640110
vt 0.465727 0.643805
vt 0.465805 0.643773
vt 0.466061 0.644310
vt 0.465989 0.644352
vt 0.462306 0.636350
vt 0.462182 0.636411
vt 0.461160 0.629649
vt 0.463215 0.638288
vt 0.463089 0.638221
vt 0.463120 0.638056
vt 0.463242 0.638127
vt 0.461112 0.629510
vt 0.463108 0.645755
vt 0.463235 0.645689
vt 0.463257 0.645852
vt 0.463134 0.645920
vt 0.462312 0.636493
vt 0.462190 0.636528
vt 0.458956 0.637009
vt 0.458970 0.637091
vt 0.460317 0.622655
vt 0.457145 0.622830
vt 0.469387 0.637546
vt 0.469376 0.637464
vt 0.469410 0.637713
vt 0.472723 0.640437
vt 0.474057 0.640332
vt 0.472902 0.640808
vt 0.466291 0.639183
vt 0.466358 0.639237
vt 0.461121 0.629364
vt 0.460992 0.629413
vt 0.460453 0.622678
vt 0.469816 0.634352
vt 0.469811 0.634208
vt 0.463249 0.637948
vt 0.463370 0.638026
vt 0.457819 0.629846
vt 0.457137 0.608267
vt 0.460339 0.608472
vt 0.460350 0.608586
vt 0.457131 0.608350
vt 0.473986 0.644342
vt 0.473913 0.644300
vt 0.474169 0.643760
vt 0.474247 0.643792
vt 0.473763 0.644213
vt 0.474012 0.643696
vt 0.472700 0.643589
vt 0.473439 0.644688
vt 0.472468 0.643926
vt 0.474297 0.640237
vt 0.474217 0.640269
vt 0.460243 0.615389
vt 0.460107 0.615421
vt 0.460482 0.608626
vt 0.476749 0.645680
vt 0.476877 0.645747
vt 0.476850 0.645912
vt 0.476726 0.645843
vt 0.460464 0.608480
vt 0.476877 0.638194
vt 0.476750 0.638262
vt 0.456906 0.615454
vt 0.457846 0.601047
vt 0.460988 0.601453
vt 0.460992 0.601566
vt 0.457835 0.601129
vt 0.469984 0.646590
vt 0.469984 0.646508
vt 0.470569 0.646462
vt 0.470580 0.646544
vt 0.469984 0.646339
vt 0.470545 0.646297
vt 0.469982 0.645131
vt 0.469422 0.646298
vt 0.469578 0.645104
vt 0.473637 0.644848
vt 0.473571 0.644795
vt 0.460501 0.608338
vt 0.460364 0.608361
vt 0.461121 0.601614
vt 0.470138 0.649653
vt 0.470143 0.649797
vt 0.469985 0.649853
vt 0.469985 0.649712
vt 0.461111 0.601469
vt 0.476723 0.646024
vt 0.476600 0.645948
vt 0.457142 0.608183
vt 0.458987 0.593923
vt 0.462189 0.594486
vt 0.462181 0.594602
vt 0.458972 0.594005
vt 0.466403 0.644803
vt 0.466338 0.644856
vt 0.466534 0.644697
vt 0.469387 0.646545
vt 0.469399 0.646463
vt 0.461159 0.601331
vt 0.461021 0.601344
vt 0.462305 0.594663
vt 0.463382 0.645956
vt 0.463260 0.646031
vt 0.462310 0.594521
vt 0.469827 0.649796
vt 0.469832 0.649652
vt 0.457856 0.600965
vt 0.480572 0.617056
vt 0.482633 0.615866
vt 0.482748 0.615962
vt 0.482282 0.616112
vt 0.480716 0.617129
vt 0.485106 0.619555
vt 0.484673 0.619282
vt 0.485408 0.617897
vt 0.485854 0.618175
vt 0.484603 0.620424
vt 0.484151 0.620186
vt 0.484413 0.619734
vt 0.484858 0.619991
vt 0.481391 0.618593
vt 0.481651 0.618140
vt 0.480959 0.618320
vt 0.481206 0.617883
vt 0.483027 0.621963
vt 0.482727 0.621913
vt 0.482990 0.621765
vt 0.483317 0.621913
vt 0.485492 0.620819
vt 0.483432 0.622008
vt 0.483783 0.621762
vt 0.485348 0.620746
vt 0.483320 0.621515
vt 0.480605 0.620388
vt 0.480656 0.619977
vt 0.341485 0.598473
vt 0.341485 0.596041
vt 0.341550 0.596067
vt 0.341550 0.598446
vt 0.480414 0.620454
vt 0.480313 0.620179
vt 0.480608 0.620690
vt 0.480210 0.619700
vt 0.481913 0.617688
vt 0.482745 0.616359
vt 0.485892 0.620127
vt 0.485756 0.620039
vt 0.485751 0.617696
vt 0.485892 0.617748
vt 0.481461 0.617450
vt 0.485574 0.620405
vt 0.480173 0.620127
vt 0.480173 0.617748
vt 0.480308 0.617836
vt 0.480490 0.617470
vt 0.474286 0.669519
vt 0.474168 0.669679
vt 0.474109 0.669622
vt 0.474089 0.669543
vt 0.480258 0.672967
vt 0.480180 0.673150
vt 0.480258 0.659175
vt 0.480180 0.658993
vt 0.480258 0.658970
vt 0.480337 0.658993
vt 0.474286 0.662623
vt 0.474168 0.662464
vt 0.474089 0.662600
vt 0.474109 0.662521
vt 0.480337 0.673150
vt 0.480258 0.673173
vt 0.486231 0.669519
vt 0.486349 0.669679
vt 0.486428 0.669543
vt 0.486408 0.669622
vt 0.486231 0.662623
vt 0.486428 0.662600
vt 0.481767 0.660170
vt 0.481943 0.660835
vt 0.480466 0.660193
vt 0.475064 0.663312
vt 0.474856 0.669191
vt 0.480051 0.671950
vt 0.485453 0.668830
vt 0.485661 0.662952
vt 0.484558 0.662146
vt 0.484615 0.661814
vt 0.486349 0.662464
vt 0.486408 0.662521
vt 0.475058 0.669074
vt 0.478958 0.669824
vt 0.475396 0.668879
vt 0.477658 0.667572
vt 0.481558 0.662318
vt 0.476359 0.665321
vt 0.482859 0.664570
vt 0.484158 0.666822
vt 0.485458 0.663069
vt 0.485121 0.663264
vt 0.483074 0.616110
vt 0.483037 0.615911
vt 0.483338 0.615962
vt 0.485456 0.617185
vt 0.485460 0.617487
vt 0.483432 0.615866
vt 0.485492 0.617056
vt 0.485650 0.617420
vt 0.483032 0.622107
vt 0.482623 0.622078
vt 0.482633 0.622008
vt 0.483032 0.622037
vt 0.341680 0.596034
vt 0.341680 0.598480
vt 0.483441 0.622078
vt 0.480287 0.620522
vt 0.480108 0.620153
vt 0.480348 0.620487
vt 0.480108 0.617721
vt 0.480517 0.620862
vt 0.480572 0.620819
vt 0.485956 0.620153
vt 0.485777 0.620522
vt 0.485717 0.620487
vt 0.485547 0.620862
vt 0.480287 0.617352
vt 0.480348 0.617387
vt 0.480517 0.617013
vt 0.482623 0.615797
vt 0.485956 0.617721
vt 0.483032 0.615767
vt 0.483032 0.615837
vt 0.483441 0.615797
vt 0.485547 0.617013
vt 0.470384 0.638915
vt 0.469977 0.638885
vt 0.485777 0.617352
vt 0.485717 0.617387
vt 0.484932 0.603270
vt 0.484932 0.600838
vt 0.484997 0.600838
vt 0.484997 0.603270
vt 0.484932 0.609774
vt 0.484932 0.607342
vt 0.484997 0.607342
vt 0.484997 0.609774
vt 0.484932 0.606522
vt 0.484932 0.604090
vt 0.484997 0.604090
vt 0.484997 0.606522
vt 0.469571 0.638913
vt 0.484932 0.600018
vt 0.484932 0.597586
vt 0.484997 0.597586
vt 0.484997 0.600018
vt 0.484932 0.596766
vt 0.484932 0.594334
vt 0.484997 0.594334
vt 0.484997 0.596766
vt 0.484932 0.613026
vt 0.484932 0.610594
vt 0.484997 0.610594
vt 0.484997 0.613026
vt 0.467501 0.643934
vt 0.485186 0.610184
vt 0.485186 0.609774
vt 0.485623 0.609774
vt 0.485623 0.610184
vt 0.485186 0.607342
vt 0.485623 0.607342
vt 0.486184 0.609774
vt 0.486184 0.610184
vt 0.485186 0.610594
vt 0.485623 0.610594
vt 0.486184 0.610594
vt 0.485623 0.613026
vt 0.486184 0.613026
vt 0.486184 0.607342
vt 0.485186 0.606932
vt 0.485186 0.606522
vt 0.485623 0.606522
vt 0.485623 0.606932
vt 0.485186 0.604090
vt 0.485623 0.604090
vt 0.486184 0.606522
vt 0.486184 0.606932
vt 0.485186 0.594334
vt 0.485186 0.593924
vt 0.485623 0.593924
vt 0.485623 0.594334
vt 0.486184 0.593924
vt 0.486184 0.594334
vt 0.485623 0.596766
vt 0.486184 0.596766
vt 0.485186 0.613436
vt 0.485186 0.613026
vt 0.485623 0.613436
vt 0.486184 0.613436
vt 0.485186 0.603680
vt 0.485623 0.603680
vt 0.486184 0.603680
vt 0.486184 0.604090
vt 0.485186 0.603270
vt 0.485623 0.603270
vt 0.485186 0.600838
vt 0.485623 0.600838
vt 0.486184 0.603270
vt 0.486184 0.600838
vt 0.485186 0.596766
vt 0.485186 0.600428
vt 0.485623 0.600428
vt 0.486184 0.600428
vt 0.485186 0.600018
vt 0.485623 0.600018
vt 0.485186 0.597586
vt 0.485623 0.597586
vt 0.486184 0.600018
vt 0.486184 0.597586
vt 0.485186 0.597176
vt 0.485623 0.597176
vt 0.486184 0.597176
vt 0.470371 0.639003
vt 0.469977 0.638974
vt 0.484997 0.603680
vt 0.484932 0.603680
vt 0.469583 0.639001
vt 0.467550 0.640165
vt 0.472645 0.640482
vt 0.472419 0.640153
vt 0.472489 0.640097
vt 0.484932 0.600428
vt 0.484997 0.600428
vt 0.467169 0.643201
vt 0.467345 0.643554
vt 0.484997 0.610184
vt 0.484932 0.610184
vt 0.467570 0.643878
vt 0.469590 0.645017
vt 0.467325 0.640496
vt 0.467151 0.640855
vt 0.467067 0.640822
vt 0.484932 0.606932
vt 0.484997 0.606932
vt 0.472818 0.640841
vt 0.472623 0.643544
vt 0.472797 0.643188
vt 0.472880 0.643221
vt 0.484932 0.597176
vt 0.484997 0.597176
vt 0.472398 0.643870
vt 0.469981 0.645043
vt 0.470373 0.645014
vt 0.470385 0.645101
vt 0.484932 0.593924
vt 0.484997 0.593924
vt 0.484997 0.613436
vt 0.484932 0.613436
vt 0.472145 0.587136
vt 0.424338 0.593147
vt 0.422567 0.579060
vt 0.468461 0.573689
vt 0.423693 0.017026
vt 0.472377 0.023728
vt 0.468231 0.039326
vt 0.421449 0.033332
vt 0.364441 0.025152
vt 0.412293 0.017026
vt 0.414724 0.032915
vt 0.368585 0.039178
vt 0.056203 0.745053
vt 0.105341 0.745095
vt 0.104169 0.874830
vt 0.057137 0.872504
vt 0.056276 0.842559
vt 0.679551 0.703759
vt 0.729422 0.704154
vt 0.728191 0.831596
vt 0.679415 0.835072
vt 0.468639 0.306890
vt 0.467832 0.556673
vt 0.420761 0.560588
vt 0.419203 0.306951
vt 0.321890 0.017026
vt 0.338804 0.024006
vt 0.347996 0.037446
vt 0.349571 0.053780
vt 0.349571 0.306141
vt 0.193160 0.306141
vt 0.193158 0.017026
vt 0.418426 0.306105
vt 0.418199 0.561976
vt 0.369839 0.558427
vt 0.369045 0.306165
vt 0.000240 0.504684
vt 0.000240 0.499460
vt 0.014858 0.499460
vt 0.014858 0.504684
vt 0.729210 0.578596
vt 0.682164 0.574547
vt 0.683740 0.557216
vt 0.731755 0.561583
vt 0.416914 0.052879
vt 0.369246 0.056794
vt 0.103106 0.893166
vt 0.054387 0.890342
vt 0.731604 0.849573
vt 0.681182 0.854838
vt 0.468006 0.054731
vt 0.419568 0.050920
vt 0.105183 0.614585
vt 0.056904 0.617876
vt 0.054310 0.599787
vt 0.103775 0.596034
vt 0.416321 0.580038
vt 0.369883 0.574198
vt 0.414019 0.596763
vt 0.365578 0.590094
vt 0.748387 0.570138
vt 0.748290 0.578939
vt 0.352723 0.050602
vt 0.353426 0.042815
vt 0.036946 0.881988
vt 0.037979 0.872987
vt 0.484566 0.563163
vt 0.484850 0.569053
vt 0.747601 0.831772
vt 0.748727 0.841191
vt 0.484088 0.042471
vt 0.484818 0.048212
vt 0.037483 0.617875
vt 0.037025 0.609274
vt 0.353149 0.571742
vt 0.352976 0.564867
vt 0.350348 0.577794
vt 0.352099 0.306178
vt 0.748727 0.704220
vt 0.350348 0.037630
vt 0.036745 0.745000
vt 0.487231 0.575111
vt 0.485638 0.306891
vt 0.487231 0.036183
vt 0.493357 0.996562
vt 0.493355 0.991811
vt 0.583031 0.992324
vt 0.583034 0.996490
vt 0.000240 0.083787
vt 0.000240 0.005465
vt 0.014858 0.005465
vt 0.014858 0.083787
vt 0.000240 0.495732
vt 0.000240 0.492338
vt 0.014858 0.492338
vt 0.014858 0.495732
vt 0.000240 0.999760
vt 0.000240 0.996210
vt 0.014858 0.996210
vt 0.014858 0.999760
vt 0.000240 0.167552
vt 0.000240 0.162108
vt 0.014858 0.162108
vt 0.014858 0.167552
vt 0.000240 0.583006
vt 0.000240 0.523650
vt 0.014858 0.522513
vt 0.014858 0.583006
vt 0.000240 0.174842
vt 0.000240 0.171541
vt 0.014858 0.171541
vt 0.014858 0.174842
vt 0.000240 0.666312
vt 0.000240 0.661327
vt 0.014858 0.661327
vt 0.014858 0.666312
vt 0.000240 0.333590
vt 0.014858 0.333590
vt 0.000240 0.674129
vt 0.000240 0.670210
vt 0.014858 0.670210
vt 0.014858 0.674129
vt 0.000240 0.000240
vt 0.014858 0.000240
vt 0.000240 0.991626
vt 0.014858 0.991626
vt 0.000240 0.832878
vt 0.014858 0.832878
vt 0.343665 0.604018
vt 0.418426 0.604018
vt 0.418258 0.609817
vt 0.343833 0.609817
vt 0.343665 0.628573
vt 0.418426 0.628573
vt 0.418258 0.634373
vt 0.343833 0.634373
vt 0.343665 0.653129
vt 0.418426 0.653129
vt 0.418258 0.658928
vt 0.343833 0.658928
vt 0.343665 0.677684
vt 0.418426 0.677684
vt 0.418258 0.683484
vt 0.343833 0.683484
vt 0.237908 0.819586
vt 0.238553 0.812086
vt 0.242805 0.816028
vt 0.245240 0.821290
vt 0.204414 0.833295
vt 0.211914 0.833940
vt 0.207972 0.838192
vt 0.202710 0.840628
vt 0.206586 0.819586
vt 0.213918 0.821290
vt 0.213918 0.827774
vt 0.206283 0.826565
vt 0.224198 0.817414
vt 0.225903 0.810082
vt 0.232386 0.810082
vt 0.231177 0.817717
vt 0.343665 0.640172
vt 0.418426 0.640172
vt 0.418082 0.646651
vt 0.344010 0.646651
vt 0.343665 0.689283
vt 0.418426 0.689283
vt 0.418082 0.695761
vt 0.344010 0.695761
vt 0.222027 0.831124
vt 0.222330 0.824145
vt 0.229968 0.825355
vt 0.228758 0.832993
vt 0.192876 0.817414
vt 0.199855 0.817717
vt 0.198645 0.825355
vt 0.191007 0.824145
vt 0.190705 0.831124
vt 0.197435 0.832993
vt 0.196226 0.840628
vt 0.190060 0.838624
vt 0.235737 0.833295
vt 0.237605 0.826565
vt 0.245240 0.827774
vt 0.243237 0.833940
vt 0.343665 0.664728
vt 0.418426 0.664728
vt 0.418082 0.671206
vt 0.344010 0.671206
vt 0.343665 0.615617
vt 0.418426 0.615617
vt 0.418082 0.622095
vt 0.344010 0.622095
vt 0.194580 0.810082
vt 0.201064 0.810082
vt 0.214695 0.829420
vt 0.214695 0.822936
vt 0.216698 0.816770
vt 0.220641 0.812518
vt 0.207230 0.812086
vt 0.211482 0.816028
vt 0.344010 0.597540
vt 0.418082 0.597540
vt 0.183372 0.822936
vt 0.183372 0.829420
vt 0.189318 0.812518
vt 0.185376 0.816770
vt 0.185808 0.834682
vt 0.227549 0.840627
vt 0.234032 0.840627
vt 0.217130 0.834682
vt 0.221382 0.838624
vt 0.239294 0.838192
vt 0.398348 0.750673
vt 0.473109 0.750673
vt 0.472941 0.756472
vt 0.398516 0.756472
vt 0.398348 0.775228
vt 0.473109 0.775228
vt 0.472941 0.781028
vt 0.398516 0.781028
vt 0.398348 0.799784
vt 0.473109 0.799784
vt 0.472941 0.805583
vt 0.398516 0.805583
vt 0.398348 0.824339
vt 0.473109 0.824339
vt 0.472941 0.830138
vt 0.398516 0.830138
vt 0.458233 0.712859
vt 0.458878 0.705359
vt 0.463130 0.709301
vt 0.465565 0.714563
vt 0.386044 0.706042
vt 0.378711 0.707747
vt 0.381147 0.702484
vt 0.385399 0.698542
vt 0.388215 0.719752
vt 0.380715 0.720396
vt 0.378711 0.714230
vt 0.386346 0.713021
vt 0.444524 0.710687
vt 0.446228 0.703355
vt 0.452712 0.703355
vt 0.451502 0.710990
vt 0.398348 0.786827
vt 0.473109 0.786827
vt 0.472764 0.793305
vt 0.398693 0.793305
vt 0.398348 0.835938
vt 0.473109 0.835938
vt 0.472764 0.842416
vt 0.398693 0.842416
vt 0.442352 0.724397
vt 0.442655 0.717418
vt 0.450293 0.718628
vt 0.449083 0.726266
vt 0.401924 0.717580
vt 0.395194 0.719449
vt 0.393984 0.711811
vt 0.401622 0.710601
vt 0.399753 0.703871
vt 0.392774 0.704173
vt 0.391565 0.696538
vt 0.398049 0.696538
vt 0.456062 0.726568
vt 0.457931 0.719838
vt 0.465565 0.721047
vt 0.463562 0.727213
vt 0.398348 0.811382
vt 0.473109 0.811382
vt 0.472764 0.817861
vt 0.398693 0.817861
vt 0.398348 0.762272
vt 0.473109 0.762272
vt 0.472764 0.768750
vt 0.398693 0.768750
vt 0.402569 0.725080
vt 0.396403 0.727084
vt 0.435020 0.722693
vt 0.435020 0.716209
vt 0.437024 0.710043
vt 0.440966 0.705791
vt 0.389919 0.727084
vt 0.384657 0.724648
vt 0.398693 0.744194
vt 0.472764 0.744194
vt 0.409257 0.709392
vt 0.407253 0.703226
vt 0.406821 0.721138
vt 0.409257 0.715876
vt 0.403311 0.698974
vt 0.447874 0.733901
vt 0.454357 0.733901
vt 0.437456 0.727955
vt 0.441707 0.731897
vt 0.459619 0.731465
vt 0.523348 0.518788
vt 0.529447 0.519505
vt 0.500807 0.556439
vt 0.492386 0.555563
vt 0.521056 0.511624
vt 0.521327 0.516306
vt 0.488492 0.551330
vt 0.488008 0.543919
vt 0.731679 0.055739
vt 0.725872 0.054002
vt 0.754583 0.017026
vt 0.762764 0.019192
vt 0.734331 0.062345
vt 0.733665 0.059035
vt 0.766163 0.024185
vt 0.767381 0.029546
vt 0.725878 0.519505
vt 0.732039 0.517765
vt 0.763138 0.554301
vt 0.754583 0.556439
vt 0.734236 0.514678
vt 0.734331 0.511711
vt 0.767381 0.543919
vt 0.767188 0.549263
vt 0.529473 0.054002
vt 0.523770 0.055071
vt 0.492840 0.018348
vt 0.500807 0.017026
vt 0.521525 0.058201
vt 0.521056 0.062092
vt 0.488008 0.029546
vt 0.488865 0.023254
vt 0.521056 0.286858
vt 0.488008 0.286733
vt 0.627663 0.519505
vt 0.627695 0.556439
vt 0.627673 0.054002
vt 0.627695 0.017026
vt 0.734331 0.287028
vt 0.767381 0.286733
vt 0.015340 0.118825
vt 0.015340 0.117203
vt 0.021559 0.117203
vt 0.021559 0.118825
vt 0.981467 0.440679
vt 0.976692 0.445157
vt 0.971095 0.437439
vt 0.974754 0.435446
vt 0.015338 0.638163
vt 0.015339 0.505370
vt 0.021557 0.505370
vt 0.021557 0.638163
vt 0.015340 0.115568
vt 0.015340 0.113309
vt 0.021559 0.113309
vt 0.021559 0.115568
vt 0.798973 0.064006
vt 0.800488 0.061541
vt 0.807038 0.066120
vt 0.806701 0.068413
vt 0.015339 0.503572
vt 0.015339 0.501841
vt 0.021557 0.501841
vt 0.021557 0.503572
vt 0.803249 0.058663
vt 0.808885 0.055601
vt 0.812361 0.063019
vt 0.808502 0.064409
vt 0.015339 0.444303
vt 0.015339 0.388979
vt 0.021558 0.388979
vt 0.021558 0.444303
vt 0.801459 0.449393
vt 0.799626 0.446282
vt 0.808080 0.441773
vt 0.808987 0.444421
vt 0.809552 0.456990
vt 0.804145 0.452693
vt 0.810378 0.446956
vt 0.814196 0.448563
vt 0.015340 0.057956
vt 0.015340 0.002603
vt 0.021559 0.002603
vt 0.021559 0.057956
vt 0.965486 0.059850
vt 0.968395 0.063707
vt 0.961015 0.068733
vt 0.959567 0.065462
vt 0.015340 0.251000
vt 0.021558 0.251000
vt 0.779904 0.254886
vt 0.788640 0.254856
vt 0.968012 0.519257
vt 0.964360 0.519133
vt 0.972825 0.506017
vt 0.978913 0.506734
vt 0.969635 0.523916
vt 0.969698 0.521295
vt 0.980930 0.509211
vt 0.981199 0.513885
vt 0.781893 0.957594
vt 0.785498 0.958182
vt 0.776796 0.971699
vt 0.770885 0.969936
vt 0.779059 0.952784
vt 0.779845 0.955621
vt 0.768850 0.966579
vt 0.768158 0.963204
vt 0.785318 0.519020
vt 0.781571 0.519780
vt 0.770586 0.507627
vt 0.776738 0.505893
vt 0.779963 0.520407
vt 0.779395 0.522553
vt 0.768294 0.513670
vt 0.768391 0.510708
vt 0.966304 0.956594
vt 0.969000 0.956263
vt 0.980240 0.967970
vt 0.974776 0.969100
vt 0.970800 0.954111
vt 0.971045 0.950612
vt 0.982726 0.961178
vt 0.982342 0.964922
vt 0.969486 0.737721
vt 0.981180 0.738256
vt 0.874847 0.519080
vt 0.874792 0.505961
vt 0.880086 0.957336
vt 0.879983 0.972065
vt 0.779110 0.737284
vt 0.768158 0.737938
vt 0.015338 0.773396
vt 0.015338 0.772329
vt 0.021556 0.772329
vt 0.021556 0.773396
vt 0.985246 0.433772
vt 0.983646 0.437261
vt 0.976420 0.433099
vt 0.977154 0.430293
vt 0.015339 0.499627
vt 0.021557 0.499627
vt 0.995718 0.247026
vt 0.987273 0.247398
vt 0.015340 0.000240
vt 0.021559 0.000240
vt 0.882739 0.055250
vt 0.957365 0.055250
vt 0.954366 0.063212
vt 0.882740 0.062978
vt 0.015338 0.770957
vt 0.021556 0.770957
vt 0.963030 0.057585
vt 0.958136 0.063778
vt 0.015339 0.387236
vt 0.021558 0.387236
vt 0.893876 0.461971
vt 0.893256 0.453290
vt 0.015339 0.385432
vt 0.015339 0.383175
vt 0.021558 0.383175
vt 0.021558 0.385432
vt 0.879511 0.957333
vt 0.021558 0.444565
vt 0.725698 0.017026
vt 0.036745 0.841614
vt 0.036745 0.306141
vt 0.193158 0.595257
vt 0.064425 0.595257
vt 0.047176 0.589351
vt 0.037910 0.575355
vt 0.036745 0.558503
vt 0.349571 0.558503
vt 0.347349 0.576779
vt 0.338804 0.588277
vt 0.321890 0.595257
vt 0.036745 0.053780
vt 0.039029 0.034877
vt 0.047698 0.022328
vt 0.064425 0.017026
vt 0.672686 0.992844
vt 0.672710 0.996419
vt 0.676462 0.995653
vt 0.676458 0.992867
vt 0.678638 0.992873
vt 0.678072 0.995023
vt 0.678637 0.777736
vt 0.676174 0.777734
vt 0.675887 0.562611
vt 0.678637 0.562598
vt 0.675879 0.557821
vt 0.677881 0.559786
vt 0.672312 0.562627
vt 0.672343 0.557216
vt 0.582714 0.557288
vt 0.582718 0.563038
vt 0.493238 0.563478
vt 0.493084 0.557359
vt 0.488039 0.563504
vt 0.490268 0.563493
vt 0.489986 0.777640
vt 0.488054 0.777640
vt 0.671196 0.777730
vt 0.582874 0.777663
vt 0.489705 0.991791
vt 0.488069 0.991776
vt 0.490276 0.557654
vt 0.488361 0.559861
vt 0.493297 0.777641
vt 0.489699 0.996441
vt 0.488008 0.994401
vt 0.339460 0.653547
vt 0.319965 0.657897
vt 0.316744 0.647768
vt 0.334973 0.639732
vt 0.303919 0.605271
vt 0.293978 0.622596
vt 0.284327 0.618140
vt 0.290695 0.599263
vt 0.276533 0.743418
vt 0.273949 0.723611
vt 0.284327 0.721311
vt 0.290695 0.740188
vt 0.327803 0.712351
vt 0.311440 0.700896
vt 0.316744 0.691684
vt 0.334973 0.699719
vt 0.164239 0.777134
vt 0.165848 0.758356
vt 0.176506 0.768224
vt 0.182596 0.781411
vt 0.200786 0.795872
vt 0.203916 0.809305
vt 0.194266 0.804849
vt 0.187044 0.797049
vt 0.225906 0.791891
vt 0.227083 0.805634
vt 0.215790 0.809305
vt 0.213573 0.795314
vt 0.129914 0.771695
vt 0.134191 0.753339
vt 0.150417 0.753339
vt 0.147387 0.772458
vt 0.276533 0.596034
vt 0.273949 0.615840
vt 0.262075 0.615859
vt 0.260308 0.596242
vt 0.339460 0.685904
vt 0.319965 0.681554
vt 0.321012 0.669726
vt 0.340708 0.669726
vt 0.124474 0.806020
vt 0.125237 0.788547
vt 0.144357 0.791577
vt 0.141327 0.810697
vt 0.221925 0.766772
vt 0.225347 0.779105
vt 0.211356 0.781322
vt 0.209138 0.767330
vt 0.196806 0.770753
vt 0.197364 0.783539
vt 0.183372 0.785757
vt 0.183372 0.773882
vt 0.158800 0.811460
vt 0.163476 0.794607
vt 0.182596 0.797637
vt 0.177579 0.813068
vt 0.303919 0.734180
vt 0.293978 0.716855
vt 0.303415 0.709648
vt 0.316703 0.724187
vt 0.327803 0.627100
vt 0.311440 0.638555
vt 0.303415 0.629803
vt 0.316703 0.615264
vt 0.235668 0.765595
vt 0.239339 0.776887
vt 0.106118 0.801744
vt 0.106118 0.785517
vt 0.111135 0.770086
vt 0.121003 0.759428
vt 0.239339 0.788761
vt 0.234883 0.798412
vt 0.260308 0.743209
vt 0.262075 0.723592
vt 0.206921 0.753339
vt 0.195629 0.757010
vt 0.228446 0.757795
vt 0.218795 0.753339
vt 0.187829 0.764232
vt 0.138297 0.829816
vt 0.154523 0.829816
vt 0.112208 0.814931
vt 0.122866 0.824799
vt 0.167710 0.823726
vt 0.487155 0.593931
vt 0.487155 0.596363
vt 0.487093 0.596394
vt 0.486961 0.596370
vt 0.486961 0.593924
vt 0.487091 0.593957
vt 0.434243 0.653619
vt 0.425422 0.653636
vt 0.425372 0.653327
vt 0.434242 0.653389
vt 0.442930 0.687235
vt 0.443135 0.687115
vt 0.444103 0.688499
vt 0.443918 0.688649
vt 0.443556 0.686870
vt 0.444474 0.688200
vt 0.465338 0.676039
vt 0.462209 0.677356
vt 0.461705 0.676343
vt 0.464646 0.674608
vt 0.452522 0.693387
vt 0.452553 0.693157
vt 0.454188 0.693280
vt 0.454188 0.693510
vt 0.454187 0.692806
vt 0.452616 0.692692
vt 0.424445 0.634640
vt 0.424812 0.634529
vt 0.425001 0.653239
vt 0.435801 0.691895
vt 0.435463 0.692110
vt 0.435105 0.691810
vt 0.435444 0.691612
vt 0.425078 0.653636
vt 0.453766 0.702421
vt 0.453779 0.702022
vt 0.454205 0.702186
vt 0.454205 0.702578
vt 0.424499 0.634240
vt 0.424841 0.634217
vt 0.433586 0.633875
vt 0.433572 0.633647
vt 0.431638 0.613759
vt 0.422890 0.614882
vt 0.422800 0.614580
vt 0.431609 0.613531
vt 0.465400 0.687189
vt 0.465194 0.687071
vt 0.465917 0.685543
vt 0.466138 0.685629
vt 0.464773 0.686827
vt 0.465470 0.685369
vt 0.461765 0.685087
vt 0.463862 0.688160
vt 0.461122 0.686034
vt 0.465989 0.675772
vt 0.465773 0.675861
vt 0.465060 0.674368
vt 0.465262 0.674251
vt 0.419219 0.595987
vt 0.419564 0.595816
vt 0.422416 0.614543
vt 0.472960 0.691093
vt 0.473312 0.691280
vt 0.473226 0.691739
vt 0.472887 0.691540
vt 0.422549 0.614928
vt 0.473265 0.670356
vt 0.472911 0.670539
vt 0.472850 0.670088
vt 0.473192 0.669898
vt 0.419203 0.595589
vt 0.419541 0.595493
vt 0.428496 0.594150
vt 0.428457 0.593924
vt 0.424771 0.633912
vt 0.433557 0.633419
vt 0.455822 0.693151
vt 0.455854 0.693380
vt 0.455757 0.692687
vt 0.446558 0.685121
vt 0.442853 0.685413
vt 0.446060 0.684091
vt 0.464420 0.688606
vt 0.464234 0.688457
vt 0.422525 0.615332
vt 0.422881 0.615196
vt 0.424394 0.633850
vt 0.454630 0.702023
vt 0.454643 0.702421
vt 0.472867 0.692038
vt 0.472530 0.691822
vt 0.431667 0.613987
vt 0.433630 0.673814
vt 0.424715 0.673244
vt 0.424685 0.672928
vt 0.433644 0.673582
vt 0.443050 0.674277
vt 0.443253 0.674393
vt 0.442540 0.675893
vt 0.442323 0.675805
vt 0.443669 0.674634
vt 0.442978 0.676071
vt 0.446622 0.676368
vt 0.444569 0.673315
vt 0.447266 0.675431
vt 0.442186 0.685676
vt 0.442408 0.685589
vt 0.424999 0.654033
vt 0.425372 0.653946
vt 0.424314 0.672814
vt 0.435375 0.670559
vt 0.435020 0.670375
vt 0.435094 0.669915
vt 0.435438 0.670107
vt 0.424367 0.673222
vt 0.435020 0.691351
vt 0.435373 0.691163
vt 0.434243 0.653850
vt 0.431668 0.693920
vt 0.422914 0.692793
vt 0.422905 0.692478
vt 0.431697 0.693692
vt 0.454165 0.668033
vt 0.454165 0.668261
vt 0.452541 0.668388
vt 0.452508 0.668161
vt 0.454166 0.668731
vt 0.452605 0.668848
vt 0.454170 0.672086
vt 0.455725 0.668845
vt 0.455293 0.672161
vt 0.444020 0.672870
vt 0.444202 0.673019
vt 0.424262 0.673620
vt 0.424645 0.673554
vt 0.422545 0.692343
vt 0.453738 0.659527
vt 0.453724 0.659127
vt 0.454163 0.658970
vt 0.454163 0.659363
vt 0.422572 0.692748
vt 0.435448 0.669605
vt 0.435789 0.669816
vt 0.433614 0.674047
vt 0.428501 0.713817
vt 0.419544 0.712242
vt 0.419567 0.711917
vt 0.428541 0.713589
vt 0.464111 0.672999
vt 0.464292 0.672851
vt 0.463745 0.673294
vt 0.455822 0.668158
vt 0.455790 0.668385
vt 0.422441 0.693132
vt 0.422825 0.693095
vt 0.419219 0.711744
vt 0.472502 0.669797
vt 0.472842 0.669588
vt 0.419203 0.712146
vt 0.454602 0.659128
vt 0.454587 0.659528
vt 0.431638 0.694148
vt 0.478042 0.629797
vt 0.472319 0.633100
vt 0.472000 0.632835
vt 0.473294 0.632417
vt 0.477642 0.629594
vt 0.465451 0.622857
vt 0.466652 0.623614
vt 0.464610 0.627459
vt 0.463373 0.626689
vt 0.466846 0.620441
vt 0.468102 0.621102
vt 0.467375 0.622357
vt 0.466139 0.621644
vt 0.475768 0.625528
vt 0.475044 0.626785
vt 0.476969 0.626285
vt 0.476281 0.627499
vt 0.471223 0.616167
vt 0.472058 0.616307
vt 0.471327 0.616718
vt 0.470420 0.616307
vt 0.464378 0.619345
vt 0.470100 0.616042
vt 0.469126 0.616725
vt 0.464777 0.619548
vt 0.470411 0.617412
vt 0.477952 0.620543
vt 0.477809 0.621683
vt 0.751162 0.790760
vt 0.752153 0.784078
vt 0.752320 0.784177
vt 0.751162 0.557216
vt 0.478482 0.620358
vt 0.478762 0.621123
vt 0.477942 0.619704
vt 0.479047 0.622453
vt 0.474318 0.628040
vt 0.472008 0.631730
vt 0.463268 0.621267
vt 0.463644 0.621512
vt 0.463658 0.628019
vt 0.463268 0.627875
vt 0.475574 0.628701
vt 0.464151 0.620496
vt 0.479151 0.621267
vt 0.479151 0.627875
vt 0.478776 0.627630
vt 0.478269 0.628646
vt 0.377386 0.706684
vt 0.377716 0.706242
vt 0.377880 0.706400
vt 0.377934 0.706620
vt 0.360800 0.697108
vt 0.361018 0.696601
vt 0.360800 0.735413
vt 0.361018 0.735920
vt 0.360800 0.735983
vt 0.360582 0.735920
vt 0.377386 0.725837
vt 0.377716 0.726279
vt 0.377934 0.725901
vt 0.377880 0.726122
vt 0.360582 0.696601
vt 0.360800 0.696538
vt 0.344213 0.706684
vt 0.343883 0.706242
vt 0.343665 0.706620
vt 0.343720 0.706400
vt 0.344213 0.725837
vt 0.343665 0.725901
vt 0.356610 0.732651
vt 0.356121 0.730802
vt 0.360222 0.732587
vt 0.375228 0.723924
vt 0.375805 0.707597
vt 0.361377 0.699934
vt 0.346372 0.708598
vt 0.345794 0.724924
vt 0.348857 0.727163
vt 0.348700 0.728084
vt 0.343883 0.726279
vt 0.343720 0.726122
vt 0.375242 0.707923
vt 0.364410 0.705838
vt 0.374305 0.708463
vt 0.368021 0.712092
vt 0.357189 0.726683
vt 0.371631 0.718345
vt 0.353579 0.720430
vt 0.349968 0.714176
vt 0.346358 0.724599
vt 0.347294 0.724058
vt 0.471092 0.632424
vt 0.471197 0.632975
vt 0.470361 0.632835
vt 0.464477 0.629438
vt 0.464468 0.628599
vt 0.470100 0.633100
vt 0.464378 0.629797
vt 0.463938 0.628784
vt 0.471210 0.615767
vt 0.472346 0.615849
vt 0.472320 0.616042
vt 0.471210 0.615962
vt 0.478042 0.619345
vt 0.470074 0.615849
vt 0.478834 0.620169
vt 0.479331 0.621194
vt 0.478666 0.620266
vt 0.479331 0.627948
vt 0.478195 0.619227
vt 0.463089 0.621194
vt 0.463586 0.620169
vt 0.463754 0.620266
vt 0.464225 0.619227
vt 0.478834 0.628973
vt 0.478666 0.628876
vt 0.478195 0.629916
vt 0.472346 0.633293
vt 0.463089 0.627948
vt 0.471210 0.633375
vt 0.471210 0.633180
vt 0.470074 0.633293
vt 0.464225 0.629916
vt 0.453055 0.689349
vt 0.454184 0.689432
vt 0.463586 0.628973
vt 0.463754 0.628876
vt 0.452652 0.619881
vt 0.452652 0.613126
vt 0.452832 0.613126
vt 0.452832 0.619881
vt 0.452652 0.637945
vt 0.452652 0.631190
vt 0.452832 0.631190
vt 0.452832 0.637945
vt 0.452652 0.628913
vt 0.452652 0.622158
vt 0.452832 0.622158
vt 0.452832 0.628913
vt 0.455312 0.689354
vt 0.452652 0.610849
vt 0.452652 0.604094
vt 0.452832 0.604094
vt 0.452832 0.610849
vt 0.452652 0.601817
vt 0.452653 0.595062
vt 0.452832 0.595062
vt 0.452832 0.601817
vt 0.452652 0.646977
vt 0.452652 0.640222
vt 0.452832 0.640222
vt 0.452832 0.646977
vt 0.461060 0.675413
vt 0.453356 0.639083
vt 0.453356 0.637944
vt 0.454570 0.637945
vt 0.454570 0.639083
vt 0.453356 0.631190
vt 0.454570 0.631190
vt 0.456128 0.637945
vt 0.456128 0.639083
vt 0.453356 0.640222
vt 0.454570 0.640222
vt 0.456128 0.640222
vt 0.454570 0.646977
vt 0.456128 0.646977
vt 0.456128 0.631190
vt 0.453356 0.630051
vt 0.453356 0.628913
vt 0.454570 0.628913
vt 0.454570 0.630051
vt 0.453356 0.622158
vt 0.454570 0.622158
vt 0.456128 0.628913
vt 0.456128 0.630051
vt 0.453357 0.595063
vt 0.453357 0.593924
vt 0.454570 0.593924
vt 0.454570 0.595063
vt 0.456129 0.593924
vt 0.456129 0.595063
vt 0.454570 0.601817
vt 0.456128 0.601817
vt 0.453356 0.648115
vt 0.453356 0.646976
vt 0.454570 0.648116
vt 0.456128 0.648115
vt 0.453356 0.621020
vt 0.454570 0.621020
vt 0.456128 0.621020
vt 0.456128 0.622158
vt 0.453356 0.619881
vt 0.454570 0.619881
vt 0.453356 0.613126
vt 0.454570 0.613126
vt 0.456128 0.619881
vt 0.456128 0.613126
vt 0.453356 0.601817
vt 0.453356 0.611988
vt 0.454570 0.611988
vt 0.456128 0.611988
vt 0.453356 0.610849
vt 0.454570 0.610849
vt 0.453356 0.604094
vt 0.454570 0.604095
vt 0.456128 0.610849
vt 0.456128 0.604095
vt 0.453356 0.602956
vt 0.454570 0.602956
vt 0.456128 0.602956
vt 0.453089 0.689104
vt 0.454184 0.689186
vt 0.452832 0.621019
vt 0.452652 0.621020
vt 0.455278 0.689110
vt 0.460926 0.685879
vt 0.446773 0.684996
vt 0.447401 0.685910
vt 0.447206 0.686066
vt 0.452652 0.611987
vt 0.452832 0.611988
vt 0.461981 0.677451
vt 0.461494 0.676468
vt 0.452832 0.639083
vt 0.452652 0.639083
vt 0.460869 0.675568
vt 0.455259 0.672403
vt 0.461550 0.684962
vt 0.462033 0.683967
vt 0.462265 0.684058
vt 0.452652 0.630051
vt 0.452832 0.630051
vt 0.446293 0.683999
vt 0.446835 0.676493
vt 0.446351 0.677482
vt 0.446122 0.677388
vt 0.452652 0.602956
vt 0.452832 0.602956
vt 0.447459 0.675587
vt 0.454171 0.672330
vt 0.453083 0.672411
vt 0.453049 0.672169
vt 0.452653 0.593924
vt 0.452832 0.593924
vt 0.452832 0.648116
vt 0.452652 0.648115
vt 0.750385 0.791120
vt 0.750385 0.557216
vt 0.750205 0.797801
vt 0.749845 0.797894
vt 0.749845 0.563991
vt 0.749504 0.563841
s 1
f 759/1/1 38/2/2 37/3/3 760/4/4
f 324/5/5 323/6/6 322/7/7
f 325/8/8 323/6/6 324/5/5
f 326/9/6 323/6/6 325/8/8
f 29/10/9 731/11/10 732/12/11 26/13/12
f 328/14/13 323/6/6 327/15/6
f 732/12/11 731/11/10 279/16/14 280/17/15
f 32/18/16 733/19/17 734/20/18 33/21/19
f 734/20/18 733/19/17 3/22/20 4/23/21
f 278/24/22 279/16/14 731/11/10 735/25/23
f 735/25/23 731/11/10 29/10/9 31/26/24
f 733/19/17 736/27/25 2/28/26 3/22/20
f 34/29/27 736/27/25 733/19/17 32/18/16
f 745/30/28 746/31/29 24/32/30 12/33/31
f 874/34/32 891/35/33 765/36/34 738/37/35
f 740/38/36 739/39/37 18/40/38 22/41/39
f 740/38/36 876/42/40 875/43/41 739/39/37
f 24/32/30 742/44/42 741/45/43 12/33/31
f 743/46/44 744/47/45 25/48/46 13/49/47
f 915/50/48 916/51/49 744/47/45 743/46/44
f 742/44/42 914/52/50 913/53/51 741/45/43
f 21/54/52 28/55/53 27/56/54 11/57/55
f 759/1/1 941/58/56 914/52/50 742/44/42
f 747/59/57 748/60/58 26/13/12 14/61/59
f 755/62/60 735/25/23 31/26/24 17/63/61
f 11/57/55 27/56/54 746/31/29 745/30/28
f 749/64/62 750/65/63 30/66/64 16/67/65
f 13/49/47 25/48/46 748/60/58 747/59/57
f 280/17/15 281/68/66 753/69/67 732/12/11
f 15/70/68 23/71/69 750/65/63 749/64/62
f 751/72/70 752/73/71 22/41/39 18/40/38
f 17/63/61 31/26/24 752/73/71 751/72/70
f 16/67/65 30/66/64 28/55/53 21/54/52
f 732/12/11 753/69/67 14/61/59 26/13/12
f 754/74/72 734/20/18 4/23/21 9/75/73
f 20/76/74 33/21/19 734/20/18 754/74/72
f 219/77/75 222/78/76 10/79/77 5/80/78
f 756/81/79 757/82/80 8/83/81 7/84/82
f 277/85/83 278/24/22 735/25/23 755/62/60
f 756/86/79 736/27/25 34/29/27 19/87/84
f 2/28/26 736/27/25 756/86/79 7/88/82
f 19/89/84 36/90/85 757/82/80 756/81/79
f 282/91/86 277/92/83 755/93/60 758/94/87
f 758/94/87 755/93/60 17/95/61 35/96/88
f 281/97/66 282/91/86 758/94/87 753/98/67
f 753/98/67 758/94/87 35/96/88 14/99/59
f 757/82/80 754/100/72 9/101/73 8/83/81
f 36/90/85 20/102/74 754/100/72 757/82/80
f 42/103/89 44/104/90 43/105/91 41/106/92
f 46/107/93 765/36/34 766/108/94 45/109/95
f 38/2/2 761/110/96 762/111/97 37/3/3
f 762/111/97 761/110/96 40/112/98 39/113/99
f 40/112/98 42/103/89 41/106/92 39/113/99
f 44/104/90 763/114/100 764/115/101 43/105/91
f 52/116/102 54/117/103 53/118/104 51/119/105
f 764/115/101 763/114/100 46/107/93 45/109/95
f 767/120/106 48/121/107 47/122/108 768/123/109
f 765/36/34 891/35/33 892/124/110 766/108/94
f 950/125/111 949/126/112 767/120/106 768/123/109
f 56/127/113 773/128/114 774/129/115 55/130/116
f 48/121/107 769/131/117 770/132/118 47/122/108
f 770/132/118 769/131/117 50/133/119 49/134/120
f 50/133/119 52/116/102 51/119/105 49/134/120
f 54/117/103 771/135/121 772/136/122 53/118/104
f 762/111/97 748/60/58 25/48/46 37/3/3
f 772/136/122 771/135/121 56/127/113 55/130/116
f 45/109/95 766/108/94 740/38/36 22/41/39
f 773/128/114 899/137/123 900/138/124 774/129/115
f 949/126/112 915/139/48 743/140/44 767/120/106
f 25/48/46 744/47/45 760/4/4 37/3/3
f 759/1/1 742/44/42 24/32/30 38/2/2
f 892/124/110 876/42/40 740/38/36 766/108/94
f 41/106/92 29/10/9 26/13/12 39/113/99
f 774/129/115 900/138/124 873/141/125 737/142/126
f 26/13/12 748/60/58 762/111/97 39/113/99
f 764/115/101 752/73/71 31/26/24 43/105/91
f 22/41/39 752/73/71 764/115/101 45/109/95
f 43/105/91 31/26/24 29/10/9 41/106/92
f 28/55/53 30/66/64 44/104/90 42/103/89
f 738/37/35 765/36/34 46/107/93 23/71/69
f 746/31/29 761/110/96 38/2/2 24/32/30
f 27/56/54 40/112/98 761/110/96 746/31/29
f 27/56/54 28/55/53 42/103/89 40/112/98
f 750/65/63 763/114/100 44/104/90 30/66/64
f 53/118/104 16/143/65 21/144/52 51/119/105
f 23/71/69 46/107/93 763/114/100 750/65/63
f 55/130/116 774/129/115 737/142/126 15/145/68
f 913/146/51 950/125/111 768/123/109 741/147/43
f 741/147/43 768/123/109 47/122/108 12/148/31
f 749/149/62 772/136/122 55/130/116 15/145/68
f 16/143/65 53/118/104 772/136/122 749/149/62
f 745/150/28 770/132/118 49/134/120 11/151/55
f 12/148/31 47/122/108 770/132/118 745/150/28
f 743/140/44 13/152/47 48/121/107 767/120/106
f 744/47/45 916/51/49 942/153/127 760/4/4
f 49/134/120 51/119/105 21/144/52 11/151/55
f 35/96/88 17/95/61 54/117/103 52/116/102
f 739/154/37 875/155/41 899/137/123 773/128/114
f 739/154/37 773/128/114 56/127/113 18/156/38
f 769/131/117 747/157/57 14/99/59 50/133/119
f 13/152/47 747/157/57 769/131/117 48/121/107
f 14/99/59 35/96/88 52/116/102 50/133/119
f 771/135/121 751/158/70 18/156/38 56/127/113
f 918/159/128 935/160/129 809/161/130 782/162/131
f 17/95/61 751/158/70 771/135/121 54/117/103
f 917/163/132 918/159/128 782/162/131 781/164/133
f 782/162/131 79/165/134 71/166/135 781/164/133
f 942/153/127 941/58/56 759/1/1 760/4/4
f 784/167/136 920/168/137 919/169/138 783/170/139
f 803/171/140 94/172/141 93/173/142 804/174/143
f 329/175/144 323/6/6 328/14/13
f 330/176/145 323/6/6 329/175/144
f 331/177/6 323/6/6 330/176/145
f 85/178/146 775/179/147 776/180/148 82/181/149
f 332/182/150 323/6/6 331/177/6
f 776/180/148 775/179/147 297/183/151 298/184/152
f 88/185/153 777/186/154 778/187/155 89/188/156
f 778/187/155 777/186/154 59/189/157 60/190/158
f 296/191/159 297/183/151 775/179/147 779/192/160
f 779/192/160 775/179/147 85/178/146 87/193/161
f 777/186/154 780/194/162 58/195/163 59/189/157
f 90/196/164 780/194/162 777/186/154 88/185/153
f 789/197/165 790/198/166 80/199/167 68/200/168
f 784/167/136 783/170/139 74/201/169 78/202/170
f 80/199/167 786/203/171 785/204/172 68/200/168
f 795/205/173 796/206/174 78/202/170 74/201/169
f 787/207/175 788/208/176 81/209/177 69/210/178
f 827/211/179 828/212/180 788/208/176 787/207/175
f 786/203/171 826/213/181 825/214/182 785/204/172
f 77/215/183 84/216/184 83/217/185 67/218/186
f 803/171/140 853/219/187 826/213/181 786/203/171
f 791/220/188 792/221/189 82/181/149 70/222/190
f 67/218/186 83/217/185 790/198/166 789/197/165
f 793/223/191 794/224/192 86/225/193 72/226/194
f 69/210/178 81/209/177 792/221/189 791/220/188
f 298/184/152 299/227/195 797/228/196 776/180/148
f 71/166/135 79/165/134 794/224/192 793/223/191
f 72/226/194 86/225/193 84/216/184 77/215/183
f 73/229/197 87/193/161 796/206/174 795/205/173
f 799/230/198 779/192/160 87/193/161 73/229/197
f 776/180/148 797/228/196 70/222/190 82/181/149
f 798/231/199 778/187/155 60/190/158 65/232/200
f 76/233/201 89/188/156 778/187/155 798/231/199
f 113/234/202 117/235/203 66/236/204 61/237/205
f 800/238/206 801/239/207 64/240/208 63/241/209
f 295/242/210 296/191/159 779/192/160 799/230/198
f 800/243/206 780/194/162 90/196/164 75/244/211
f 58/195/163 780/194/162 800/243/206 63/245/209
f 57/246/212 62/247/213 224/248/214 221/249/215
f 75/250/211 92/251/216 801/239/207 800/238/206
f 300/252/217 295/253/210 799/254/198 802/255/218
f 802/255/218 799/254/198 73/256/197 91/257/219
f 299/258/195 300/252/217 802/255/218 797/259/196
f 797/259/196 802/255/218 91/257/219 70/260/190
f 801/239/207 798/261/199 65/262/200 64/240/208
f 92/251/216 76/263/201 798/261/199 801/239/207
f 98/264/220 100/265/221 99/266/222 97/267/223
f 102/268/224 809/161/130 810/269/225 101/270/226
f 94/172/141 805/271/227 806/272/228 93/173/142
f 806/272/228 805/271/227 96/273/229 95/274/230
f 96/273/229 98/264/220 97/267/223 95/274/230
f 100/265/221 807/275/231 808/276/232 99/266/222
f 108/277/233 110/278/234 109/279/235 107/280/236
f 808/276/232 807/275/231 102/268/224 101/270/226
f 811/281/237 104/282/238 103/283/239 812/284/240
f 809/161/130 935/160/129 936/285/241 810/269/225
f 862/286/242 861/287/243 811/281/237 812/284/240
f 112/288/244 817/289/245 818/290/246 111/291/247
f 104/282/238 813/292/248 814/293/249 103/283/239
f 814/293/249 813/292/248 106/294/250 105/295/251
f 106/294/250 108/277/233 107/280/236 105/295/251
f 110/278/234 815/296/252 816/297/253 109/279/235
f 806/272/228 792/221/189 81/209/177 93/173/142
f 816/297/253 815/296/252 112/288/244 111/291/247
f 101/270/226 810/269/225 784/167/136 78/202/170
f 817/289/245 943/298/254 944/299/255 818/290/246
f 861/287/243 827/300/179 787/301/175 811/281/237
f 81/209/177 788/208/176 804/174/143 93/173/142
f 803/171/140 786/203/171 80/199/167 94/172/141
f 936/285/241 920/168/137 784/167/136 810/269/225
f 97/267/223 85/178/146 82/181/149 95/274/230
f 818/290/246 944/299/255 917/302/132 781/303/133
f 82/181/149 792/221/189 806/272/228 95/274/230
f 808/276/232 796/206/174 87/193/161 99/266/222
f 78/202/170 796/206/174 808/276/232 101/270/226
f 99/266/222 87/193/161 85/178/146 97/267/223
f 84/216/184 86/225/193 100/265/221 98/264/220
f 782/162/131 809/161/130 102/268/224 79/165/134
f 790/198/166 805/271/227 94/172/141 80/199/167
f 83/217/185 96/273/229 805/271/227 790/198/166
f 83/217/185 84/216/184 98/264/220 96/273/229
f 794/224/192 807/275/231 100/265/221 86/225/193
f 109/279/235 72/304/194 77/305/183 107/280/236
f 79/165/134 102/268/224 807/275/231 794/224/192
f 111/291/247 818/290/246 781/303/133 71/306/135
f 825/307/182 862/286/242 812/284/240 785/308/172
f 785/308/172 812/284/240 103/283/239 68/309/168
f 793/310/191 816/297/253 111/291/247 71/306/135
f 72/304/194 109/279/235 816/297/253 793/310/191
f 789/311/165 814/293/249 105/295/251 67/312/186
f 68/309/168 103/283/239 814/293/249 789/311/165
f 787/301/175 69/313/178 104/282/238 811/281/237
f 788/208/176 828/212/180 854/314/256 804/174/143
f 105/295/251 107/280/236 77/305/183 67/312/186
f 91/257/219 73/256/197 110/278/234 108/277/233
f 783/315/139 919/316/138 943/298/254 817/289/245
f 783/315/139 817/289/245 112/288/244 74/317/169
f 813/292/248 791/318/188 70/260/190 106/294/250
f 69/313/178 791/318/188 813/292/248 104/282/238
f 70/260/190 91/257/219 108/277/233 106/294/250
f 815/296/252 795/319/173 74/317/169 112/288/244
f 73/256/197 795/319/173 815/296/252 110/278/234
f 826/213/181 133/320/257 125/321/258 825/214/182
f 854/314/256 853/219/187 803/171/140 804/174/143
f 847/322/259 148/323/260 147/324/261 848/325/262
f 333/326/263 323/6/6 332/182/150
f 334/327/264 323/6/6 333/326/263
f 335/328/6 323/6/6 334/327/264
f 139/329/265 819/330/266 820/331/267 136/332/268
f 336/333/269 323/6/6 335/328/6
f 820/331/267 819/330/266 291/334/270 292/335/271
f 142/336/272 821/337/273 822/338/274 143/339/275
f 822/338/274 821/337/273 114/340/276 115/341/277
f 290/342/278 291/334/270 819/330/266 823/343/279
f 823/343/279 819/330/266 139/329/265 141/344/280
f 821/337/273 824/345/281 113/234/202 114/340/276
f 144/346/282 824/345/281 821/337/273 142/336/272
f 833/347/283 834/348/284 134/349/285 122/350/286
f 828/212/180 827/211/179 128/351/287 132/352/288
f 134/349/285 830/353/289 829/354/290 122/350/286
f 839/355/291 840/356/292 132/352/288 128/351/287
f 831/357/293 832/358/294 135/359/295 123/360/296
f 871/361/297 872/362/298 832/358/294 831/357/293
f 830/353/289 870/363/299 869/364/300 829/354/290
f 131/365/301 138/366/302 137/367/303 121/368/304
f 847/322/259 897/369/305 870/363/299 830/353/289
f 835/370/306 836/371/307 136/332/268 124/372/308
f 121/368/304 137/367/303 834/348/284 833/347/283
f 837/373/309 838/374/310 140/375/311 126/376/312
f 123/360/296 135/359/295 836/371/307 835/370/306
f 292/335/271 293/377/313 841/378/314 820/331/267
f 125/321/258 133/320/257 838/374/310 837/373/309
f 126/376/312 140/375/311 138/366/302 131/365/301
f 127/379/315 141/344/280 840/356/292 839/355/291
f 843/380/316 823/343/279 141/344/280 127/379/315
f 820/331/267 841/378/314 124/372/308 136/332/268
f 842/381/317 822/338/274 115/341/277 119/382/318
f 130/383/319 143/339/275 822/338/274 842/381/317
f 167/384/320 170/385/321 120/386/322 116/387/323
f 844/388/324 845/389/325 118/390/326 117/391/203
f 289/392/327 290/342/278 823/343/279 843/380/316
f 844/393/324 824/345/281 144/346/282 129/394/328
f 113/234/202 824/345/281 844/393/324 117/235/203
f 289/392/327 969/395/329 970/396/330 290/342/278
f 129/397/328 146/398/331 845/389/325 844/388/324
f 294/399/332 289/400/327 843/401/316 846/402/333
f 846/402/333 843/401/316 127/403/315 145/404/334
f 293/405/313 294/399/332 846/402/333 841/406/314
f 841/406/314 846/402/333 145/404/334 124/407/308
f 845/389/325 842/408/317 119/409/318 118/390/326
f 146/398/331 130/410/319 842/408/317 845/389/325
f 152/411/335 154/412/336 153/413/337 151/414/338
f 156/415/339 853/219/187 854/314/256 155/416/340
f 148/323/260 849/417/341 850/418/342 147/324/261
f 850/418/342 849/417/341 150/419/343 149/420/344
f 150/419/343 152/411/335 151/414/338 149/420/344
f 154/412/336 851/421/345 852/422/346 153/413/337
f 162/423/347 164/424/348 163/425/349 161/426/350
f 852/422/346 851/421/345 156/415/339 155/416/340
f 855/427/351 158/428/352 157/429/353 856/430/354
f 906/431/355 905/432/356 855/427/351 856/430/354
f 166/433/357 861/287/243 862/286/242 165/434/358
f 158/428/352 857/435/359 858/436/360 157/429/353
f 858/436/360 857/435/359 160/437/361 159/438/362
f 160/437/361 162/423/347 161/426/350 159/438/362
f 164/424/348 859/439/363 860/440/364 163/425/349
f 850/418/342 836/371/307 135/359/295 147/324/261
f 860/440/364 859/439/363 166/433/357 165/434/358
f 155/416/340 854/314/256 828/212/180 132/352/288
f 135/359/295 832/358/294 848/325/262 147/324/261
f 847/322/259 830/353/289 134/349/285 148/323/260
f 905/432/356 871/441/297 831/442/293 855/427/351
f 151/414/338 139/329/265 136/332/268 149/420/344
f 869/443/300 906/431/355 856/430/354 829/444/290
f 136/332/268 836/371/307 850/418/342 149/420/344
f 852/422/346 840/356/292 141/344/280 153/413/337
f 132/352/288 840/356/292 852/422/346 155/416/340
f 153/413/337 141/344/280 139/329/265 151/414/338
f 138/366/302 140/375/311 154/412/336 152/411/335
f 826/213/181 853/219/187 156/415/339 133/320/257
f 834/348/284 849/417/341 148/323/260 134/349/285
f 137/367/303 150/419/343 849/417/341 834/348/284
f 137/367/303 138/366/302 152/411/335 150/419/343
f 838/374/310 851/421/345 154/412/336 140/375/311
f 163/425/349 126/445/312 131/446/301 161/426/350
f 133/320/257 156/415/339 851/421/345 838/374/310
f 165/434/358 862/286/242 825/307/182 125/447/258
f 829/444/290 856/430/354 157/429/353 122/448/286
f 837/449/309 860/440/364 165/434/358 125/447/258
f 126/445/312 163/425/349 860/440/364 837/449/309
f 833/450/283 858/436/360 159/438/362 121/451/304
f 122/448/286 157/429/353 858/436/360 833/450/283
f 831/442/293 123/452/296 158/428/352 855/427/351
f 832/358/294 872/362/298 898/453/365 848/325/262
f 159/438/362 161/426/350 131/446/301 121/451/304
f 145/404/334 127/403/315 164/424/348 162/423/347
f 898/453/365 897/369/305 847/322/259 848/325/262
f 827/300/179 861/287/243 166/433/357 128/454/287
f 857/435/359 835/455/306 124/407/308 160/437/361
f 123/452/296 835/455/306 857/435/359 158/428/352
f 124/407/308 145/404/334 162/423/347 160/437/361
f 859/439/363 839/456/291 128/454/287 166/433/357
f 127/403/315 839/456/291 859/439/363 164/424/348
f 870/363/299 185/457/366 177/458/367 869/364/300
f 1/459/368 6/460/369 172/461/370 169/462/371
f 337/463/372 323/6/6 336/333/269
f 338/464/373 323/6/6 337/463/372
f 321/465/6 323/6/6 338/464/373
f 191/466/374 863/467/375 864/468/376 188/469/377
f 339/470/378 323/6/6 326/9/6
f 864/468/376 863/467/375 285/471/379 286/472/380
f 194/473/381 865/474/382 866/475/383 195/476/384
f 866/475/383 865/474/382 168/477/385 169/462/371
f 284/478/386 285/471/379 863/467/375 867/479/387
f 867/479/387 863/467/375 191/466/374 193/480/388
f 865/474/382 868/481/389 167/384/320 168/477/385
f 196/482/390 868/481/389 865/474/382 194/473/381
f 877/483/391 878/484/392 186/485/393 174/486/394
f 872/362/298 871/361/297 180/487/395 184/488/396
f 186/485/393 874/34/32 873/489/125 174/486/394
f 883/490/397 884/491/398 184/488/396 180/487/395
f 875/43/41 876/42/40 187/492/399 175/493/400
f 891/35/33 200/494/401 199/495/402 892/124/110
f 183/496/403 190/497/404 189/498/405 173/499/406
f 173/499/406 189/498/405 878/484/392 877/483/391
f 879/500/407 880/501/408 188/469/377 176/502/409
f 175/493/400 187/492/399 880/501/408 879/500/407
f 881/503/410 882/504/411 192/505/412 178/506/413
f 177/458/367 185/457/366 882/504/411 881/503/410
f 286/472/380 287/507/414 885/508/415 864/468/376
f 179/509/416 193/480/388 884/491/398 883/490/397
f 887/510/417 867/479/387 193/480/388 179/509/416
f 864/468/376 885/508/415 176/502/409 188/469/377
f 886/511/418 866/475/383 169/462/371 172/461/370
f 182/512/419 195/476/384 866/475/383 886/511/418
f 178/506/413 192/505/412 190/497/404 183/496/403
f 888/513/420 889/514/421 171/515/8 170/516/321
f 283/517/422 284/478/386 867/479/387 887/510/417
f 888/518/420 868/481/389 196/482/390 181/519/423
f 167/384/320 868/481/389 888/518/420 170/385/321
f 283/517/422 963/520/424 964/521/425 284/478/386
f 181/522/423 198/523/426 889/514/421 888/513/420
f 288/524/427 283/525/422 887/526/417 890/527/428
f 890/527/428 887/526/417 179/528/416 197/529/429
f 287/530/414 288/524/427 890/527/428 885/531/415
f 885/531/415 890/527/428 197/529/429 176/532/409
f 889/514/421 886/533/418 172/534/370 171/515/8
f 198/523/426 182/535/419 886/533/418 889/514/421
f 204/536/430 206/537/431 205/538/432 203/539/433
f 208/540/434 897/369/305 898/453/365 207/541/435
f 200/494/401 893/542/436 894/543/437 199/495/402
f 894/543/437 893/542/436 202/544/438 201/545/439
f 202/544/438 204/536/430 203/539/433 201/545/439
f 206/537/431 895/546/440 896/547/441 205/538/432
f 214/548/442 216/549/443 215/550/444 213/551/445
f 896/547/441 895/546/440 208/540/434 207/541/435
f 899/137/123 210/552/446 209/553/447 900/138/124
f 218/554/448 905/432/356 906/431/355 217/555/449
f 210/552/446 901/556/450 902/557/451 209/553/447
f 902/557/451 901/556/450 212/558/452 211/559/453
f 212/558/452 214/548/442 213/551/445 211/559/453
f 216/549/443 903/560/454 904/561/455 215/550/444
f 894/543/437 880/501/408 187/492/399 199/495/402
f 904/561/455 903/560/454 218/554/448 217/555/449
f 207/541/435 898/453/365 872/362/298 184/488/396
f 187/492/399 876/42/40 892/124/110 199/495/402
f 891/35/33 874/34/32 186/485/393 200/494/401
f 203/539/433 191/466/374 188/469/377 201/545/439
f 188/469/377 880/501/408 894/543/437 201/545/439
f 896/547/441 884/491/398 193/480/388 205/538/432
f 184/488/396 884/491/398 896/547/441 207/541/435
f 205/538/432 193/480/388 191/466/374 203/539/433
f 190/497/404 192/505/412 206/537/431 204/536/430
f 870/363/299 897/369/305 208/540/434 185/457/366
f 878/484/392 893/542/436 200/494/401 186/485/393
f 189/498/405 202/544/438 893/542/436 878/484/392
f 189/498/405 190/497/404 204/536/430 202/544/438
f 882/504/411 895/546/440 206/537/431 192/505/412
f 215/550/444 178/562/413 183/563/403 213/551/445
f 185/457/366 208/540/434 895/546/440 882/504/411
f 217/555/449 906/431/355 869/443/300 177/564/367
f 873/141/125 900/138/124 209/553/447 174/565/394
f 881/566/410 904/561/455 217/555/449 177/564/367
f 178/562/413 215/550/444 904/561/455 881/566/410
f 877/567/391 902/557/451 211/559/453 173/568/406
f 174/565/394 209/553/447 902/557/451 877/567/391
f 875/155/41 175/569/400 210/552/446 899/137/123
f 211/559/453 213/551/445 183/563/403 173/568/406
f 197/529/429 179/528/416 216/549/443 214/548/442
f 871/441/297 905/432/356 218/554/448 180/570/395
f 901/556/450 879/571/407 176/532/409 212/558/452
f 175/569/400 879/571/407 901/556/450 210/552/446
f 176/532/409 197/529/429 214/548/442 212/558/452
f 903/560/454 883/572/397 180/570/395 218/554/448
f 179/528/416 883/572/397 903/560/454 216/549/443
f 914/52/50 237/573/456 229/574/457 913/53/51
f 935/160/129 252/575/458 251/576/459 936/285/241
f 340/577/460 323/6/6 339/470/378
f 341/578/461 323/6/6 340/577/460
f 327/15/6 323/6/6 341/578/461
f 243/579/462 907/580/463 908/581/464 240/582/465
f 2/28/26 7/88/82 6/460/369 1/459/368
f 908/581/464 907/580/463 273/583/466 274/584/467
f 246/585/468 909/586/469 910/587/470 247/588/471
f 910/587/470 909/586/469 220/589/472 221/249/215
f 272/590/473 273/583/466 907/580/463 911/591/474
f 911/591/474 907/580/463 243/579/462 245/592/475
f 909/586/469 912/593/476 219/77/75 220/589/472
f 248/594/477 912/593/476 909/586/469 246/585/468
f 921/595/478 922/596/479 238/597/480 226/598/481
f 916/51/49 915/50/48 232/599/482 236/600/483
f 238/597/480 918/159/128 917/163/132 226/598/481
f 927/601/484 928/602/485 236/600/483 232/599/482
f 919/169/138 920/168/137 239/603/486 227/604/487
f 235/605/488 242/606/489 241/607/490 225/608/491
f 923/609/492 924/610/493 240/582/465 228/611/494
f 225/608/491 241/607/490 922/596/479 921/595/478
f 925/612/495 926/613/496 244/614/497 230/615/498
f 227/604/487 239/603/486 924/610/493 923/609/492
f 274/584/467 275/616/499 929/617/500 908/581/464
f 229/574/457 237/573/456 926/613/496 925/612/495
f 230/615/498 244/614/497 242/606/489 235/605/488
f 231/618/501 245/592/475 928/602/485 927/601/484
f 931/619/502 911/591/474 245/592/475 231/618/501
f 908/581/464 929/617/500 228/611/494 240/582/465
f 930/620/503 910/587/470 221/249/215 224/248/214
f 234/621/504 247/588/471 910/587/470 930/620/503
f 955/622/505 954/623/506 247/588/471 234/621/504
f 932/624/507 933/625/508 223/626/509 222/627/76
f 271/628/510 272/590/473 911/591/474 931/619/502
f 932/629/507 912/593/476 248/594/477 233/630/511
f 219/77/75 912/593/476 932/629/507 222/78/76
f 271/628/510 951/631/512 952/632/513 272/590/473
f 233/633/511 250/634/514 933/625/508 932/624/507
f 276/635/515 271/636/510 931/637/502 934/638/516
f 934/638/516 931/637/502 231/639/501 249/640/517
f 275/641/499 276/635/515 934/638/516 929/642/500
f 929/642/500 934/638/516 249/640/517 228/643/494
f 933/625/508 930/644/503 224/645/214 223/626/509
f 250/634/514 234/646/504 930/644/503 933/625/508
f 256/647/518 258/648/519 257/649/520 255/650/521
f 260/651/522 941/58/56 942/153/127 259/652/523
f 252/575/458 937/653/524 938/654/525 251/576/459
f 938/654/525 937/653/524 254/655/526 253/656/527
f 254/655/526 256/647/518 255/650/521 253/656/527
f 258/648/519 939/657/528 940/658/529 257/649/520
f 266/659/530 268/660/531 267/661/532 265/662/533
f 940/658/529 939/657/528 260/651/522 259/652/523
f 943/298/254 262/663/534 261/664/535 944/299/255
f 270/665/536 949/126/112 950/125/111 269/666/537
f 262/663/534 945/667/538 946/668/539 261/664/535
f 946/668/539 945/667/538 264/669/540 263/670/541
f 264/669/540 266/659/530 265/662/533 263/670/541
f 268/660/531 947/671/542 948/672/543 267/661/532
f 938/654/525 924/610/493 239/603/486 251/576/459
f 948/672/543 947/671/542 270/665/536 269/666/537
f 259/652/523 942/153/127 916/51/49 236/600/483
f 239/603/486 920/168/137 936/285/241 251/576/459
f 935/160/129 918/159/128 238/597/480 252/575/458
f 255/650/521 243/579/462 240/582/465 253/656/527
f 240/582/465 924/610/493 938/654/525 253/656/527
f 940/658/529 928/602/485 245/592/475 257/649/520
f 236/600/483 928/602/485 940/658/529 259/652/523
f 257/649/520 245/592/475 243/579/462 255/650/521
f 242/606/489 244/614/497 258/648/519 256/647/518
f 914/52/50 941/58/56 260/651/522 237/573/456
f 922/596/479 937/653/524 252/575/458 238/597/480
f 241/607/490 254/655/526 937/653/524 922/596/479
f 241/607/490 242/606/489 256/647/518 254/655/526
f 926/613/496 939/657/528 258/648/519 244/614/497
f 267/661/532 230/673/498 235/674/488 265/662/533
f 237/573/456 260/651/522 939/657/528 926/613/496
f 269/666/537 950/125/111 913/146/51 229/675/457
f 917/302/132 944/299/255 261/664/535 226/676/481
f 925/677/495 948/672/543 269/666/537 229/675/457
f 230/673/498 267/661/532 948/672/543 925/677/495
f 921/678/478 946/668/539 263/670/541 225/679/491
f 226/676/481 261/664/535 946/668/539 921/678/478
f 919/316/138 227/680/487 262/663/534 943/298/254
f 263/670/541 265/662/533 235/674/488 225/679/491
f 249/640/517 231/639/501 268/660/531 266/659/530
f 915/139/48 949/126/112 270/665/536 232/681/482
f 945/667/538 923/682/492 228/643/494 264/669/540
f 227/680/487 923/682/492 945/667/538 262/663/534
f 228/643/494 249/640/517 266/659/530 264/669/540
f 947/671/542 927/683/484 232/681/482 270/665/536
f 953/684/544 952/632/513 248/594/477 246/585/468
f 231/639/501 927/683/484 947/671/542 268/660/531
f 737/685/126 738/37/35 23/71/69 15/70/68
f 277/85/83 957/686/545 958/687/546 278/24/22
f 952/632/513 951/631/512 233/630/511 248/594/477
f 961/688/547 960/689/548 33/21/19 20/76/74
f 272/590/473 952/632/513 953/684/544 273/583/466
f 273/583/466 953/684/544 954/623/506 274/584/467
f 954/623/506 953/684/544 246/585/468 247/588/471
f 956/690/549 955/691/505 234/646/504 250/634/514
f 274/584/467 954/623/506 955/622/505 275/616/499
f 295/242/210 975/692/550 976/693/551 296/191/159
f 275/641/499 955/691/505 956/690/549 276/635/515
f 951/694/512 956/690/549 250/634/514 233/633/511
f 276/635/515 956/690/549 951/694/512 271/636/510
f 959/695/552 958/687/546 34/29/27 32/18/16
f 958/687/546 957/686/545 19/87/84 34/29/27
f 967/696/553 966/697/554 195/476/384 182/512/419
f 278/24/22 958/687/546 959/695/552 279/16/14
f 279/16/14 959/695/552 960/689/548 280/17/15
f 960/689/548 959/695/552 32/18/16 33/21/19
f 962/698/555 961/699/547 20/102/74 36/90/85
f 280/17/15 960/689/548 961/688/547 281/68/66
f 58/195/163 63/245/209 62/247/213 57/246/212
f 281/97/66 961/699/547 962/698/555 282/91/86
f 957/700/545 962/698/555 36/90/85 19/89/84
f 282/91/86 962/698/555 957/700/545 277/92/83
f 965/701/556 964/521/425 196/482/390 194/473/381
f 964/521/425 963/520/424 181/519/423 196/482/390
f 973/702/557 972/703/558 143/339/275 130/383/319
f 284/478/386 964/521/425 965/701/556 285/471/379
f 285/471/379 965/701/556 966/697/554 286/472/380
f 966/697/554 965/701/556 194/473/381 195/476/384
f 968/704/559 967/705/553 182/535/419 198/523/426
f 286/472/380 966/697/554 967/696/553 287/507/414
f 5/80/78 10/79/77 9/75/73 4/23/21
f 287/530/414 967/705/553 968/704/559 288/524/427
f 963/706/424 968/704/559 198/523/426 181/522/423
f 288/524/427 968/704/559 963/706/424 283/525/422
f 971/707/560 970/396/330 144/346/282 142/336/272
f 970/396/330 969/395/329 129/394/328 144/346/282
f 979/708/561 978/709/562 89/188/156 76/233/201
f 290/342/278 970/396/330 971/707/560 291/334/270
f 291/334/270 971/707/560 972/703/558 292/335/271
f 972/703/558 971/707/560 142/336/272 143/339/275
f 974/710/563 973/711/557 130/410/319 146/398/331
f 292/335/271 972/703/558 973/702/557 293/377/313
f 293/405/313 973/711/557 974/710/563 294/399/332
f 969/712/329 974/710/563 146/398/331 129/397/328
f 294/399/332 974/710/563 969/712/329 289/400/327
f 977/713/564 976/693/551 90/196/164 88/185/153
f 976/693/551 975/692/550 75/244/211 90/196/164
f 61/237/205 66/236/204 65/232/200 60/190/158
f 296/191/159 976/693/551 977/713/564 297/183/151
f 297/183/151 977/713/564 978/709/562 298/184/152
f 978/709/562 977/713/564 88/185/153 89/188/156
f 980/714/565 979/715/561 76/263/201 92/251/216
f 298/184/152 978/709/562 979/708/561 299/227/195
f 116/387/323 120/386/322 119/382/318 115/341/277
f 299/258/195 979/715/561 980/714/565 300/252/217
f 975/716/550 980/714/565 92/251/216 75/250/211
f 300/252/217 980/714/565 975/716/550 295/253/210
f 1/459/368 981/717/566 982/718/567 2/28/26
f 982/718/567 981/717/566 342/719/568 343/720/569
f 2/28/26 982/718/567 983/721/570 3/22/20
f 983/721/570 982/718/567 343/720/569 344/722/571
f 3/22/20 983/721/570 984/723/572 4/23/21
f 984/723/572 983/721/570 344/722/571 345/724/573
f 4/23/21 984/723/572 985/725/574 5/80/78
f 985/725/574 984/723/572 345/724/573 346/726/575
f 57/246/212 986/727/576 987/728/577 58/195/163
f 987/728/577 986/727/576 350/729/578 351/730/579
f 58/195/163 987/728/577 988/731/580 59/189/157
f 988/731/580 987/728/577 351/730/579 352/732/571
f 59/189/157 988/731/580 989/733/581 60/190/158
f 989/733/581 988/731/580 352/732/571 353/734/582
f 60/190/158 989/733/581 990/735/583 61/237/205
f 990/735/583 989/733/581 353/734/582 354/736/584
f 61/237/205 990/735/583 991/737/585 113/234/202
f 991/737/585 990/735/583 354/736/584 355/738/385
f 113/234/202 991/737/585 992/739/586 114/340/276
f 992/739/586 991/737/585 355/738/385 356/740/571
f 114/340/276 992/739/586 993/741/587 115/341/277
f 993/741/587 992/739/586 356/740/571 357/742/588
f 115/341/277 993/741/587 994/743/589 116/387/323
f 994/743/589 993/741/587 357/742/588 358/744/590
f 116/387/323 994/743/589 995/745/591 167/384/320
f 995/745/591 994/743/589 358/744/590 359/746/592
f 167/384/320 995/745/591 996/747/593 168/477/385
f 996/747/593 995/745/591 359/746/592 360/748/571
f 168/477/385 996/747/593 997/749/594 169/462/371
f 997/749/594 996/747/593 360/748/571 361/750/595
f 169/462/371 997/749/594 981/717/566 1/459/368
f 981/717/566 997/749/594 361/750/595 342/719/568
f 5/80/78 985/725/574 998/751/596 219/77/75
f 998/751/596 985/725/574 346/726/575 347/752/597
f 219/77/75 998/751/596 999/753/472 220/589/472
f 999/753/472 998/751/596 347/752/597 348/754/571
f 220/589/472 999/753/472 1000/755/598 221/249/215
f 1000/755/598 999/753/472 348/754/571 349/756/599
f 221/249/215 1000/755/598 986/727/576 57/246/212
f 986/727/576 1000/755/598 349/756/599 350/729/578
f 8/83/81 519/757/6 520/758/7 7/84/82
f 7/84/82 520/758/7 501/759/6 6/760/369
f 9/101/73 518/761/600 519/757/6 8/83/81
f 10/762/77 517/763/6 518/761/600 9/101/73
f 63/241/209 512/764/263 513/765/6 62/766/213
f 64/240/208 511/767/6 512/764/263 63/241/209
f 65/262/200 510/768/460 511/767/6 64/240/208
f 66/769/204 509/770/6 510/768/460 65/262/200
f 117/391/203 508/771/150 509/770/6 66/769/204
f 118/390/326 507/772/6 508/771/150 117/391/203
f 119/409/318 506/773/144 507/772/6 118/390/326
f 120/774/322 505/775/6 506/773/144 119/409/318
f 170/516/321 504/776/269 505/775/6 120/774/322
f 171/515/8 503/777/6 504/776/269 170/516/321
f 172/534/370 502/778/263 503/777/6 171/515/8
f 6/760/369 501/759/6 502/778/263 172/534/370
f 222/627/76 516/779/378 517/763/6 10/762/77
f 223/626/509 515/780/6 516/779/378 222/627/76
f 224/645/214 514/781/601 515/780/6 223/626/509
f 62/766/213 513/765/6 514/781/601 224/645/214
f 322/7/7 323/6/6 321/465/6
f 342/719/568 481/782/568 482/783/602 343/720/569
f 482/783/602 481/782/568 301/784/603 302/785/604
f 343/720/569 482/783/602 483/786/571 344/722/571
f 483/786/571 482/783/602 302/785/604 303/787/605
f 344/722/571 483/786/571 484/788/606 345/724/573
f 484/788/606 483/786/571 303/787/605 304/789/607
f 345/724/573 484/788/606 485/790/575 346/726/575
f 485/790/575 484/788/606 304/789/607 305/791/608
f 346/726/575 485/790/575 486/792/609 347/752/597
f 486/792/609 485/790/575 305/791/608 318/793/610
f 347/752/597 486/792/609 487/794/571 348/754/571
f 487/794/571 486/792/609 318/793/610 319/795/611
f 348/754/571 487/794/571 488/796/612 349/756/599
f 488/796/612 487/794/571 319/795/611 320/797/613
f 349/756/599 488/796/612 489/798/614 350/729/578
f 489/798/614 488/796/612 320/797/613 306/799/615
f 350/729/578 489/798/614 490/800/616 351/730/579
f 490/800/616 489/798/614 306/799/615 307/801/617
f 351/730/579 490/800/616 491/802/571 352/732/571
f 491/802/571 490/800/616 307/801/617 308/803/618
f 352/732/571 491/802/571 492/804/582 353/734/582
f 492/804/582 491/802/571 308/803/618 309/805/619
f 353/734/582 492/804/582 493/806/584 354/736/584
f 493/806/584 492/804/582 309/805/619 310/807/620
f 354/736/584 493/806/584 494/808/621 355/738/385
f 494/808/621 493/806/584 310/807/620 311/809/622
f 355/738/385 494/808/621 495/810/571 356/740/571
f 495/810/571 494/808/621 311/809/622 312/811/623
f 356/740/571 495/810/571 496/812/624 357/742/588
f 496/812/624 495/810/571 312/811/623 313/813/625
f 357/742/588 496/812/624 497/814/626 358/744/590
f 497/814/626 496/812/624 313/813/625 314/815/627
f 358/744/590 497/814/626 498/816/628 359/746/592
f 498/816/628 497/814/626 314/815/627 315/817/629
f 359/746/592 498/816/628 499/818/630 360/748/571
f 499/818/630 498/816/628 315/817/629 316/819/631
f 360/748/571 499/818/630 500/820/632 361/750/595
f 500/820/632 499/818/630 316/819/631 317/821/633
f 361/750/595 500/820/632 481/782/568 342/719/568
f 481/782/568 500/820/632 317/821/633 301/784/603
f 502/778/263 501/759/6 321/465/6 338/464/373
f 503/777/6 502/778/263 338/464/373 337/463/372
f 504/776/269 503/777/6 337/463/372 336/333/269
f 505/775/6 504/776/269 336/333/269 335/328/6
f 506/773/144 505/775/6 335/328/6 334/327/264
f 507/772/6 506/773/144 334/327/264 333/326/263
f 508/771/150 507/772/6 333/326/263 332/182/150
f 509/770/6 508/771/150 332/182/150 331/177/6
f 510/768/460 509/770/6 331/177/6 330/176/145
f 511/767/6 510/768/460 330/176/145 329/175/144
f 512/764/263 511/767/6 329/175/144 328/14/13
f 513/765/6 512/764/263 328/14/13 327/15/6
f 514/781/601 513/765/6 327/15/6 341/578/461
f 515/780/6 514/781/601 341/578/461 340/577/460
f 516/779/378 515/780/6 340/577/460 339/470/378
f 517/763/6 516/779/378 339/470/378 326/9/6
f 518/761/600 517/763/6 326/9/6 325/8/8
f 519/757/6 518/761/600 325/8/8 324/5/5
f 520/758/7 519/757/6 324/5/5 322/7/7
f 501/759/6 520/758/7 322/7/7 321/465/6
f 521/822/634 522/823/635 366/824/636 365/825/637
f 364/826/638 367/827/639 522/823/635 521/822/634
f 523/828/640 524/829/641 367/827/639 364/826/638
f 363/830/642 368/831/643 524/832/641 523/833/640
f 525/834/644 526/835/645 381/836/646 380/837/647
f 379/838/648 382/839/649 526/835/645 525/834/644
f 527/840/650 528/841/651 382/839/649 379/838/648
f 378/842/652 383/843/653 528/844/651 527/845/650
f 363/830/642 362/846/571 368/831/643
f 368/831/643 362/846/571 371/847/654
f 371/847/654 362/846/571 374/848/655
f 374/848/655 362/846/571 377/849/656
f 378/842/652 362/846/571 383/843/653
f 383/843/653 362/846/571 386/850/657
f 386/850/657 362/846/571 389/851/658
f 389/851/658 362/846/571 392/852/659
f 392/852/659 362/846/571 395/853/660
f 395/853/660 362/846/571 398/854/661
f 398/854/661 362/846/571 401/855/662
f 401/855/662 362/846/571 404/856/663
f 404/856/663 362/846/571 407/857/664
f 407/857/664 362/846/571 410/858/665
f 410/858/665 362/846/571 413/859/666
f 413/859/666 362/846/571 363/830/642
f 377/849/656 362/846/571 416/860/667
f 416/860/667 362/846/571 419/861/668
f 419/861/668 362/846/571 422/862/669
f 422/862/669 362/846/571 378/842/652
f 301/863/603 529/864/670 530/865/671 302/866/604
f 530/865/671 529/864/670 365/825/637 366/824/636
f 302/866/604 530/865/671 531/867/672 303/868/605
f 531/867/672 530/865/671 366/824/636 369/869/673
f 303/870/605 531/871/672 532/872/674 304/873/607
f 532/872/674 531/871/672 369/874/673 372/875/675
f 304/873/607 532/872/674 533/876/676 305/877/608
f 533/876/676 532/872/674 372/875/675 375/878/677
f 306/879/615 534/880/678 535/881/679 307/882/617
f 535/881/679 534/880/678 380/837/647 381/836/646
f 307/882/617 535/881/679 536/883/680 308/884/618
f 536/883/680 535/881/679 381/836/646 384/885/681
f 308/884/618 536/883/680 537/886/682 309/887/619
f 537/886/682 536/883/680 384/885/681 387/888/683
f 309/887/619 537/886/682 538/889/684 310/890/620
f 538/889/684 537/886/682 387/888/683 390/891/685
f 310/890/620 538/889/684 539/892/686 311/893/622
f 539/892/686 538/889/684 390/891/685 393/894/687
f 311/893/622 539/892/686 540/895/688 312/896/623
f 540/895/688 539/892/686 393/894/687 396/897/689
f 312/896/623 540/895/688 541/898/690 313/899/625
f 541/898/690 540/895/688 396/897/689 399/900/691
f 313/899/625 541/898/690 542/901/692 314/902/627
f 542/901/692 541/898/690 399/900/691 402/903/693
f 314/902/627 542/901/692 543/904/694 315/905/629
f 543/904/694 542/901/692 402/903/693 405/906/695
f 315/905/629 543/904/694 544/907/696 316/908/631
f 544/907/696 543/904/694 405/906/695 408/909/697
f 316/908/631 544/907/696 545/910/698 317/911/633
f 545/910/698 544/907/696 408/909/697 411/912/699
f 317/911/633 545/910/698 529/864/670 301/863/603
f 529/864/670 545/910/698 411/912/699 365/825/637
f 305/877/608 533/876/676 546/913/700 318/914/610
f 546/913/700 533/876/676 375/878/677 414/915/701
f 318/914/610 546/913/700 547/916/702 319/917/611
f 547/916/702 546/913/700 414/915/701 417/918/703
f 319/917/611 547/916/702 548/919/704 320/920/613
f 548/919/704 547/916/702 417/918/703 420/921/705
f 320/920/613 548/919/704 534/880/678 306/879/615
f 534/880/678 548/919/704 420/921/705 380/837/647
f 522/823/635 549/922/706 369/869/673 366/824/636
f 367/827/639 370/923/707 549/922/706 522/823/635
f 524/829/641 550/924/708 370/923/707 367/827/639
f 368/831/643 371/847/654 550/925/708 524/832/641
f 549/926/706 551/927/709 372/875/675 369/874/673
f 370/928/707 373/929/710 551/927/709 549/926/706
f 550/930/708 552/931/711 373/929/710 370/928/707
f 371/847/654 374/848/655 552/932/711 550/925/708
f 551/927/709 553/933/712 375/878/677 372/875/675
f 373/929/710 376/934/713 553/933/712 551/927/709
f 552/931/711 554/935/714 376/934/713 373/929/710
f 374/848/655 377/849/656 554/936/714 552/932/711
f 553/933/712 555/937/715 414/915/701 375/878/677
f 376/934/713 415/938/716 555/937/715 553/933/712
f 554/935/714 556/939/717 415/938/716 376/934/713
f 377/849/656 416/860/667 556/940/717 554/936/714
f 526/835/645 557/941/718 384/885/681 381/836/646
f 382/839/649 385/942/719 557/941/718 526/835/645
f 528/841/651 558/943/720 385/942/719 382/839/649
f 383/843/653 386/850/657 558/944/720 528/844/651
f 557/941/718 559/945/721 387/888/683 384/885/681
f 385/942/719 388/946/722 559/945/721 557/941/718
f 558/943/720 560/947/723 388/946/722 385/942/719
f 386/850/657 389/851/658 560/948/723 558/944/720
f 559/945/721 561/949/724 390/891/685 387/888/683
f 388/946/722 391/950/725 561/949/724 559/945/721
f 560/947/723 562/951/726 391/950/725 388/946/722
f 389/851/658 392/852/659 562/952/726 560/948/723
f 561/949/724 563/953/727 393/894/687 390/891/685
f 391/950/725 394/954/728 563/953/727 561/949/724
f 562/951/726 564/955/729 394/954/728 391/950/725
f 392/852/659 395/853/660 564/956/729 562/952/726
f 563/953/727 565/957/730 396/897/689 393/894/687
f 394/954/728 397/958/731 565/957/730 563/953/727
f 564/955/729 566/959/732 397/958/731 394/954/728
f 395/853/660 398/854/661 566/960/732 564/956/729
f 565/957/730 567/961/733 399/900/691 396/897/689
f 397/958/731 400/962/734 567/961/733 565/957/730
f 566/959/732 568/963/735 400/962/734 397/958/731
f 398/854/661 401/855/662 568/964/735 566/960/732
f 567/961/733 569/965/736 402/903/693 399/900/691
f 400/962/734 403/966/737 569/965/736 567/961/733
f 568/963/735 570/967/738 403/966/737 400/962/734
f 401/855/662 404/856/663 570/968/738 568/964/735
f 569/965/736 571/969/739 405/906/695 402/903/693
f 403/966/737 406/970/740 571/969/739 569/965/736
f 570/967/738 572/971/741 406/970/740 403/966/737
f 404/856/663 407/857/664 572/972/741 570/968/738
f 571/969/739 573/973/742 408/909/697 405/906/695
f 406/970/740 409/974/743 573/973/742 571/969/739
f 572/971/741 574/975/744 409/974/743 406/970/740
f 407/857/664 410/858/665 574/976/744 572/972/741
f 573/973/742 575/977/745 411/912/699 408/909/697
f 409/974/743 412/978/746 575/977/745 573/973/742
f 574/975/744 576/979/747 412/978/746 409/974/743
f 410/858/665 413/859/666 576/980/747 574/976/744
f 523/833/640 576/980/747 413/859/666 363/830/642
f 364/826/638 412/978/746 576/979/747 523/828/640
f 521/822/634 575/977/745 412/978/746 364/826/638
f 365/825/637 411/912/699 575/977/745 521/822/634
f 555/937/715 577/981/748 417/918/703 414/915/701
f 415/938/716 418/982/749 577/981/748 555/937/715
f 556/939/717 578/983/750 418/982/749 415/938/716
f 416/860/667 419/861/668 578/984/750 556/940/717
f 577/981/748 579/985/751 420/921/705 417/918/703
f 418/982/749 421/986/752 579/985/751 577/981/748
f 578/983/750 580/987/753 421/986/752 418/982/749
f 419/861/668 422/862/669 580/988/753 578/984/750
f 527/845/650 580/988/753 422/862/669 378/842/652
f 379/838/648 421/986/752 580/987/753 527/840/650
f 525/834/644 579/985/751 421/986/752 379/838/648
f 380/837/647 420/921/705 579/985/751 525/834/644
f 426/989/754 591/990/755 1006/991/756 582/992/757
f 583/993/758 427/994/759 584/995/760 1001/996/761
f 584/995/760 427/994/759 585/997/571 1002/998/571
f 1012/999/571 1095/1000/762 715/1001/763 602/1002/571
f 1003/1003/764 586/1004/765 424/1005/766 587/1006/767
f 584/995/760 586/1004/765 1003/1003/764 1001/996/761
f 588/1007/571 424/1005/766 586/1004/765 1004/1008/571
f 593/1009/768 1008/1010/769 1006/991/756 589/1011/770
f 1005/1012/771 589/1013/770 428/1014/772 590/1015/773
f 1001/996/761 1005/1012/771 590/1015/773 583/993/758
f 591/990/755 428/1016/772 589/1011/770 1006/991/756
f 593/1017/768 589/1013/770 1005/1012/771 1007/1018/774
f 1001/996/761 1003/1003/764 1007/1018/774 1005/1012/771
f 587/1006/767 592/1019/775 1007/1018/774 1003/1003/764
f 584/995/760 1002/998/571 1004/1008/571 586/1004/765
f 592/1019/775 425/1020/776 593/1017/768 1007/1018/774
f 593/1009/768 425/1021/776 594/1022/777 1008/1010/769
f 581/1023/778 582/992/757 1006/991/756 1008/1010/769
f 581/1023/778 1008/1010/769 594/1022/777 423/1024/779
f 432/1025/780 605/1026/781 1014/1027/782 596/1028/783
f 597/1029/784 433/1030/785 598/1031/786 1009/1032/787
f 598/1031/786 433/1030/785 599/1033/571 1010/1034/571
f 718/1035/788 599/1033/571 1020/1036/571 1102/1037/789
f 1011/1038/790 600/1039/791 430/1040/792 601/1041/793
f 598/1031/786 600/1039/791 1011/1038/790 1009/1032/787
f 602/1002/571 430/1040/792 600/1039/791 1012/999/571
f 607/1042/794 1016/1043/795 1014/1027/782 603/1044/796
f 1013/1045/797 603/1046/796 434/1047/798 604/1048/799
f 1009/1032/787 1013/1045/797 604/1048/799 597/1029/784
f 605/1026/781 434/1049/798 603/1044/796 1014/1027/782
f 607/1050/794 603/1046/796 1013/1045/797 1015/1051/800
f 1009/1032/787 1011/1038/790 1015/1051/800 1013/1045/797
f 601/1041/793 606/1052/801 1015/1051/800 1011/1038/790
f 598/1031/786 1010/1034/571 1012/999/571 600/1039/791
f 606/1052/801 431/1053/802 607/1050/794 1015/1051/800
f 607/1042/794 431/1054/802 608/1055/803 1016/1043/795
f 595/1056/804 596/1028/783 1014/1027/782 1016/1043/795
f 595/1056/804 1016/1043/795 608/1055/803 429/1057/805
f 423/1024/779 594/1022/777 1022/1058/806 610/1059/807
f 587/1006/767 424/1005/766 611/1060/808 1017/1061/809
f 611/1060/808 424/1005/766 588/1007/571 1018/1062/571
f 711/1063/810 585/997/571 1028/1064/571 1104/1065/811
f 1019/1066/812 612/1067/813 433/1030/785 597/1029/784
f 611/1060/808 612/1067/813 1019/1066/812 1017/1061/809
f 599/1033/571 433/1030/785 612/1067/813 1020/1036/571
f 614/1068/814 1024/1069/815 1022/1058/806 613/1070/816
f 1021/1071/817 613/1072/816 425/1020/776 592/1019/775
f 1017/1061/809 1021/1071/817 592/1019/775 587/1006/767
f 594/1022/777 425/1021/776 613/1070/816 1022/1058/806
f 614/1073/814 613/1072/816 1021/1071/817 1023/1074/818
f 1017/1061/809 1019/1066/812 1023/1074/818 1021/1071/817
f 597/1029/784 604/1048/799 1023/1074/818 1019/1066/812
f 611/1060/808 1018/1062/571 1020/1036/571 612/1067/813
f 604/1048/799 434/1047/798 614/1073/814 1023/1074/818
f 614/1068/814 434/1049/798 605/1026/781 1024/1069/815
f 609/1075/819 610/1059/807 1022/1058/806 1024/1069/815
f 609/1075/819 1024/1069/815 605/1026/781 432/1025/780
f 435/1076/820 623/1077/821 1030/1078/822 616/1079/823
f 617/1080/824 436/1081/825 618/1082/826 1025/1083/827
f 618/1082/826 436/1081/825 619/1084/571 1026/1085/571
f 723/1086/828 619/1084/571 1036/1087/571 1108/1088/829
f 1027/1089/830 620/1090/831 427/994/759 583/993/758
f 618/1082/826 620/1090/831 1027/1089/830 1025/1083/827
f 585/997/571 427/994/759 620/1090/831 1028/1064/571
f 624/1091/832 1032/1092/833 1030/1078/822 621/1093/834
f 1029/1094/835 621/1095/834 437/1096/836 622/1097/837
f 1025/1083/827 1029/1094/835 622/1097/837 617/1080/824
f 623/1077/821 437/1098/836 621/1093/834 1030/1078/822
f 624/1099/832 621/1095/834 1029/1094/835 1031/1100/838
f 1025/1083/827 1027/1089/830 1031/1100/838 1029/1094/835
f 583/993/758 590/1015/773 1031/1100/838 1027/1089/830
f 618/1082/826 1026/1085/571 1028/1064/571 620/1090/831
f 590/1015/773 428/1014/772 624/1099/832 1031/1100/838
f 624/1091/832 428/1016/772 591/990/755 1032/1092/833
f 615/1101/839 616/1079/823 1030/1078/822 1032/1092/833
f 615/1101/839 1032/1092/833 591/990/755 426/989/754
f 438/1102/840 633/1103/841 1038/1104/842 626/1105/843
f 627/1106/844 439/1107/845 628/1108/846 1033/1109/847
f 628/1108/846 439/1107/845 629/1110/571 1034/1111/571
f 727/1112/848 629/1110/571 1044/1113/571 1112/1114/849
f 1035/1115/850 630/1116/851 436/1081/825 617/1080/824
f 628/1108/846 630/1116/851 1035/1115/850 1033/1109/847
f 619/1084/571 436/1081/825 630/1116/851 1036/1087/571
f 634/1117/852 1040/1118/853 1038/1104/842 631/1119/854
f 1037/1120/855 631/1121/854 440/1122/856 632/1123/857
f 1033/1109/847 1037/1120/855 632/1123/857 627/1106/844
f 633/1103/841 440/1124/856 631/1119/854 1038/1104/842
f 634/1125/852 631/1121/854 1037/1120/855 1039/1126/858
f 1033/1109/847 1035/1115/850 1039/1126/858 1037/1120/855
f 617/1080/824 622/1097/837 1039/1126/858 1035/1115/850
f 628/1108/846 1034/1111/571 1036/1087/571 630/1116/851
f 622/1097/837 437/1096/836 634/1125/852 1039/1126/858
f 634/1117/852 437/1098/836 623/1077/821 1040/1118/853
f 625/1127/859 626/1105/843 1038/1104/842 1040/1118/853
f 625/1127/859 1040/1118/853 623/1077/821 435/1076/820
f 429/1128/805 608/1129/803 1046/1130/860 636/1131/861
f 601/1041/793 430/1040/792 637/1132/862 1041/1133/863
f 637/1132/862 430/1040/792 602/1002/571 1042/1134/571
f 1043/1135/864 638/1136/865 439/1107/845 627/1106/844
f 637/1132/862 638/1136/865 1043/1135/864 1041/1133/863
f 629/1110/571 439/1107/845 638/1136/865 1044/1113/571
f 640/1137/866 1048/1138/867 1046/1130/860 639/1139/868
f 1045/1140/869 639/1141/868 431/1053/802 606/1052/801
f 1041/1133/863 1045/1140/869 606/1052/801 601/1041/793
f 608/1129/803 431/1142/802 639/1139/868 1046/1130/860
f 640/1143/866 639/1141/868 1045/1140/869 1047/1144/870
f 1041/1133/863 1043/1135/864 1047/1144/870 1045/1140/869
f 627/1106/844 632/1123/857 1047/1144/870 1043/1135/864
f 637/1132/862 1042/1134/571 1044/1113/571 638/1136/865
f 632/1123/857 440/1122/856 640/1143/866 1047/1144/870
f 640/1137/866 440/1124/856 633/1103/841 1048/1138/867
f 635/1145/871 636/1131/861 1046/1130/860 1048/1138/867
f 635/1145/871 1048/1138/867 633/1103/841 438/1102/840
f 1072/1146/571 1073/1147/571 667/1148/571 457/1149/571 658/1150/571
f 653/1151/571 1053/1152/571 642/1153/571 458/1154/571
f 644/1155/571 1049/1156/571 643/1157/571 459/1158/571
f 643/1157/571 1049/1156/571 1050/1159/571 646/1160/571
f 1050/1159/571 645/1161/571 460/1162/571 646/1160/571
f 461/1163/571 647/1164/571 1051/1165/571 649/1166/571
f 1070/1167/571 1066/1168/571 649/1166/571 462/1169/571 656/1170/571
f 648/1171/571 1051/1165/571 1052/1172/571 651/1173/571
f 649/1166/571 1051/1165/571 648/1171/571 462/1169/571
s 0
f 676/1174/6 671/1175/6 1065/1176/6 1068/1177/6
s 1
f 464/1178/571 650/1179/571 1052/1172/571 652/1180/571
f 650/1179/571 463/1181/571 651/1173/571 1052/1172/571
f 459/1158/571 643/1157/571 1053/1152/571 653/1151/571
f 1053/1152/571 1054/1182/571 641/1183/571 642/1153/571
f 1069/1184/571 655/1185/571 458/1154/571 670/1186/571 1076/1187/571
f 646/1160/571 460/1162/571 654/1188/571 1054/1182/571
f 656/1170/571 644/1155/571 459/1158/571 465/1189/571
f 1067/1190/571 1071/1191/571 657/1192/571 463/1181/571 650/1179/571
f 658/1150/571 654/1188/571 460/1162/571 466/1193/571
f 457/1149/571 654/1188/571 658/1150/571
f 463/1181/571 657/1192/571 645/1161/571
f 458/1154/571 655/1185/571 653/1151/571
f 644/1155/571 656/1170/571 462/1169/571
f 1055/1194/6 581/1195/778 423/1196/779 610/1197/807
f 581/1195/778 1055/1194/6 1058/1198/6 582/1199/757
f 1056/1200/6 595/1201/804 429/1202/805 636/1203/861
f 595/1201/804 1056/1200/6 1057/1204/6 596/1205/783
f 1057/1204/6 609/1206/819 432/1207/780 596/1205/783
f 609/1206/819 1057/1204/6 1055/1194/6 610/1197/807
f 1058/1198/6 615/1208/839 426/1209/754 582/1199/757
f 615/1208/839 1058/1198/6 1059/1210/6 616/1211/823
f 1059/1210/6 625/1212/859 435/1213/820 616/1211/823
f 625/1212/859 1059/1210/6 1060/1214/6 626/1215/843
f 1056/1200/6 1062/1216/6 660/1217/6 443/1218/6 444/1219/6 441/1220/6 442/1221/6 445/1222/6 446/1223/6 659/1224/6 1061/1225/6 1060/1214/6 1059/1210/6 1058/1198/6 1055/1194/6 1057/1204/6
f 635/1226/871 1060/1214/6 1061/1225/6 1062/1216/6 1056/1200/6 636/1203/861
f 1060/1214/6 635/1226/871 438/1227/840 626/1215/843
f 1062/1216/6 1061/1225/6 659/1224/6 660/1217/6
f 441/1220/6 661/1228/6 662/1229/6 442/1221/6
f 662/1229/6 661/1228/6 447/1230/872 448/1231/6
f 443/1218/6 663/1232/6 664/1233/6 444/1219/6
f 664/1233/6 663/1232/6 449/1234/6 448/1231/6
f 444/1219/6 664/1233/6 661/1228/6 441/1220/6
f 661/1228/6 664/1233/6 448/1231/6 447/1230/872
f 442/1221/6 662/1229/6 665/1235/6 445/1222/6
f 665/1235/6 662/1229/6 448/1231/6 449/1234/6
f 445/1222/6 665/1235/6 666/1236/6 446/1223/6
f 666/1236/6 665/1235/6 449/1234/6 450/1237/873
f 660/1217/6 659/1224/6 446/1223/6 666/1236/6 663/1232/6 443/1218/6
f 663/1232/6 666/1236/6 450/1237/873 449/1234/6
f 641/1183/571 457/1149/571 667/1148/571 1063/1238/571
f 1063/1238/571 667/1148/571 467/1239/571 668/1240/571
f 668/1240/571 669/1241/571 1064/1242/571 1063/1238/571
f 1074/1243/571 1075/1244/571 669/1241/571 668/1240/571
f 645/1161/571 1050/1159/571 651/1173/571 463/1181/571
f 458/1154/571 642/1153/571 1064/1242/571 670/1186/571
f 670/1186/571 1064/1242/571 669/1241/571 468/1245/571
f 648/1171/571 651/1173/571 1050/1159/571 1049/1156/571
f 648/1171/571 1049/1156/571 644/1155/571 462/1169/571
f 451/1246/874 671/1247/875 1065/1248/571 672/1249/571
s 0
f 647/1250/372 652/1251/372 1068/1177/372 1065/1176/372
s 1
f 672/1249/571 1065/1248/571 647/1164/571 461/1163/571
f 673/1252/876 451/1246/874 672/1249/571 1066/1168/571
f 1066/1168/571 672/1249/571 461/1163/571 649/1166/571
f 1051/1165/571 647/1164/571 652/1180/571 1052/1172/571
f 452/1253/877 674/1254/878 1067/1190/571 675/1255/571
f 674/1254/878 680/1256/879 1071/1191/571 1067/1190/571
f 1053/1152/571 643/1157/571 646/1160/571 1054/1182/571
f 675/1255/571 1067/1190/571 650/1179/571 464/1178/571
f 676/1257/880 452/1253/877 675/1255/571 1068/1258/571
f 1068/1258/571 675/1255/571 464/1178/571 652/1180/571
f 677/1259/881 453/1260/882 678/1261/571 1069/1184/571
f 1069/1184/571 678/1261/571 465/1189/571 655/1185/571
f 465/1189/571 459/1158/571 653/1151/571 655/1185/571
f 453/1260/882 679/1262/883 1070/1167/571 678/1261/571
f 679/1262/883 673/1252/876 1066/1168/571 1070/1167/571
f 678/1261/571 1070/1167/571 656/1170/571 465/1189/571
f 680/1256/879 454/1263/884 681/1264/571 1071/1191/571
f 1071/1191/571 681/1264/571 466/1193/571 657/1192/571
f 466/1193/571 460/1162/571 645/1161/571 657/1192/571
f 454/1263/884 682/1265/885 1072/1146/571 681/1264/571
f 682/1265/885 683/1266/886 1073/1147/571 1072/1146/571
f 681/1264/571 1072/1146/571 658/1150/571 466/1193/571
f 1054/1182/571 654/1188/571 457/1149/571 641/1183/571
f 688/1267/887 677/1259/881 1069/1184/571 1076/1187/571
f 683/1266/886 455/1268/888 684/1269/571 1073/1147/571
f 1073/1147/571 684/1269/571 467/1239/571 667/1148/571
f 455/1268/888 685/1270/889 1074/1243/571 684/1269/571
f 685/1270/889 686/1271/890 1075/1244/571 1074/1243/571
f 684/1269/571 1074/1243/571 668/1240/571 467/1239/571
f 1004/1008/571 1089/1272/891 708/1273/892 588/1007/571
f 1063/1238/571 1064/1242/571 642/1153/571 641/1183/571
f 686/1271/890 456/1274/893 687/1275/571 1075/1244/571
f 1075/1244/571 687/1275/571 468/1245/571 669/1241/571
f 456/1274/893 688/1267/887 1076/1187/571 687/1275/571
f 687/1275/571 1076/1187/571 670/1186/571 468/1245/571
f 707/1276/894 712/1277/895 1094/1278/896 1090/1279/897
f 714/1280/898 719/1281/899 1100/1282/900 1096/1283/901
f 721/1284/902 710/1285/903 1092/1286/904 1101/1287/905
f 708/1273/892 1091/1288/906 1018/1062/571 588/1007/571
f 722/1289/907 724/1290/908 1106/1291/909 1103/1292/910
f 726/1293/911 728/1294/912 1110/1295/913 1107/1296/914
f 730/1297/915 717/1298/916 1098/1299/917 1111/1300/918
f 715/1001/763 1097/1301/919 1042/1134/571 602/1002/571
f 474/1302/920 689/1303/921 1077/1304/922 690/1305/923
f 689/1303/921 694/1306/924 1080/1307/925 1077/1304/922
f 690/1305/923 1077/1304/922 671/1308/875 451/1309/874
f 691/1310/926 474/1302/920 690/1305/923 1078/1311/927
f 1078/1311/927 690/1305/923 451/1309/874 673/1312/876
f 1082/1313/928 1078/1311/927 673/1312/876 679/1314/883
f 1077/1304/922 1080/1307/925 676/1315/880 671/1308/875
f 476/1316/929 692/1317/930 1079/1318/931 693/1319/932
f 692/1317/930 698/1320/904 1083/1321/933 1079/1318/931
f 693/1319/932 1079/1318/931 674/1322/878 452/1323/877
f 694/1306/924 476/1316/929 693/1319/932 1080/1307/925
f 1080/1307/925 693/1319/932 452/1323/877 676/1315/880
f 695/1324/934 480/1325/935 696/1326/935 1081/1327/934
f 1081/1327/934 696/1326/935 453/1328/882 677/1329/881
f 1088/1330/914 1081/1327/934 677/1329/881 688/1331/887
f 480/1332/935 697/1333/936 1082/1313/928 696/1334/935
f 697/1333/936 691/1310/926 1078/1311/927 1082/1313/928
f 696/1334/935 1082/1313/928 679/1314/883 453/1335/882
f 698/1320/904 470/1336/937 699/1337/937 1083/1321/933
f 1083/1321/933 699/1337/937 454/1338/884 680/1339/879
f 1079/1318/931 1083/1321/933 680/1339/879 674/1322/878
f 470/1336/937 700/1340/938 1084/1341/939 699/1337/937
f 700/1340/938 701/1342/940 1085/1343/941 1084/1341/939
f 699/1337/937 1084/1341/939 682/1344/885 454/1338/884
f 1084/1341/939 1085/1343/941 683/1345/886 682/1344/885
f 706/1346/914 695/1324/934 1081/1327/934 1088/1330/914
f 701/1342/940 472/1347/942 702/1348/942 1085/1343/941
f 1085/1343/941 702/1348/942 455/1349/888 683/1345/886
f 472/1347/942 703/1350/910 1086/1351/943 702/1348/942
f 703/1350/910 704/1352/944 1087/1353/945 1086/1351/943
f 702/1348/942 1086/1351/943 685/1354/889 455/1349/888
f 1086/1351/943 1087/1353/945 686/1355/890 685/1354/889
f 704/1352/944 478/1356/946 705/1357/946 1087/1353/945
f 1087/1353/945 705/1357/946 456/1358/893 686/1355/890
f 478/1356/946 706/1346/914 1088/1330/914 705/1357/946
f 705/1357/946 1088/1330/914 688/1331/887 456/1358/893
f 1089/1272/891 707/1359/894 469/1360/947 708/1273/892
f 1090/1279/897 1094/1278/896 701/1342/940 700/1340/938
f 1090/1279/897 700/1340/938 470/1336/937 709/1361/937
f 707/1276/894 1090/1279/897 709/1361/937 469/1362/947
f 708/1273/892 469/1360/947 710/1363/903 1091/1288/906
f 469/1362/947 709/1361/937 1092/1286/904 710/1285/903
f 709/1361/937 470/1336/937 698/1320/904 1092/1286/904
f 1102/1037/789 1091/1288/906 710/1363/903 721/1364/902
f 711/1063/810 471/1365/948 712/1366/895 1093/1367/949
f 711/1063/810 1093/1367/949 1002/998/571 585/997/571
f 471/1368/948 713/1369/942 1094/1278/896 712/1277/895
f 713/1369/942 472/1347/942 701/1342/940 1094/1278/896
f 1089/1272/891 1093/1367/949 712/1366/895 707/1359/894
f 1089/1272/891 1004/1008/571 1002/998/571 1093/1367/949
f 1095/1000/762 714/1370/898 473/1371/950 715/1001/763
f 1096/1283/901 1100/1282/900 694/1306/924 689/1303/921
f 1096/1283/901 689/1303/921 474/1302/920 716/1372/923
f 714/1280/898 1096/1283/901 716/1372/923 473/1373/950
f 715/1001/763 473/1371/950 717/1374/916 1097/1301/919
f 473/1373/950 716/1372/923 1098/1299/917 717/1298/916
f 716/1372/923 474/1302/920 691/1310/926 1098/1299/917
f 1112/1114/849 1097/1301/919 717/1374/916 730/1375/915
f 718/1035/788 475/1376/951 719/1377/899 1099/1378/952
f 718/1035/788 1099/1378/952 1010/1034/571 599/1033/571
f 475/1379/951 720/1380/929 1100/1282/900 719/1281/899
f 720/1380/929 476/1316/929 694/1306/924 1100/1282/900
f 1095/1000/762 1099/1378/952 719/1377/899 714/1370/898
f 1095/1000/762 1012/999/571 1010/1034/571 1099/1378/952
f 476/1316/929 720/1380/929 1101/1287/905 692/1317/930
f 720/1380/929 475/1379/951 721/1284/902 1101/1287/905
f 1101/1287/905 1092/1286/904 698/1320/904 692/1317/930
f 475/1376/951 718/1035/788 1102/1037/789 721/1364/902
f 1102/1037/789 1020/1036/571 1018/1062/571 1091/1288/906
f 472/1347/942 713/1369/942 1103/1292/910 703/1350/910
f 713/1369/942 471/1368/948 722/1289/907 1103/1292/910
f 1103/1292/910 1106/1291/909 704/1352/944 703/1350/910
f 471/1365/948 711/1063/810 1104/1065/811 722/1381/907
f 723/1086/828 477/1382/953 724/1383/908 1105/1384/954
f 723/1086/828 1105/1384/954 1026/1085/571 619/1084/571
f 477/1385/953 725/1386/946 1106/1291/909 724/1290/908
f 725/1386/946 478/1356/946 704/1352/944 1106/1291/909
f 1104/1065/811 1105/1384/954 724/1383/908 722/1381/907
f 1104/1065/811 1028/1064/571 1026/1085/571 1105/1384/954
f 478/1356/946 725/1386/946 1107/1296/914 706/1346/914
f 725/1386/946 477/1385/953 726/1293/911 1107/1296/914
f 1107/1296/914 1110/1295/913 695/1324/934 706/1346/914
f 477/1382/953 723/1086/828 1108/1088/829 726/1387/911
f 727/1112/848 479/1388/955 728/1389/912 1109/1390/956
f 727/1112/848 1109/1390/956 1034/1111/571 629/1110/571
f 479/1391/955 729/1392/935 1110/1295/913 728/1294/912
f 729/1392/935 480/1325/935 695/1324/934 1110/1295/913
f 1108/1088/829 1109/1390/956 728/1389/912 726/1387/911
f 1108/1088/829 1036/1087/571 1034/1111/571 1109/1390/956
f 480/1332/935 729/1393/935 1111/1300/918 697/1333/936
f 729/1393/935 479/1394/955 730/1297/915 1111/1300/918
f 1111/1300/918 1098/1299/917 691/1310/926 697/1333/936
f 479/1388/955 727/1112/848 1112/1114/849 730/1375/915
f 1112/1114/849 1044/1113/571 1042/1134/571 1097/1301/919
f 873/489/125 874/34/32 738/37/35 737/685/126
s 0
f 1149/1395/957 1139/1396/957 1138/1397/957 1152/1398/957
f 1142/1399/958 1154/1400/958 1155/1401/958 1143/1402/958
f 1145/1403/959 1135/1404/959 1134/1405/959 1148/1406/959
f 1341/1407/935 1342/1408/935 1140/1409/935 1150/1410/935 1382/1411/935
f 1350/1412/937 1349/1413/937 1153/1414/937 1141/1415/937
f 1365/1416/960 1151/1417/960 1137/1418/960 1366/1419/960
f 1141/1420/961 1142/1421/961 1143/1422/961 1144/1423/961 1366/1424/961 1373/1425/961 1350/1426/961
f 1357/1427/962 1132/1428/962 1160/1429/962 1358/1430/962
f 1121/1431/963 1122/1432/963 1281/1433/963 1282/1434/963
f 1146/1435/964 1136/1436/964 1135/1437/964 1145/1438/964
f 1133/1439/965 1147/1440/965 1148/1406/965 1134/1405/965
f 1150/1410/966 1140/1409/966 1139/1441/966 1149/1442/966
f 1137/1418/967 1151/1417/967 1152/1398/967 1138/1397/967
f 1141/1415/968 1153/1414/968 1154/1443/968 1142/1444/968
f 1156/1445/969 1144/1446/969 1143/1402/969 1155/1401/969
f 1129/1447/970 1157/1448/970 1158/1449/970 1130/1450/970
f 1160/1429/971 1132/1428/971 1131/1451/971 1159/1452/971
f 1130/1453/972 1158/1454/972 1159/1452/972 1131/1451/972
f 1118/1455/973 1117/1456/973 1146/1435/973 1145/1438/973
f 1120/1457/973 1119/1458/973 1148/1406/973 1147/1440/973
f 1122/1459/973 1121/1460/973 1150/1410/973 1149/1442/973
f 1124/1461/973 1123/1462/973 1152/1398/973 1151/1417/973
f 1128/1463/973 1127/1464/973 1154/1443/973 1153/1414/973
f 1126/1465/973 1125/1466/973 1156/1445/973 1155/1401/973
f 1116/1467/973 1115/1468/973 1158/1449/973 1157/1448/973
f 1114/1469/973 1113/1470/973 1160/1429/973 1159/1452/973
f 1115/1471/973 1114/1469/973 1159/1452/973 1158/1454/973
f 1359/1472/973 1120/1457/973 1147/1440/973 1358/1430/973
f 1351/1473/973 1128/1463/973 1153/1414/973 1349/1413/973
f 1119/1458/973 1118/1474/973 1145/1403/973 1148/1406/973
f 1343/1475/973 1116/1467/973 1157/1448/973 1341/1407/973
f 1123/1462/973 1122/1476/973 1149/1395/973 1152/1398/973
f 1367/1477/973 1124/1461/973 1151/1417/973 1365/1416/973
f 1127/1478/973 1126/1465/973 1155/1401/973 1154/1400/973
f 1162/1479/973 1390/1480/973 1392/1481/973 1354/1482/973
f 1351/1483/935 1117/1484/935 1278/1485/935 1352/1486/935
f 1123/1487/974 1124/1488/974 1283/1489/974 1284/1490/974
f 1118/1491/975 1119/1492/975 1280/1493/975 1277/1494/975
f 1127/1495/976 1128/1496/976 1285/1497/976 1286/1498/976
f 1343/1499/937 1381/1500/937 1379/1501/937 1344/1502/937
f 1125/1503/977 1126/1504/977 1287/1505/977 1288/1506/977
f 1122/1432/978 1123/1487/978 1284/1490/978 1281/1433/978
f 1115/1507/979 1116/1508/979 1289/1509/979 1290/1510/979
f 1367/1511/962 1125/1503/962 1288/1506/962 1368/1512/962
f 1113/1513/980 1114/1514/980 1291/1515/980 1292/1516/980
f 1117/1484/981 1118/1517/981 1277/1518/981 1278/1485/981
f 1126/1504/982 1127/1495/982 1286/1498/982 1287/1505/982
f 1114/1514/983 1115/1507/983 1290/1510/983 1291/1515/983
f 1119/1492/984 1120/1519/984 1279/1520/984 1280/1493/984
f 1359/1521/960 1113/1513/960 1292/1516/960 1360/1522/960
f 1197/1523/985 1195/1524/985 1180/1525/985 1179/1526/985
f 1210/1527/986 1207/1528/986 1184/1529/986 1183/1530/986
f 1204/1531/987 1202/1532/987 1182/1533/987 1181/1534/987
f 1221/1535/988 1218/1536/988 1178/1537/988 1177/1538/988
f 1216/1539/989 1204/1540/989 1181/1541/989 1208/1542/989
f 1226/1543/990 1203/1544/990 1178/1545/990 1218/1546/990
f 1224/1547/991 1195/1548/991 1186/1549/991 1222/1550/991
f 1214/1551/992 1196/1552/992 1187/1553/992 1212/1554/992
f 1196/1555/993 1198/1556/993 1188/1557/993 1187/1558/993
f 1201/1559/994 1203/1560/994 1186/1561/994 1185/1562/994
f 1223/1563/995 1199/1564/995 1194/1565/995 1219/1566/995
f 1213/1567/996 1200/1568/996 1193/1569/996 1209/1570/996
f 1215/1571/997 1205/1572/997 1192/1573/997 1211/1574/997
f 1225/1575/998 1206/1576/998 1191/1577/998 1221/1578/998
f 1208/1579/999 1211/1580/999 1192/1581/999 1191/1582/999
f 1217/1583/1000 1220/1584/1000 1190/1585/1000 1189/1586/1000
f 1207/1587/1001 1190/1588/1001 1200/1568/1001 1213/1567/1001
f 1217/1589/1002 1189/1590/1002 1199/1564/1002 1223/1563/1002
f 1183/1530/1003 1184/1529/1003 1198/1556/1003 1196/1555/1003
f 1210/1591/1004 1183/1592/1004 1196/1552/1004 1214/1551/1004
f 1220/1593/1005 1180/1594/1005 1195/1548/1005 1224/1547/1005
f 1185/1595/1006 1186/1596/1006 1195/1524/1006 1197/1523/1006
f 1219/1566/1007 1194/1565/1007 1206/1576/1007 1225/1575/1007
f 1209/1570/1008 1193/1569/1008 1205/1572/1008 1215/1571/1008
f 1177/1538/1009 1178/1537/1009 1203/1560/1009 1201/1559/1009
f 1222/1550/1010 1186/1549/1010 1203/1544/1010 1226/1543/1010
f 1212/1554/1011 1187/1553/1011 1204/1540/1011 1216/1539/1011
f 1187/1558/1012 1188/1557/1012 1202/1532/1012 1204/1531/1012
f 1194/1565/1013 1212/1554/1013 1216/1539/1013 1206/1576/1013
f 1188/1597/1014 1209/1570/1014 1215/1571/1014 1202/1598/1014
f 1189/1590/1015 1210/1591/1015 1214/1551/1015 1199/1564/1015
f 1184/1599/1016 1207/1587/1016 1213/1567/1016 1198/1600/1016
f 1181/1534/1017 1182/1533/1017 1211/1580/1017 1208/1579/1017
f 1202/1598/1018 1215/1571/1018 1211/1574/1018 1182/1601/1018
f 1198/1600/1019 1213/1567/1019 1209/1570/1019 1188/1597/1019
f 1199/1564/1020 1214/1551/1020 1212/1554/1020 1194/1565/1020
f 1206/1576/1021 1216/1539/1021 1208/1542/1021 1191/1577/1021
f 1189/1586/1022 1190/1585/1022 1207/1528/1022 1210/1527/1022
f 1193/1569/1023 1222/1550/1023 1226/1543/1023 1205/1572/1023
f 1185/1602/1024 1219/1566/1024 1225/1575/1024 1201/1603/1024
f 1190/1588/1025 1220/1593/1025 1224/1547/1025 1200/1568/1025
f 1179/1604/1026 1217/1589/1026 1223/1563/1026 1197/1605/1026
f 1179/1526/1027 1180/1525/1027 1220/1584/1027 1217/1583/1027
f 1201/1603/1028 1225/1575/1028 1221/1578/1028 1177/1606/1028
f 1197/1605/1029 1223/1563/1029 1219/1566/1029 1185/1602/1029
f 1200/1568/1030 1224/1547/1030 1222/1550/1030 1193/1569/1030
f 1205/1572/1031 1226/1543/1031 1218/1546/1031 1192/1573/1031
f 1191/1582/1032 1192/1581/1032 1218/1536/1032 1221/1535/1032
f 1247/1607/985 1245/1608/985 1230/1609/985 1229/1610/985
f 1260/1611/986 1257/1612/986 1234/1613/986 1233/1614/986
f 1254/1615/987 1252/1616/987 1232/1617/987 1231/1618/987
f 1271/1619/988 1268/1620/988 1228/1621/988 1227/1622/988
f 1266/1623/989 1254/1624/989 1231/1625/989 1258/1626/989
f 1276/1627/990 1253/1628/990 1228/1629/990 1268/1630/990
f 1274/1631/991 1245/1632/991 1236/1633/991 1272/1634/991
f 1264/1635/992 1246/1636/992 1237/1637/992 1262/1638/992
f 1246/1639/993 1248/1640/993 1238/1641/993 1237/1642/993
f 1251/1643/994 1253/1644/994 1236/1645/994 1235/1646/994
f 1273/1647/995 1249/1648/995 1244/1649/995 1269/1650/995
f 1263/1651/996 1250/1652/996 1243/1653/996 1259/1654/996
f 1265/1655/997 1255/1656/997 1242/1657/997 1261/1658/997
f 1275/1659/998 1256/1660/998 1241/1661/998 1271/1662/998
f 1258/1663/999 1261/1664/999 1242/1665/999 1241/1666/999
f 1267/1667/1000 1270/1668/1000 1240/1669/1000 1239/1670/1000
f 1257/1671/1001 1240/1672/1001 1250/1652/1001 1263/1651/1001
f 1267/1673/1002 1239/1674/1002 1249/1648/1002 1273/1647/1002
f 1233/1614/1003 1234/1613/1003 1248/1640/1003 1246/1639/1003
f 1260/1675/1004 1233/1676/1004 1246/1636/1004 1264/1635/1004
f 1270/1677/1005 1230/1678/1005 1245/1632/1005 1274/1631/1005
f 1235/1679/1006 1236/1680/1006 1245/1608/1006 1247/1607/1006
f 1269/1650/1007 1244/1649/1007 1256/1660/1007 1275/1659/1007
f 1259/1654/1008 1243/1653/1008 1255/1656/1008 1265/1655/1008
f 1227/1622/1009 1228/1621/1009 1253/1644/1009 1251/1643/1009
f 1272/1634/1010 1236/1633/1010 1253/1628/1010 1276/1627/1010
f 1262/1638/1011 1237/1637/1011 1254/1624/1011 1266/1623/1011
f 1237/1642/1012 1238/1641/1012 1252/1616/1012 1254/1615/1012
f 1244/1649/1033 1262/1638/1033 1266/1623/1033 1256/1660/1033
f 1238/1681/1014 1259/1654/1014 1265/1655/1014 1252/1682/1014
f 1239/1674/1015 1260/1675/1015 1264/1635/1015 1249/1648/1015
f 1234/1683/1016 1257/1671/1016 1263/1651/1016 1248/1684/1016
f 1231/1618/1017 1232/1617/1017 1261/1664/1017 1258/1663/1017
f 1252/1682/1018 1265/1655/1018 1261/1658/1018 1232/1685/1018
f 1248/1684/1019 1263/1651/1019 1259/1654/1019 1238/1681/1019
f 1249/1648/1034 1264/1635/1034 1262/1638/1034 1244/1649/1034
f 1256/1660/1021 1266/1623/1021 1258/1626/1021 1241/1661/1021
f 1239/1670/1022 1240/1669/1022 1257/1612/1022 1260/1611/1022
f 1243/1653/1023 1272/1634/1023 1276/1627/1023 1255/1656/1023
f 1235/1686/1024 1269/1650/1024 1275/1659/1024 1251/1687/1024
f 1240/1672/1025 1270/1677/1025 1274/1631/1025 1250/1652/1025
f 1229/1688/1026 1267/1673/1026 1273/1647/1026 1247/1689/1026
f 1229/1610/1027 1230/1609/1027 1270/1668/1027 1267/1667/1027
f 1251/1687/1028 1275/1659/1028 1271/1662/1028 1227/1690/1028
f 1247/1689/1029 1273/1647/1029 1269/1650/1029 1235/1686/1029
f 1250/1652/1030 1274/1631/1030 1272/1634/1030 1243/1653/1030
f 1255/1656/1031 1276/1627/1031 1268/1630/1031 1242/1657/1031
f 1241/1666/1032 1242/1665/1032 1268/1620/1032 1271/1619/1032
f 1293/1691/973 1294/1692/973 1278/1693/973 1277/1694/973
f 1295/1695/973 1296/1696/973 1280/1697/973 1279/1698/973
f 1297/1699/973 1298/1700/973 1282/1701/973 1281/1702/973
f 1299/1703/973 1300/1704/973 1284/1705/973 1283/1706/973
f 1301/1707/973 1302/1708/973 1286/1709/973 1285/1710/973
f 1303/1711/973 1304/1712/973 1288/1713/973 1287/1714/973
f 1305/1715/973 1306/1716/973 1290/1717/973 1289/1718/973
f 1307/1719/973 1308/1720/973 1292/1721/973 1291/1722/973
f 1306/1716/973 1307/1719/973 1291/1722/973 1290/1717/973
f 1361/1723/973 1295/1695/973 1279/1698/973 1360/1724/973
f 1353/1725/973 1301/1707/973 1285/1710/973 1352/1726/973
f 1296/1696/973 1293/1691/973 1277/1694/973 1280/1697/973
f 1345/1727/973 1305/1715/973 1289/1718/973 1344/1728/973
f 1300/1704/973 1297/1699/973 1281/1702/973 1284/1705/973
f 1369/1729/973 1299/1703/973 1283/1706/973 1368/1730/973
f 1302/1708/973 1303/1711/973 1287/1714/973 1286/1709/973
f 1163/1731/1035 1164/1732/1035 1328/1733/1035 1327/1734/1035
f 1306/1735/1036 1305/1736/1036 1321/1737/1036 1322/1738/1036
f 1370/1739/1037 1167/1740/1037 1331/1741/1037 1372/1742/1037
f 1161/1743/1038 1162/1744/1038 1326/1745/1038 1325/1746/1038
f 1304/1747/1039 1303/1748/1039 1319/1749/1039 1320/1750/1039
f 1168/1751/1040 1165/1752/1040 1329/1753/1040 1332/1754/1040
f 1302/1755/1041 1301/1756/1041 1317/1757/1041 1318/1758/1041
f 1346/1759/937 1173/1760/937 1337/1761/937 1348/1762/937
f 1300/1763/1042 1299/1764/1042 1315/1765/1042 1316/1766/1042
f 1164/1732/1043 1161/1743/1043 1325/1746/1043 1328/1733/1043
f 1298/1767/1044 1297/1768/1044 1313/1769/1044 1314/1770/1044
f 1354/1771/935 1169/1772/935 1333/1773/935 1356/1774/935
f 1303/1748/1045 1302/1755/1045 1318/1758/1045 1319/1749/1045
f 1296/1775/1046 1295/1776/1046 1311/1777/1046 1312/1778/1046
f 1362/1779/1047 1163/1731/1047 1327/1734/1047 1364/1780/1047
f 1369/1781/960 1304/1747/960 1320/1750/960 1371/1782/960
f 1325/1783/973 1326/1784/973 1310/1785/973 1309/1786/973
f 1327/1787/973 1328/1788/973 1312/1789/973 1311/1790/973
f 1329/1791/973 1330/1792/973 1314/1793/973 1313/1794/973
f 1331/1795/973 1332/1796/973 1316/1797/973 1315/1798/973
f 1333/1799/973 1334/1800/973 1318/1801/973 1317/1802/973
f 1335/1803/973 1336/1804/973 1320/1805/973 1319/1806/973
f 1337/1807/973 1338/1808/973 1322/1809/973 1321/1810/973
f 1339/1811/973 1340/1812/973 1324/1813/973 1323/1814/973
f 1338/1808/973 1339/1811/973 1323/1814/973 1322/1809/973
f 1364/1815/973 1327/1787/973 1311/1790/973 1363/1816/973
f 1356/1817/973 1333/1799/973 1317/1802/973 1355/1818/973
f 1328/1788/973 1325/1783/973 1309/1786/973 1312/1789/973
f 1348/1819/973 1337/1807/973 1321/1810/973 1347/1820/973
f 1332/1796/973 1329/1791/973 1313/1794/973 1316/1797/973
f 1372/1821/973 1331/1795/973 1315/1798/973 1371/1822/973
f 1334/1800/973 1335/1803/973 1319/1806/973 1318/1801/973
f 1170/1823/1048 1171/1824/1048 1335/1825/1048 1334/1826/1048
f 1308/1827/1049 1307/1828/1049 1323/1829/1049 1324/1830/1049
f 1165/1752/1050 1166/1831/1050 1330/1832/1050 1329/1753/1050
f 1307/1828/1051 1306/1735/1051 1322/1738/1051 1323/1829/1051
f 1167/1740/1052 1168/1751/1052 1332/1754/1052 1331/1741/1052
f 1361/1833/962 1308/1827/962 1324/1830/962 1363/1834/962
f 1169/1772/1053 1170/1835/1053 1334/1836/1053 1333/1773/1053
f 1353/1837/937 1294/1838/937 1310/1839/937 1355/1840/937
f 1171/1824/1054 1172/1841/1054 1336/1842/1054 1335/1825/1054
f 1293/1843/1055 1296/1775/1055 1312/1778/1055 1309/1844/1055
f 1173/1760/1056 1174/1845/1056 1338/1846/1056 1337/1761/1056
f 1345/1847/935 1298/1767/935 1314/1770/935 1347/1848/935
f 1175/1849/1057 1176/1850/1057 1340/1851/1057 1339/1852/1057
f 1297/1768/1058 1300/1763/1058 1316/1766/1058 1313/1769/1058
f 1174/1845/1059 1175/1849/1059 1339/1852/1059 1338/1846/1059
f 1294/1838/1060 1293/1843/1060 1309/1844/1060 1310/1839/1060
f 1305/1736/935 1345/1847/935 1347/1848/935 1321/1737/935
f 1330/1792/973 1374/1853/973 1348/1819/973 1347/1820/973 1314/1793/973
f 1166/1831/937 1346/1759/937 1374/1854/937 1330/1832/937
f 1298/1700/973 1345/1727/973 1344/1728/973 1379/1855/973 1282/1701/973
f 1116/1508/937 1343/1499/937 1344/1502/937 1289/1509/937
f 1121/1460/973 1381/1856/973 1382/1411/973 1150/1410/973
f 1157/1448/935 1129/1447/935 1342/1408/935 1341/1407/935
f 1301/1756/937 1353/1837/937 1355/1840/937 1317/1757/937
f 1326/1784/973 1356/1817/973 1355/1818/973 1310/1785/973
f 1162/1744/935 1354/1771/935 1356/1774/935 1326/1745/935
f 1294/1692/973 1353/1725/973 1352/1726/973 1278/1693/973
f 1128/1496/935 1351/1483/935 1352/1486/935 1285/1497/935
f 1117/1456/973 1351/1473/973 1349/1413/973 1146/1435/973
f 1136/1436/937 1146/1435/937 1349/1413/937 1350/1412/937
f 1295/1776/962 1361/1833/962 1363/1834/962 1311/1777/962
f 1340/1812/973 1364/1815/973 1363/1816/973 1324/1813/973
f 1176/1850/1047 1362/1779/1047 1364/1780/1047 1340/1851/1047
f 1308/1720/973 1361/1723/973 1360/1724/973 1292/1721/973
f 1120/1519/960 1359/1521/960 1360/1522/960 1279/1520/960
f 1113/1470/973 1359/1472/973 1358/1430/973 1160/1429/973
f 1133/1439/962 1357/1427/962 1358/1430/962 1147/1440/962
f 1336/1804/973 1372/1821/973 1371/1822/973 1320/1805/973
f 1299/1764/960 1369/1781/960 1371/1782/960 1315/1765/960
f 1172/1841/1037 1370/1739/1037 1372/1742/1037 1336/1842/1037
f 1304/1712/973 1369/1729/973 1368/1730/973 1288/1713/973
f 1124/1488/962 1367/1511/962 1368/1512/962 1283/1489/962
f 1125/1466/973 1367/1477/973 1365/1416/973 1156/1445/973
f 1156/1445/960 1365/1416/960 1366/1419/960 1144/1446/960
f 1357/1857/961 1373/1425/961 1342/1858/961 1129/1859/961 1130/1860/961 1131/1861/961 1132/1862/961
f 1342/1858/961 1373/1425/961 1366/1424/961 1137/1863/961 1138/1864/961 1139/1865/961 1140/1866/961
f 1350/1426/961 1373/1425/961 1357/1857/961 1133/1867/961 1134/1868/961 1135/1869/961 1136/1870/961
f 1354/1482/973 1392/1481/973 1388/1871/973 1169/1872/973
f 1170/1873/973 1389/1874/973 1172/1875/973 1171/1876/973
f 1370/1877/973 1376/1878/973 1378/1879/973 1167/1880/973
f 1167/1880/973 1378/1879/973 1165/1881/973 1168/1882/973
f 1165/1881/973 1378/1879/973 1383/1883/973 1166/1884/973
f 1346/1885/973 1377/1886/973 1386/1887/973 1173/1888/973
f 1176/1889/973 1384/1890/973 1385/1891/973 1362/1892/973
f 1377/1886/973 1383/1883/973 1380/1893/973 1375/1894/973
f 1374/1854/937 1346/1759/937 1348/1762/937
f 1169/1872/973 1388/1871/973 1389/1874/973 1170/1873/973
f 1382/1411/973 1381/1856/973 1343/1475/973 1341/1407/973
f 1379/1501/937 1381/1500/937 1121/1431/937 1282/1434/937
f 1380/1893/973 1383/1883/973 1378/1879/973 1376/1878/973
f 1166/1884/973 1383/1883/973 1377/1886/973 1346/1885/973
f 1385/1891/973 1391/1895/973 1163/1896/973 1362/1892/973
f 1174/1897/973 1384/1890/973 1176/1889/973 1175/1898/973
f 1385/1891/973 1384/1890/973 1386/1887/973 1387/1899/973
f 1173/1888/973 1386/1887/973 1384/1890/973 1174/1897/973
f 1387/1899/973 1390/1480/973 1391/1895/973 1385/1891/973
f 1387/1899/973 1386/1887/973 1377/1886/973 1375/1894/973
f 1172/1875/973 1389/1874/973 1376/1878/973 1370/1877/973
f 1389/1874/973 1388/1871/973 1380/1893/973 1376/1878/973
f 1392/1481/973 1390/1480/973 1387/1899/973 1375/1894/973
f 1388/1871/973 1392/1481/973 1375/1894/973 1380/1893/973
f 1163/1896/973 1391/1895/973 1161/1900/973 1164/1901/973
f 1391/1895/973 1390/1480/973 1162/1479/973 1161/1900/973
f 1413/1902/1061 1411/1903/1061 1396/1904/1061 1395/1905/1061
f 1426/1906/1062 1423/1907/1062 1400/1908/1062 1399/1909/1062
f 1420/1910/1063 1418/1911/1063 1398/1912/1063 1397/1913/1063
f 1437/1914/1064 1434/1915/1064 1394/1916/1064 1393/1917/1064
f 1432/1918/1065 1420/1919/1065 1397/1920/1065 1424/1921/1065
f 1442/1922/1066 1419/1923/1066 1394/1924/1066 1434/1925/1066
f 1440/1926/1067 1411/1927/1067 1402/1928/1067 1438/1929/1067
f 1430/1930/1068 1412/1931/1068 1403/1932/1068 1428/1933/1068
f 1412/1934/1069 1414/1935/1069 1404/1936/1069 1403/1937/1069
f 1417/1938/1070 1419/1939/1070 1402/1940/1070 1401/1941/1070
f 1439/1942/1071 1415/1943/1071 1410/1944/1071 1435/1945/1071
f 1429/1946/1072 1416/1947/1072 1409/1948/1072 1425/1949/1072
f 1431/1950/1073 1421/1951/1073 1408/1952/1073 1427/1953/1073
f 1441/1954/1074 1422/1955/1074 1407/1956/1074 1437/1957/1074
f 1424/1958/1075 1427/1959/1075 1408/1960/1075 1407/1961/1075
f 1433/1962/1076 1436/1963/1076 1406/1964/1076 1405/1965/1076
f 1423/1966/1077 1406/1967/1077 1416/1947/1077 1429/1946/1077
f 1433/1968/1078 1405/1969/1078 1415/1943/1078 1439/1942/1078
f 1399/1909/1079 1400/1908/1079 1414/1935/1079 1412/1934/1079
f 1426/1970/1080 1399/1971/1080 1412/1931/1080 1430/1930/1080
f 1436/1972/1081 1396/1973/1081 1411/1927/1081 1440/1926/1081
f 1401/1941/1082 1402/1940/1082 1411/1903/1082 1413/1902/1082
f 1435/1945/1083 1410/1944/1083 1422/1955/1083 1441/1954/1083
f 1425/1949/1084 1409/1948/1084 1421/1951/1084 1431/1950/1084
f 1393/1917/1085 1394/1916/1085 1419/1939/1085 1417/1938/1085
f 1438/1929/1086 1402/1928/1086 1419/1923/1086 1442/1922/1086
f 1428/1933/1087 1403/1932/1087 1420/1919/1087 1432/1918/1087
f 1403/1974/1088 1404/1975/1088 1418/1911/1088 1420/1910/1088
f 1410/1944/1089 1428/1933/1089 1432/1918/1089 1422/1955/1089
f 1404/1976/1090 1425/1949/1090 1431/1950/1090 1418/1977/1090
f 1405/1969/1091 1426/1970/1091 1430/1930/1091 1415/1943/1091
f 1400/1978/1092 1423/1966/1092 1429/1946/1092 1414/1979/1092
f 1397/1913/1093 1398/1912/1093 1427/1959/1093 1424/1958/1093
f 1418/1977/1094 1431/1950/1094 1427/1953/1094 1398/1980/1094
f 1414/1979/1095 1429/1946/1095 1425/1949/1095 1404/1976/1095
f 1415/1943/1096 1430/1930/1096 1428/1933/1096 1410/1944/1096
f 1422/1955/1097 1432/1918/1097 1424/1921/1097 1407/1956/1097
f 1405/1965/1098 1406/1964/1098 1423/1907/1098 1426/1906/1098
f 1409/1948/1099 1438/1929/1099 1442/1922/1099 1421/1951/1099
f 1401/1981/1100 1435/1945/1100 1441/1954/1100 1417/1982/1100
f 1406/1967/1101 1436/1972/1101 1440/1926/1101 1416/1947/1101
f 1395/1983/1102 1433/1968/1102 1439/1942/1102 1413/1984/1102
f 1395/1905/1103 1396/1904/1103 1436/1963/1103 1433/1962/1103
f 1417/1982/1104 1441/1954/1104 1437/1957/1104 1393/1985/1104
f 1413/1984/1105 1439/1942/1105 1435/1945/1105 1401/1981/1105
f 1416/1947/1106 1440/1926/1106 1438/1929/1106 1409/1948/1106
f 1421/1951/1107 1442/1922/1107 1434/1925/1107 1408/1952/1107
f 1407/1961/1108 1408/1960/1108 1434/1915/1108 1437/1914/1108
s 1
f 671/1986/1109 676/1987/1110 1068/1988/630 652/1989/630 647/1990/630 1065/1991/630
f 1446/1992/1111 1511/1993/1112 1656/1994/1113 1502/1995/1114
f 1503/1996/1115 1447/1997/1116 1504/1998/1117 1651/1999/1118
f 1504/1998/1117 1447/1997/1116 1505/2000/1119 1652/2001/1119
f 1662/2002/1119 1745/2003/1120 1635/2004/1121 1522/2005/1119
f 1653/2006/1122 1506/2007/1123 1444/2008/1124 1507/2009/1125
f 1504/1998/1117 1506/2007/1123 1653/2006/1122 1651/1999/1118
f 1508/2010/1119 1444/2008/1124 1506/2007/1123 1654/2011/1119
f 1513/2012/1126 1658/2013/1127 1656/1994/1113 1509/2014/1128
f 1655/2015/1129 1509/2016/1128 1448/2017/1130 1510/2018/1131
f 1651/1999/1118 1655/2015/1129 1510/2018/1131 1503/1996/1115
f 1511/1993/1112 1448/2019/1130 1509/2014/1128 1656/1994/1113
f 1513/2020/1126 1509/2016/1128 1655/2015/1129 1657/2021/1132
f 1651/1999/1118 1653/2006/1122 1657/2021/1132 1655/2015/1129
f 1507/2009/1125 1512/2022/1133 1657/2021/1132 1653/2006/1122
f 1504/1998/1117 1652/2001/1119 1654/2011/1119 1506/2007/1123
f 1512/2022/1133 1445/2023/1134 1513/2020/1126 1657/2021/1132
f 1513/2012/1126 1445/2024/1134 1514/2025/1135 1658/2013/1127
f 1501/2026/1136 1502/1995/1114 1656/1994/1113 1658/2013/1127
f 1501/2026/1136 1658/2013/1127 1514/2025/1135 1443/2027/1137
f 1452/2028/1138 1525/2029/1139 1664/2030/1140 1516/2031/1141
f 1517/2032/1142 1453/2033/1143 1518/2034/1144 1659/2035/1145
f 1518/2034/1144 1453/2033/1143 1519/2036/1119 1660/2037/1119
f 1638/2038/1146 1519/2036/1119 1670/2039/1119 1752/2040/1147
f 1661/2041/1148 1520/2042/1149 1450/2043/1150 1521/2044/1151
f 1518/2034/1144 1520/2042/1149 1661/2041/1148 1659/2035/1145
f 1522/2005/1119 1450/2043/1150 1520/2042/1149 1662/2002/1119
f 1527/2045/1152 1666/2046/1153 1664/2030/1140 1523/2047/1154
f 1663/2048/1155 1523/2049/1154 1454/2050/1156 1524/2051/1157
f 1659/2035/1145 1663/2048/1155 1524/2051/1157 1517/2032/1142
f 1525/2029/1139 1454/2052/1156 1523/2047/1154 1664/2030/1140
f 1527/2053/1152 1523/2049/1154 1663/2048/1155 1665/2054/1158
f 1659/2035/1145 1661/2041/1148 1665/2054/1158 1663/2048/1155
f 1521/2044/1151 1526/2055/1159 1665/2054/1158 1661/2041/1148
f 1518/2034/1144 1660/2037/1119 1662/2002/1119 1520/2042/1149
f 1526/2055/1159 1451/2056/1160 1527/2053/1152 1665/2054/1158
f 1527/2045/1152 1451/2057/1160 1528/2058/1161 1666/2046/1153
f 1515/2059/1162 1516/2031/1141 1664/2030/1140 1666/2046/1153
f 1515/2059/1162 1666/2046/1153 1528/2058/1161 1449/2060/1163
f 1443/2027/1137 1514/2025/1135 1672/2061/1164 1530/2062/1165
f 1507/2009/1125 1444/2008/1124 1531/2063/1166 1667/2064/1167
f 1531/2063/1166 1444/2008/1124 1508/2010/1119 1668/2065/1119
f 1631/2066/1168 1505/2000/1119 1678/2067/1119 1754/2068/1169
f 1669/2069/1170 1532/2070/1171 1453/2033/1143 1517/2032/1142
f 1531/2063/1166 1532/2070/1171 1669/2069/1170 1667/2064/1167
f 1519/2036/1119 1453/2033/1143 1532/2070/1171 1670/2039/1119
f 1534/2071/1172 1674/2072/1173 1672/2061/1164 1533/2073/1174
f 1671/2074/1175 1533/2075/1174 1445/2023/1134 1512/2022/1133
f 1667/2064/1167 1671/2074/1175 1512/2022/1133 1507/2009/1125
f 1514/2025/1135 1445/2024/1134 1533/2073/1174 1672/2061/1164
f 1534/2076/1172 1533/2075/1174 1671/2074/1175 1673/2077/1176
f 1667/2064/1167 1669/2069/1170 1673/2077/1176 1671/2074/1175
f 1517/2032/1142 1524/2051/1157 1673/2077/1176 1669/2069/1170
f 1531/2063/1166 1668/2065/1119 1670/2039/1119 1532/2070/1171
f 1524/2051/1157 1454/2050/1156 1534/2076/1172 1673/2077/1176
f 1534/2071/1172 1454/2052/1156 1525/2029/1139 1674/2072/1173
f 1529/2078/1177 1530/2062/1165 1672/2061/1164 1674/2072/1173
f 1529/2078/1177 1674/2072/1173 1525/2029/1139 1452/2028/1138
f 1455/2079/1178 1543/2080/1179 1680/2081/1180 1536/2082/1181
f 1537/2083/1182 1456/2084/1183 1538/2085/1184 1675/2086/1185
f 1538/2085/1184 1456/2084/1183 1539/2087/1119 1676/2088/1119
f 1643/2089/1186 1539/2087/1119 1686/2090/1119 1758/2091/1187
f 1677/2092/1188 1540/2093/1189 1447/1997/1116 1503/1996/1115
f 1538/2085/1184 1540/2093/1189 1677/2092/1188 1675/2086/1185
f 1505/2000/1119 1447/1997/1116 1540/2093/1189 1678/2067/1119
f 1544/2094/1190 1682/2095/1191 1680/2081/1180 1541/2096/1192
f 1679/2097/1193 1541/2098/1192 1457/2099/1194 1542/2100/1195
f 1675/2086/1185 1679/2097/1193 1542/2100/1195 1537/2083/1182
f 1543/2080/1179 1457/2101/1194 1541/2096/1192 1680/2081/1180
f 1544/2102/1190 1541/2098/1192 1679/2097/1193 1681/2103/1196
f 1675/2086/1185 1677/2092/1188 1681/2103/1196 1679/2097/1193
f 1503/1996/1115 1510/2018/1131 1681/2103/1196 1677/2092/1188
f 1538/2085/1184 1676/2088/1119 1678/2067/1119 1540/2093/1189
f 1510/2018/1131 1448/2017/1130 1544/2102/1190 1681/2103/1196
f 1544/2094/1190 1448/2019/1130 1511/1993/1112 1682/2095/1191
f 1535/2104/1197 1536/2082/1181 1680/2081/1180 1682/2095/1191
f 1535/2104/1197 1682/2095/1191 1511/1993/1112 1446/1992/1111
f 1458/2105/1198 1553/2106/1199 1688/2107/1200 1546/2108/1201
f 1547/2109/1202 1459/2110/1203 1548/2111/1204 1683/2112/1205
f 1548/2111/1204 1459/2110/1203 1549/2113/1119 1684/2114/1119
f 1647/2115/1206 1549/2113/1119 1694/2116/1119 1762/2117/1207
f 1685/2118/1208 1550/2119/1209 1456/2084/1183 1537/2083/1182
f 1548/2111/1204 1550/2119/1209 1685/2118/1208 1683/2112/1205
f 1539/2087/1119 1456/2084/1183 1550/2119/1209 1686/2090/1119
f 1554/2120/1210 1690/2121/1211 1688/2107/1200 1551/2122/1212
f 1687/2123/1213 1551/2124/1212 1460/2125/1214 1552/2126/1215
f 1683/2112/1205 1687/2123/1213 1552/2126/1215 1547/2109/1202
f 1553/2106/1199 1460/2127/1214 1551/2122/1212 1688/2107/1200
f 1554/2128/1210 1551/2124/1212 1687/2123/1213 1689/2129/1216
f 1683/2112/1205 1685/2118/1208 1689/2129/1216 1687/2123/1213
f 1537/2083/1182 1542/2100/1195 1689/2129/1216 1685/2118/1208
f 1548/2111/1204 1684/2114/1119 1686/2090/1119 1550/2119/1209
f 1542/2100/1195 1457/2099/1194 1554/2128/1210 1689/2129/1216
f 1554/2120/1210 1457/2101/1194 1543/2080/1179 1690/2121/1211
f 1545/2130/1217 1546/2108/1201 1688/2107/1200 1690/2121/1211
f 1545/2130/1217 1690/2121/1211 1543/2080/1179 1455/2079/1178
f 1449/2131/1163 1528/2132/1161 1696/2133/1218 1556/2134/1219
f 1521/2044/1151 1450/2043/1150 1557/2135/1220 1691/2136/1221
f 1557/2135/1220 1450/2043/1150 1522/2005/1119 1692/2137/1119
f 1693/2138/1222 1558/2139/1223 1459/2110/1203 1547/2109/1202
f 1557/2135/1220 1558/2139/1223 1693/2138/1222 1691/2136/1221
f 1549/2113/1119 1459/2110/1203 1558/2139/1223 1694/2116/1119
f 1560/2140/1224 1698/2141/1225 1696/2133/1218 1559/2142/1226
f 1695/2143/1227 1559/2144/1226 1451/2056/1160 1526/2055/1159
f 1691/2136/1221 1695/2143/1227 1526/2055/1159 1521/2044/1151
f 1528/2132/1161 1451/2145/1160 1559/2142/1226 1696/2133/1218
f 1560/2146/1224 1559/2144/1226 1695/2143/1227 1697/2147/1228
f 1691/2136/1221 1693/2138/1222 1697/2147/1228 1695/2143/1227
f 1547/2109/1202 1552/2126/1215 1697/2147/1228 1693/2138/1222
f 1557/2135/1220 1692/2137/1119 1694/2116/1119 1558/2139/1223
f 1552/2126/1215 1460/2125/1214 1560/2146/1224 1697/2147/1228
f 1560/2140/1224 1460/2127/1214 1553/2106/1199 1698/2141/1225
f 1555/2148/1229 1556/2134/1219 1696/2133/1218 1698/2141/1225
f 1555/2148/1229 1698/2141/1225 1553/2106/1199 1458/2105/1198
f 1722/2149/1119 1723/2150/1119 1587/2151/1119 1477/2152/1119 1578/2153/1119
f 1573/2154/1119 1703/2155/1119 1562/2156/1119 1478/2157/1230
f 1564/2158/1119 1699/2159/1119 1563/2160/1119 1479/2161/1119
f 1563/2160/1119 1699/2159/1119 1700/2162/1119 1566/2163/1119
f 1700/2162/1119 1565/2164/1119 1480/2165/1119 1566/2163/1119
f 1481/2166/1119 1567/2167/1119 1701/2168/1119 1569/2169/1119
f 1720/2170/1119 1716/2171/1119 1569/2169/1119 1482/2172/1119 1576/2173/1119
f 1568/2174/1119 1701/2168/1119 1702/2175/1119 1571/2176/1119
f 1569/2169/1119 1701/2168/1119 1568/2174/1119 1482/2172/1119
s 0
f 1596/2177/1231 1591/2178/1231 1715/2179/1231 1718/2180/1231
s 1
f 1484/2181/1119 1570/2182/1119 1702/2175/1119 1572/2183/1119
f 1570/2182/1119 1483/2184/1119 1571/2176/1119 1702/2175/1119
f 1479/2161/1119 1563/2160/1119 1703/2155/1119 1573/2154/1119
f 1703/2155/1119 1704/2185/1119 1561/2186/1119 1562/2156/1119
f 1719/2187/1119 1575/2188/1119 1478/2157/1230 1590/2189/1119 1726/2190/1230
f 1566/2163/1119 1480/2165/1119 1574/2191/1119 1704/2185/1119
f 1576/2173/1119 1564/2158/1119 1479/2161/1119 1485/2192/1119
f 1717/2193/1119 1721/2194/1119 1577/2195/1119 1483/2184/1119 1570/2182/1119
f 1578/2153/1119 1574/2191/1119 1480/2165/1119 1486/2196/1119
f 1477/2152/1119 1574/2191/1119 1578/2153/1119
f 1483/2184/1119 1577/2195/1119 1565/2164/1119
f 1478/2157/1230 1575/2188/1119 1573/2154/1119
f 1564/2158/1119 1576/2173/1119 1482/2172/1119
f 1705/2197/1231 1501/2198/1136 1443/2199/1137 1530/2200/1165
f 1501/2198/1136 1705/2197/1231 1708/2201/1231 1502/2202/1114
f 1706/2203/1231 1515/2204/1162 1449/2205/1163 1556/2206/1219
f 1515/2204/1162 1706/2203/1231 1707/2207/1231 1516/2208/1141
f 1707/2207/1231 1529/2209/1177 1452/2210/1138 1516/2208/1141
f 1529/2209/1177 1707/2207/1231 1705/2197/1231 1530/2200/1165
f 1708/2201/1231 1535/2211/1197 1446/2212/1111 1502/2202/1114
f 1535/2211/1197 1708/2201/1231 1709/2213/1231 1536/2214/1181
f 1709/2213/1231 1545/2215/1217 1455/2216/1178 1536/2214/1181
f 1545/2215/1217 1709/2213/1231 1710/2217/1231 1546/2218/1201
f 1706/2203/1231 1712/2219/1231 1580/2220/1231 1463/2221/1231 1464/2222/1231 1461/2223/1231 1462/2224/1231 1465/2225/1231 1466/2226/1231 1579/2227/1231 1711/2228/1231 1710/2217/1231 1709/2213/1231 1708/2201/1231 1705/2197/1231 1707/2207/1231
f 1555/2229/1229 1710/2217/1231 1711/2228/1231 1712/2219/1231 1706/2203/1231 1556/2206/1219
f 1710/2217/1231 1555/2229/1229 1458/2230/1198 1546/2218/1201
f 1712/2219/1231 1711/2228/1231 1579/2227/1231 1580/2220/1231
f 1461/2223/1231 1581/2231/1231 1582/2232/1231 1462/2224/1231
f 1582/2232/1231 1581/2231/1231 1467/2233/1232 1468/2234/1231
f 1463/2221/1231 1583/2235/1231 1584/2236/1231 1464/2222/1231
f 1584/2236/1231 1583/2235/1231 1469/2237/1231 1468/2234/1231
f 1464/2222/1231 1584/2236/1231 1581/2231/1231 1461/2223/1231
f 1581/2231/1231 1584/2236/1231 1468/2234/1231 1467/2233/1232
f 1462/2224/1231 1582/2232/1231 1585/2238/1231 1465/2225/1231
f 1585/2238/1231 1582/2232/1231 1468/2234/1231 1469/2237/1231
f 1465/2225/1231 1585/2238/1231 1586/2239/1231 1466/2226/1231
f 1586/2239/1231 1585/2238/1231 1469/2237/1231 1470/2240/1233
f 1580/2220/1231 1579/2227/1231 1466/2226/1231 1586/2239/1231 1583/2235/1231 1463/2221/1231
f 1583/2235/1231 1586/2239/1231 1470/2240/1233 1469/2237/1231
f 1561/2186/1119 1477/2152/1119 1587/2151/1119 1713/2241/1119
f 1713/2241/1119 1587/2151/1119 1487/2242/1119 1588/2243/1119
f 1588/2243/1119 1589/2244/1119 1714/2245/1119 1713/2241/1119
f 1724/2246/1119 1725/2247/1119 1589/2244/1119 1588/2243/1119
f 1565/2164/1119 1700/2162/1119 1571/2176/1119 1483/2184/1119
f 1478/2157/1230 1562/2156/1119 1714/2245/1119 1590/2189/1119
f 1590/2189/1119 1714/2245/1119 1589/2244/1119 1488/2248/1119
f 1568/2174/1119 1571/2176/1119 1700/2162/1119 1699/2159/1119
f 1568/2174/1119 1699/2159/1119 1564/2158/1119 1482/2172/1119
f 1471/2249/1234 1591/2250/1235 1715/2251/1119 1592/2252/1119
s 0
f 1567/2167/1231 1572/2183/1231 1718/2253/1231 1715/2251/1231
s 1
f 1592/2252/1119 1715/2251/1119 1567/2167/1119 1481/2166/1119
f 1593/2254/1236 1471/2249/1234 1592/2252/1119 1716/2171/1119
f 1716/2171/1119 1592/2252/1119 1481/2166/1119 1569/2169/1119
f 1701/2168/1119 1567/2167/1119 1572/2183/1119 1702/2175/1119
f 1472/2255/1237 1594/2256/1238 1717/2193/1119 1595/2257/1119
f 1594/2256/1238 1600/2258/1239 1721/2194/1119 1717/2193/1119
f 1703/2155/1119 1563/2160/1119 1566/2163/1119 1704/2185/1119
f 1595/2257/1119 1717/2193/1119 1570/2182/1119 1484/2181/1119
f 1596/2259/1240 1472/2255/1237 1595/2257/1119 1718/2253/1119
f 1718/2253/1119 1595/2257/1119 1484/2181/1119 1572/2183/1119
f 1597/2260/1241 1473/2261/1242 1598/2262/1119 1719/2187/1119
f 1719/2187/1119 1598/2262/1119 1485/2192/1119 1575/2188/1119
f 1485/2192/1119 1479/2161/1119 1573/2154/1119 1575/2188/1119
f 1473/2261/1242 1599/2263/1243 1720/2170/1119 1598/2262/1119
f 1599/2263/1243 1593/2254/1236 1716/2171/1119 1720/2170/1119
f 1598/2262/1119 1720/2170/1119 1576/2173/1119 1485/2192/1119
f 1600/2258/1239 1474/2264/1244 1601/2265/1119 1721/2194/1119
f 1721/2194/1119 1601/2265/1119 1486/2196/1119 1577/2195/1119
f 1486/2196/1119 1480/2165/1119 1565/2164/1119 1577/2195/1119
f 1474/2264/1244 1602/2266/1245 1722/2149/1119 1601/2265/1119
f 1602/2266/1245 1603/2267/1246 1723/2150/1119 1722/2149/1119
f 1601/2265/1119 1722/2149/1119 1578/2153/1119 1486/2196/1119
f 1704/2185/1119 1574/2191/1119 1477/2152/1119 1561/2186/1119
f 1608/2268/1247 1597/2260/1241 1719/2187/1119 1726/2190/1230
f 1603/2267/1246 1475/2269/1248 1604/2270/1119 1723/2150/1119
f 1723/2150/1119 1604/2270/1119 1487/2242/1119 1587/2151/1119
f 1475/2269/1248 1605/2271/1249 1724/2246/1119 1604/2270/1119
f 1605/2271/1249 1606/2272/1250 1725/2247/1119 1724/2246/1119
f 1604/2270/1119 1724/2246/1119 1588/2243/1119 1487/2242/1119
f 1654/2011/1119 1739/2273/1251 1628/2274/1252 1508/2010/1119
f 1713/2241/1119 1714/2245/1119 1562/2156/1119 1561/2186/1119
f 1606/2272/1250 1476/2275/1253 1607/2276/1119 1725/2247/1119
f 1725/2247/1119 1607/2276/1119 1488/2248/1119 1589/2244/1119
f 1476/2275/1253 1608/2268/1247 1726/2190/1230 1607/2276/1119
f 1607/2276/1119 1726/2190/1230 1590/2189/1119 1488/2248/1119
f 1627/2277/1254 1632/2278/1255 1744/2279/1256 1740/2280/1257
f 1634/2281/1258 1639/2282/1259 1750/2283/1260 1746/2284/1261
f 1641/2285/1262 1630/2286/1263 1742/2287/1264 1751/2288/1265
f 1628/2274/1252 1741/2289/1266 1668/2065/1119 1508/2010/1119
f 1642/2290/1267 1644/2291/1268 1756/2292/1269 1753/2293/1270
f 1646/2294/1271 1648/2295/1272 1760/2296/1273 1757/2297/1274
f 1650/2298/1275 1637/2299/1276 1748/2300/1277 1761/2301/1278
f 1635/2004/1121 1747/2302/1279 1692/2137/1119 1522/2005/1119
f 1494/2303/1280 1609/2304/1281 1727/2305/1282 1610/2306/1280
f 1609/2304/1281 1614/2307/1283 1730/2308/1284 1727/2305/1282
f 1610/2306/1280 1727/2305/1282 1591/2309/1235 1471/2310/1234
f 1611/2311/1285 1494/2303/1280 1610/2306/1280 1728/2312/1285
f 1728/2312/1285 1610/2306/1280 1471/2310/1234 1593/2313/1236
f 1732/2314/1286 1728/2312/1285 1593/2313/1236 1599/2315/1243
f 1727/2305/1282 1730/2308/1284 1596/2316/1240 1591/2309/1235
f 1496/2317/1287 1612/2318/1288 1729/2319/1288 1613/2320/1289
f 1612/2318/1288 1618/2321/1264 1733/2322/1264 1729/2319/1288
f 1613/2320/1289 1729/2319/1288 1594/2323/1238 1472/2324/1237
f 1614/2307/1283 1496/2317/1287 1613/2320/1289 1730/2308/1284
f 1730/2308/1284 1613/2320/1289 1472/2324/1237 1596/2316/1240
f 1615/2325/1290 1500/2326/1291 1616/2327/1291 1731/2328/1290
f 1731/2328/1290 1616/2327/1291 1473/2329/1242 1597/2330/1241
f 1738/2331/1274 1731/2328/1290 1597/2330/1241 1608/2332/1247
f 1500/2333/1291 1617/2334/1278 1732/2314/1286 1616/2335/1291
f 1617/2334/1278 1611/2311/1285 1728/2312/1285 1732/2314/1286
f 1616/2335/1291 1732/2314/1286 1599/2315/1243 1473/2336/1242
f 1618/2321/1264 1490/2337/1292 1619/2338/1292 1733/2322/1264
f 1733/2322/1264 1619/2338/1292 1474/2339/1244 1600/2340/1239
f 1729/2319/1288 1733/2322/1264 1600/2340/1239 1594/2323/1238
f 1490/2337/1292 1620/2341/1293 1734/2342/1293 1619/2338/1292
f 1620/2341/1293 1621/2343/1294 1735/2344/1295 1734/2342/1293
f 1619/2338/1292 1734/2342/1293 1602/2345/1245 1474/2339/1244
f 1734/2342/1293 1735/2344/1295 1603/2346/1246 1602/2345/1245
f 1626/2347/1274 1615/2325/1290 1731/2328/1290 1738/2331/1274
f 1621/2343/1294 1492/2348/1296 1622/2349/1296 1735/2344/1295
f 1735/2344/1295 1622/2349/1296 1475/2350/1248 1603/2346/1246
f 1492/2348/1296 1623/2351/1270 1736/2352/1297 1622/2349/1296
f 1623/2351/1270 1624/2353/1298 1737/2354/1299 1736/2352/1297
f 1622/2349/1296 1736/2352/1297 1605/2355/1249 1475/2350/1248
f 1736/2352/1297 1737/2354/1299 1606/2356/1250 1605/2355/1249
f 1624/2353/1298 1498/2357/1300 1625/2358/1300 1737/2354/1299
f 1737/2354/1299 1625/2358/1300 1476/2359/1253 1606/2356/1250
f 1498/2357/1300 1626/2347/1274 1738/2331/1274 1625/2358/1300
f 1625/2358/1300 1738/2331/1274 1608/2332/1247 1476/2359/1253
f 1739/2273/1251 1627/2360/1254 1489/2361/1301 1628/2274/1252
f 1740/2280/1257 1744/2279/1256 1621/2343/1294 1620/2341/1293
f 1740/2280/1257 1620/2341/1293 1490/2337/1292 1629/2362/1292
f 1627/2277/1254 1740/2280/1257 1629/2362/1292 1489/2363/1301
f 1628/2274/1252 1489/2361/1301 1630/2364/1263 1741/2289/1266
f 1489/2363/1301 1629/2362/1292 1742/2287/1264 1630/2286/1263
f 1629/2362/1292 1490/2337/1292 1618/2321/1264 1742/2287/1264
f 1752/2040/1147 1741/2289/1266 1630/2364/1263 1641/2365/1262
f 1631/2066/1168 1491/2366/1302 1632/2367/1255 1743/2368/1303
f 1631/2066/1168 1743/2368/1303 1652/2001/1119 1505/2000/1119
f 1491/2369/1302 1633/2370/1296 1744/2279/1256 1632/2278/1255
f 1633/2370/1296 1492/2348/1296 1621/2343/1294 1744/2279/1256
f 1739/2273/1251 1743/2368/1303 1632/2367/1255 1627/2360/1254
f 1739/2273/1251 1654/2011/1119 1652/2001/1119 1743/2368/1303
f 1745/2003/1120 1634/2371/1258 1493/2372/1304 1635/2004/1121
f 1746/2284/1261 1750/2283/1260 1614/2307/1283 1609/2304/1281
f 1746/2284/1261 1609/2304/1281 1494/2303/1280 1636/2373/1280
f 1634/2281/1258 1746/2284/1261 1636/2373/1280 1493/2374/1304
f 1635/2004/1121 1493/2372/1304 1637/2375/1276 1747/2302/1279
f 1493/2374/1304 1636/2373/1280 1748/2300/1277 1637/2299/1276
f 1636/2373/1280 1494/2303/1280 1611/2311/1285 1748/2300/1277
f 1762/2117/1207 1747/2302/1279 1637/2375/1276 1650/2376/1275
f 1638/2038/1146 1495/2377/1305 1639/2378/1259 1749/2379/1306
f 1638/2038/1146 1749/2379/1306 1660/2037/1119 1519/2036/1119
f 1495/2380/1305 1640/2381/1289 1750/2283/1260 1639/2282/1259
f 1640/2381/1289 1496/2317/1287 1614/2307/1283 1750/2283/1260
f 1745/2003/1120 1749/2379/1306 1639/2378/1259 1634/2371/1258
f 1745/2003/1120 1662/2002/1119 1660/2037/1119 1749/2379/1306
f 1496/2317/1287 1640/2381/1289 1751/2288/1265 1612/2318/1288
f 1640/2381/1289 1495/2380/1305 1641/2285/1262 1751/2288/1265
f 1751/2288/1265 1742/2287/1264 1618/2321/1264 1612/2318/1288
f 1495/2377/1305 1638/2038/1146 1752/2040/1147 1641/2365/1262
f 1752/2040/1147 1670/2039/1119 1668/2065/1119 1741/2289/1266
f 1492/2348/1296 1633/2370/1296 1753/2293/1270 1623/2351/1270
f 1633/2370/1296 1491/2369/1302 1642/2290/1267 1753/2293/1270
f 1753/2293/1270 1756/2292/1269 1624/2353/1298 1623/2351/1270
f 1491/2366/1302 1631/2066/1168 1754/2068/1169 1642/2382/1267
f 1643/2089/1186 1497/2383/1307 1644/2384/1268 1755/2385/1308
f 1643/2089/1186 1755/2385/1308 1676/2088/1119 1539/2087/1119
f 1497/2386/1307 1645/2387/1300 1756/2292/1269 1644/2291/1268
f 1645/2387/1300 1498/2357/1300 1624/2353/1298 1756/2292/1269
f 1754/2068/1169 1755/2385/1308 1644/2384/1268 1642/2382/1267
f 1754/2068/1169 1678/2067/1119 1676/2088/1119 1755/2385/1308
f 1498/2357/1300 1645/2387/1300 1757/2297/1274 1626/2347/1274
f 1645/2387/1300 1497/2386/1307 1646/2294/1271 1757/2297/1274
f 1757/2297/1274 1760/2296/1273 1615/2325/1290 1626/2347/1274
f 1497/2383/1307 1643/2089/1186 1758/2091/1187 1646/2388/1271
f 1647/2115/1206 1499/2389/1309 1648/2390/1272 1759/2391/1310
f 1647/2115/1206 1759/2391/1310 1684/2114/1119 1549/2113/1119
f 1499/2392/1309 1649/2393/1291 1760/2296/1273 1648/2295/1272
f 1649/2393/1291 1500/2326/1291 1615/2325/1290 1760/2296/1273
f 1758/2091/1187 1759/2391/1310 1648/2390/1272 1646/2388/1271
f 1758/2091/1187 1686/2090/1119 1684/2114/1119 1759/2391/1310
f 1500/2333/1291 1649/2394/1291 1761/2301/1278 1617/2334/1278
f 1649/2394/1291 1499/2395/1309 1650/2298/1275 1761/2301/1278
f 1761/2301/1278 1748/2300/1277 1611/2311/1285 1617/2334/1278
f 1499/2389/1309 1647/2115/1206 1762/2117/1207 1650/2376/1275
f 1762/2117/1207 1694/2116/1119 1692/2137/1119 1747/2302/1279
f 1591/2396/1311 1596/2397/1312 1718/2398/1119 1572/2399/1119 1567/2400/1119 1715/2401/1119
l 1763 1764
l 1765 1766
l 1767 1768
